;FLAVOR:Marlin
;TIME:3193
;Filament used: 3.22396m
;Layer height: 0.2
;MINX:6.484
;MINY:18.801
;MINZ:0.2
;MAXX:49.227
;MAXY:113.264
;MAXZ:9.6
;TARGET_MACHINE.NAME:Creality Ender-3
;Generated with Cura_SteamEngine 5.7.0
M140 S50
M105
M190 S50
M104 S200
M105
M109 S200
M82 ;absolute extrusion mode
; Ender 3 Custom Start G-code
G92 E0 ; Reset Extruder
G28 ; Home all axes
G1 Z2.0 F3000 ; Move Z Axis up little to prevent scratching of Heat Bed
G1 X0.1 Y20 Z0.3 F5000.0 ; Move to start position
G1 X0.1 Y200.0 Z0.3 F1500.0 E15 ; Draw the first line
G1 X0.4 Y200.0 Z0.3 F5000.0 ; Move to side a little
G1 X0.4 Y20 Z0.3 F1500.0 E30 ; Draw the second line
G92 E0 ; Reset Extruder
G1 Z2.0 F3000 ; Move Z Axis up little to prevent scratching of Heat Bed
G1 X5 Y20 Z0.3 F5000.0 ; Move over to prevent blob squish
G92 E0
G92 E0
G1 F2700 E-5
;LAYER_COUNT:48
;LAYER:0
M107
;MESH:Sperrklinke
G0 F6000 X30.681 Y83.882 Z0.2
;TYPE:WALL-INNER
G1 F2700 E0
G1 F1200 X29.785 Y84.354 E0.03368
G1 X28.811 Y84.677 E0.06781
G1 X27.799 Y84.844 E0.10193
G1 X26.755 Y84.844 E0.13665
G1 X25.738 Y84.681 E0.17091
G1 X24.77 Y84.353 E0.2049
G1 X23.866 Y83.881 E0.23882
G1 X23.034 Y83.266 E0.27323
G1 X22.309 Y82.511 E0.30805
G1 X21.725 Y81.657 E0.34246
G1 X21.284 Y80.732 E0.37654
G1 X20.999 Y79.742 E0.41081
G1 X20.872 Y78.717 E0.44516
G1 X20.918 Y77.686 E0.47948
G1 X21.117 Y76.687 E0.51336
G1 X21.484 Y75.718 E0.54783
G1 X21.999 Y74.826 E0.58208
G1 X22.655 Y74.022 E0.6166
G1 X23.422 Y73.342 E0.65069
G1 X24.294 Y72.79 E0.68502
G1 X25.246 Y72.383 E0.71945
G1 X26.24 Y72.142 E0.75347
G1 X27.271 Y72.054 E0.78789
G1 X28.303 Y72.146 E0.82235
G1 X29.292 Y72.381 E0.85616
G1 X30.248 Y72.787 E0.8907
G1 X31.122 Y73.342 E0.92514
G1 X31.892 Y74.026 E0.95939
G1 X32.541 Y74.822 E0.99355
G1 X33.055 Y75.711 E1.02771
G1 X33.426 Y76.683 E1.06231
G1 X33.632 Y77.683 E1.09627
G1 X33.672 Y78.722 E1.13085
G1 X33.539 Y79.772 E1.16605
G1 X33.256 Y80.745 E1.19976
G1 X32.817 Y81.663 E1.2336
G1 X32.235 Y82.51 E1.26778
G1 X31.524 Y83.257 E1.30208
G1 X30.681 Y83.882 E1.33699
G0 F6000 X30.469 Y83.541
G1 F1200 X29.634 Y83.982 E1.36839
G1 X28.722 Y84.286 E1.40037
G1 X27.764 Y84.444 E1.43266
G1 X26.788 Y84.444 E1.46512
G1 X25.836 Y84.291 E1.49719
G1 X24.924 Y83.984 E1.5292
G1 X24.076 Y83.539 E1.56105
G1 X23.302 Y82.968 E1.59304
G1 X22.62 Y82.257 E1.62581
G1 X22.075 Y81.462 E1.65787
G1 X21.663 Y80.601 E1.68962
G1 X21.392 Y79.664 E1.72206
G1 X21.273 Y78.7 E1.75436
G1 X21.324 Y77.692 E1.78793
G1 X21.502 Y76.799 E1.81822
G1 X21.848 Y75.887 E1.85066
G1 X22.331 Y75.052 E1.88275
G1 X22.944 Y74.3 E1.91501
G1 X23.661 Y73.665 E1.94687
G1 X24.48 Y73.146 E1.97912
G1 X25.372 Y72.764 E2.01139
G1 X26.31 Y72.537 E2.04349
G1 X27.262 Y72.456 E2.07527
G1 X28.235 Y72.537 E2.10774
G1 X29.167 Y72.763 E2.13964
G1 X30.064 Y73.143 E2.17204
G1 X30.879 Y73.661 E2.20416
G1 X31.599 Y74.3 E2.23618
G1 X32.211 Y75.048 E2.26832
G1 X32.693 Y75.883 E2.30039
G1 X33.04 Y76.794 E2.33281
G1 X33.233 Y77.726 E2.36447
G1 X33.271 Y78.701 E2.39692
G1 X33.148 Y79.683 E2.42984
G1 X32.892 Y80.565 E2.46039
G1 X32.468 Y81.464 E2.49345
G1 X31.925 Y82.255 E2.52536
G1 X31.261 Y82.953 E2.5574
G1 X30.469 Y83.541 E2.59021
G0 F6000 X30.221 Y83.219
G1 F1200 X29.473 Y83.614 E2.61834
G1 X28.629 Y83.896 E2.64794
G1 X27.729 Y84.044 E2.67827
G1 X26.82 Y84.044 E2.70851
G1 X25.931 Y83.901 E2.73846
G1 X25.077 Y83.615 E2.76841
G1 X24.251 Y83.171 E2.7996
G1 X23.563 Y82.663 E2.82805
G1 X22.935 Y82.008 E2.85823
G1 X22.422 Y81.26 E2.88839
G1 X22.037 Y80.454 E2.9181
G1 X21.786 Y79.585 E2.94819
G1 X21.674 Y78.683 E2.97842
G1 X21.719 Y77.756 E3.00929
G1 X21.901 Y76.875 E3.03921
G1 X22.213 Y76.055 E3.06839
G1 X22.661 Y75.279 E3.09819
G1 X23.23 Y74.581 E3.12814
G1 X23.903 Y73.985 E3.15804
G1 X24.665 Y73.502 E3.18805
G1 X25.503 Y73.143 E3.21837
G1 X26.326 Y72.944 E3.24653
G1 X27.261 Y72.857 E3.27777
G1 X28.174 Y72.935 E3.30824
G1 X29.005 Y73.135 E3.33667
G1 X29.873 Y73.497 E3.36795
G1 X30.639 Y73.983 E3.39812
G1 X31.314 Y74.581 E3.42812
G1 X31.883 Y75.279 E3.45807
G1 X32.33 Y76.053 E3.4878
G1 X32.654 Y76.904 E3.51808
G1 X32.834 Y77.775 E3.54767
G1 X32.87 Y78.68 E3.57779
G1 X32.758 Y79.594 E3.60842
G1 X32.515 Y80.432 E3.63744
G1 X32.138 Y81.227 E3.6667
G1 X31.613 Y82.002 E3.69784
G1 X30.99 Y82.656 E3.72788
G1 X30.221 Y83.219 E3.75958
G1 F2700 E-1.24042
G0 F6000 X30.36 Y83.486
G0 X28.981 Y84.811
G0 X32.62 Y86.619
G0 X22.894 Y106.524
G0 X18.924 Y105.467
G0 X18.018 Y108.855
G0 X21.315 Y109.756
G0 X20.187 Y112.064
G1 F2700 E3.75958
G1 F1200 X21.076 Y110.27 E3.82617
G1 X18.668 Y109.629 E3.90905
G1 X18.308 Y109.478 E3.92203
G1 X18.023 Y109.252 E3.93413
G1 X17.824 Y108.992 E3.94502
G1 X17.703 Y108.729 E3.95465
G1 X17.618 Y108.384 E3.96647
G1 X17.648 Y108.015 E3.97878
G1 X18.187 Y105.999 E4.04819
G1 X18.393 Y105.633 E4.06216
G1 X18.634 Y105.385 E4.07366
G1 X18.97 Y105.176 E4.08682
G1 X19.321 Y105.092 E4.09883
G1 X19.572 Y105.081 E4.10718
G1 X19.873 Y105.128 E4.11731
G1 X23.188 Y106.021 E4.2315
G1 X34.974 Y82.286 E5.1129
G1 X35.251 Y81.67 E5.13537
G1 X35.478 Y81.027 E5.15805
G1 X35.661 Y80.344 E5.18156
G1 X47.881 Y26.872 E7.0059
G1 X48.003 Y26.114 E7.03144
G1 X48.025 Y25.372 E7.05613
G1 X47.945 Y24.639 E7.08065
G1 X47.775 Y23.924 E7.10509
G1 X47.511 Y23.239 E7.12951
G1 X47.156 Y22.59 E7.15412
G1 X46.713 Y21.987 E7.179
G1 X46.212 Y21.463 E7.20311
G1 X45.629 Y20.995 E7.22798
G1 X45.005 Y20.62 E7.25219
G1 X44.334 Y20.329 E7.27652
G1 X43.607 Y20.12 E7.30168
G1 X42.893 Y20.015 E7.32568
G1 X42.151 Y20.002 E7.35036
G1 X41.419 Y20.088 E7.37488
G1 X40.697 Y20.271 E7.39965
G1 X40.023 Y20.539 E7.42378
G1 X39.371 Y20.904 E7.44863
G1 X38.788 Y21.343 E7.4729
G1 X38.259 Y21.863 E7.49757
G1 X37.804 Y22.447 E7.5222
G1 X37.429 Y23.08 E7.54667
G1 X37.132 Y23.784 E7.57208
G1 X7.684 Y108.7 E10.56141
G1 X7.684 Y112.064 E10.6733
G1 X20.187 Y112.064 E11.08915
G0 F6000 X20.435 Y112.464
G1 F1200 X21.652 Y110.009 E11.18028
G1 X18.771 Y109.243 E11.27944
G1 X18.513 Y109.134 E11.28875
G1 X18.31 Y108.973 E11.29737
G1 X18.168 Y108.788 E11.30513
G1 X18.039 Y108.425 E11.31794
G1 X18.04 Y108.116 E11.32822
G1 X18.562 Y106.14 E11.39619
G1 X18.711 Y105.875 E11.4063
G1 X18.884 Y105.698 E11.41454
G1 X19.18 Y105.535 E11.42578
G1 X19.612 Y105.472 E11.4403
G1 X23.4 Y106.493 E11.57078
G1 X35.339 Y82.45 E12.46362
G1 X35.622 Y81.819 E12.48662
G1 X35.86 Y81.146 E12.51036
G1 X36.045 Y80.462 E12.53393
G1 X48.273 Y26.948 E14.35969
G1 X48.402 Y26.152 E14.38651
G1 X48.426 Y25.356 E14.413
G1 X48.34 Y24.571 E14.43926
G1 X48.158 Y23.806 E14.46542
G1 X47.874 Y23.07 E14.49165
G1 X47.494 Y22.375 E14.518
G1 X47.02 Y21.729 E14.54465
G1 X46.483 Y21.167 E14.5705
G1 X45.858 Y20.667 E14.59712
G1 X45.189 Y20.264 E14.6231
G1 X44.469 Y19.952 E14.6492
G1 X43.691 Y19.728 E14.67613
G1 X42.926 Y19.615 E14.70185
G1 X42.131 Y19.602 E14.72829
G1 X41.347 Y19.694 E14.75455
G1 X40.574 Y19.89 E14.78107
G1 X39.851 Y20.177 E14.80694
G1 X39.152 Y20.568 E14.83358
G1 X38.527 Y21.04 E14.85963
G1 X37.96 Y21.596 E14.88604
G1 X37.472 Y22.221 E14.91242
G1 X37.071 Y22.9 E14.93865
G1 X36.758 Y23.64 E14.96537
G1 X7.284 Y108.633 E17.9574
G1 X7.284 Y112.464 E18.08482
G1 X20.435 Y112.464 E18.52222
G0 F6000 X20.683 Y112.864
G1 F1200 X22.228 Y109.748 E18.6379
G1 X18.752 Y108.824 E18.75753
G1 X18.512 Y108.583 E18.76884
G1 X18.434 Y108.366 E18.77651
G1 X18.435 Y108.18 E18.7827
G1 X18.941 Y106.283 E18.848
G1 X19.079 Y106.06 E18.85672
G1 X19.37 Y105.895 E18.86785
G1 X19.596 Y105.886 E18.87537
G1 X23.613 Y106.964 E19.0137
G1 X35.689 Y82.647 E19.91673
G1 X35.994 Y81.968 E19.94149
G1 X36.242 Y81.265 E19.96628
G1 X36.433 Y80.558 E19.99064
G1 X48.666 Y27.025 E21.81705
G1 X48.801 Y26.19 E21.84518
G1 X48.826 Y25.34 E21.87347
G1 X48.735 Y24.503 E21.90147
G1 X48.541 Y23.687 E21.92937
G1 X48.238 Y22.902 E21.95735
G1 X47.832 Y22.159 E21.98551
G1 X47.327 Y21.471 E22.0139
G1 X46.753 Y20.872 E22.04149
G1 X46.087 Y20.338 E22.06989
G1 X45.372 Y19.907 E22.09765
G1 X44.604 Y19.574 E22.12549
G1 X43.776 Y19.336 E22.15415
G1 X42.958 Y19.216 E22.18165
G1 X42.111 Y19.201 E22.20982
G1 X41.274 Y19.3 E22.23786
G1 X40.45 Y19.508 E22.26612
G1 X39.679 Y19.815 E22.29372
G1 X38.933 Y20.232 E22.32215
G1 X38.265 Y20.736 E22.34998
G1 X37.661 Y21.329 E22.37813
G1 X37.141 Y21.995 E22.40624
G1 X36.713 Y22.719 E22.43421
G1 X36.385 Y23.496 E22.46226
G1 X6.884 Y108.566 E25.45701
G1 X6.884 Y112.864 E25.59996
G1 X20.683 Y112.864 E26.05892
G0 F6000 X20.931 Y113.264
;TYPE:WALL-OUTER
G1 F1200 X22.804 Y109.487 E26.19914
G1 X18.976 Y108.47 E26.33087
G1 X18.884 Y108.416 E26.33442
G1 X18.825 Y108.256 E26.34009
G1 X19.323 Y106.394 E26.4042
G1 X19.422 Y106.299 E26.40876
G1 X19.561 Y106.286 E26.41341
G1 X23.825 Y107.436 E26.5603
G1 X36.051 Y82.818 E27.47451
G1 X36.366 Y82.117 E27.50007
G1 X36.624 Y81.384 E27.52592
G1 X36.821 Y80.655 E27.55103
G1 X49.059 Y27.101 E29.37816
G1 X49.2 Y26.228 E29.40757
G1 X49.227 Y25.324 E29.43765
G1 X49.13 Y24.435 E29.4674
G1 X48.924 Y23.568 E29.49704
G1 X48.602 Y22.733 E29.5268
G1 X48.17 Y21.944 E29.55672
G1 X47.634 Y21.213 E29.58687
G1 X47.024 Y20.576 E29.6162
G1 X46.317 Y20.009 E29.64635
G1 X45.556 Y19.551 E29.67589
G1 X44.74 Y19.197 E29.70547
G1 X43.861 Y18.944 E29.7359
G1 X42.991 Y18.816 E29.76514
G1 X42.091 Y18.801 E29.79508
G1 X41.201 Y18.906 E29.82489
G1 X40.326 Y19.127 E29.8549
G1 X39.507 Y19.453 E29.88422
G1 X38.714 Y19.896 E29.91444
G1 X38.003 Y20.432 E29.94405
G1 X37.362 Y21.062 E29.97394
G1 X36.81 Y21.769 E30.00378
G1 X36.355 Y22.539 E30.03352
G1 X36.011 Y23.352 E30.06289
G1 X6.484 Y108.498 E33.0603
G1 X6.484 Y113.264 E33.21882
G1 X20.931 Y113.264 E33.69933
G1 F2700 E28.69933
G0 F6000 X20.508 Y112.58
G0 X21.366 Y109.769
G0 X18.018 Y108.855
G0 X18.924 Y105.467
G0 X22.858 Y106.515
G0 X33.474 Y84.899
G0 X31.739 Y83.294
G0 X30.48 Y83.411
G0 X30.06 Y82.849
G1 F2700 E33.69933
G1 F1200 X29.3 Y83.25 E33.72791
G1 X28.513 Y83.51 E33.75548
G1 X27.713 Y83.642 E33.78244
G1 X26.84 Y83.642 E33.81148
G1 X26.012 Y83.506 E33.83939
G1 X25.231 Y83.245 E33.86678
G1 X24.514 Y82.865 E33.89377
G1 X23.819 Y82.351 E33.92252
G1 X23.235 Y81.738 E33.95068
G1 X22.763 Y81.047 E33.97851
G1 X22.407 Y80.296 E34.00615
G1 X22.177 Y79.489 E34.03406
G1 X22.077 Y78.685 E34.06101
G1 X22.115 Y77.812 E34.09007
G1 X22.271 Y77.032 E34.11653
G1 X22.582 Y76.215 E34.14561
G1 X23 Y75.497 E34.17324
G1 X23.512 Y74.869 E34.20019
G1 X24.161 Y74.295 E34.22901
G1 X24.865 Y73.852 E34.25667
G1 X25.644 Y73.521 E34.28482
G1 X26.45 Y73.328 E34.31239
G1 X27.281 Y73.26 E34.34012
G1 X28.109 Y73.33 E34.36776
G1 X28.917 Y73.526 E34.39541
G1 X29.675 Y73.847 E34.42279
G1 X30.409 Y74.314 E34.45172
G1 X31.032 Y74.869 E34.47948
G1 X31.562 Y75.523 E34.50747
G1 X31.962 Y76.215 E34.53406
G1 X32.264 Y77.005 E34.56219
G1 X32.436 Y77.84 E34.59054
G1 X32.467 Y78.68 E34.6185
G1 X32.365 Y79.516 E34.64651
G1 X32.137 Y80.299 E34.67364
G1 X31.78 Y81.049 E34.70126
G1 X31.309 Y81.738 E34.72902
G1 X30.712 Y82.365 E34.75782
G1 X30.06 Y82.849 E34.78483
G1 F2700 E29.78483
G0 F6000 X30.48 Y83.411
G0 X28.981 Y84.811
G0 X32.62 Y86.619
G0 X22.816 Y106.503
G0 X18.924 Y105.467
G0 X18.018 Y108.855
G0 X21.224 Y109.733
G0 X20.195 Y111.819
G0 X19.963 Y111.703
;TYPE:SKIN
G1 F2700 E34.78483
G1 F1200 X8.044 Y111.704 E35.18125
G1 X8.044 Y108.758 E35.27924
G1 X37.471 Y23.9 E38.26651
G1 X37.748 Y23.243 E38.29023
G1 X38.102 Y22.645 E38.31334
G1 X38.518 Y22.11 E38.33588
G1 X39.027 Y21.612 E38.35957
G1 X39.57 Y21.2 E38.38224
G1 X40.178 Y20.862 E38.40537
G1 X40.802 Y20.615 E38.4277
G1 X41.485 Y20.442 E38.45113
G1 X42.171 Y20.361 E38.4741
G1 X42.867 Y20.372 E38.49726
G1 X43.521 Y20.472 E38.51926
G1 X44.216 Y20.669 E38.54329
G1 X44.84 Y20.939 E38.5659
G1 X45.417 Y21.289 E38.58835
G1 X45.968 Y21.728 E38.61178
G1 X46.43 Y22.213 E38.63406
G1 X46.85 Y22.78 E38.65753
G1 X47.182 Y23.393 E38.68071
G1 X47.428 Y24.024 E38.70324
G1 X47.59 Y24.706 E38.72655
G1 X47.663 Y25.384 E38.74923
G1 X47.64 Y26.076 E38.77226
G1 X47.527 Y26.79 E38.79631
G1 X35.308 Y80.251 E40.62028
G1 X35.132 Y80.909 E40.64293
G1 X34.91 Y81.549 E40.66546
G1 X34.647 Y82.13 E40.68668
G1 X22.993 Y105.596 E41.55811
G1 X19.965 Y104.778 E41.66243
G1 X19.611 Y104.722 E41.67435
G1 X19.179 Y104.739 E41.68873
G1 X18.749 Y104.887 E41.70386
G1 X18.392 Y105.12 E41.71804
G1 X18.035 Y105.49 E41.73514
G1 X17.842 Y105.908 E41.75045
G1 X17.294 Y107.952 E41.82083
G1 X17.253 Y108.419 E41.83643
G1 X17.358 Y108.834 E41.85066
G1 X17.502 Y109.156 E41.8624
G1 X17.783 Y109.517 E41.87761
G1 X18.099 Y109.769 E41.89106
G1 X18.549 Y109.969 E41.90743
G1 X20.556 Y110.503 E41.97651
G1 X19.963 Y111.703 E42.02103
G1 F2700 E37.02103
G0 F6000 X20.195 Y111.819
G0 X21.224 Y109.732
G0 X18.018 Y108.855
G0 X18.924 Y105.467
G0 X22.817 Y106.504
G0 X33.307 Y85.235
G0 X31.534 Y83.474
G0 X30.743 Y83.961
G0 X30.865 Y84.19
G1 F2700 E42.02103
G1 F1200 X31.64 Y83.617 E42.05309
G1 X31.873 Y83.411 E42.06343
G1 X32.417 Y82.843 E42.08959
G1 X32.585 Y82.633 E42.09853
G1 X33.136 Y81.829 E42.13095
G1 X33.598 Y80.862 E42.1666
G1 X33.9 Y79.809 E42.20303
G1 X34.031 Y78.753 E42.23842
G1 X33.995 Y77.754 E42.27167
G1 X33.963 Y77.502 E42.28012
G1 X33.796 Y76.714 E42.30691
G1 X33.725 Y76.461 E42.31565
G1 X33.44 Y75.701 E42.34265
G1 X33.316 Y75.447 E42.35205
G1 X32.902 Y74.726 E42.3797
G1 X32.753 Y74.51 E42.38843
G1 X32.243 Y73.885 E42.41526
G1 X32.047 Y73.684 E42.4246
G1 X31.445 Y73.15 E42.45136
G1 X31.23 Y72.985 E42.46038
G1 X30.432 Y72.475 E42.49187
G1 X29.434 Y72.051 E42.52794
G1 X28.346 Y71.788 E42.56517
G1 X27.406 Y71.704 E42.59656
G1 X27.114 Y71.704 E42.60627
G1 X26.194 Y71.784 E42.63699
G1 X25.269 Y72.005 E42.66862
G1 X24.997 Y72.095 E42.67815
G1 X24.253 Y72.411 E42.70503
G1 X24.013 Y72.539 E42.71408
G1 X23.217 Y73.042 E42.7454
G1 X22.499 Y73.674 E42.77721
G1 X22.306 Y73.879 E42.78657
G1 X21.705 Y74.613 E42.81813
G1 X21.234 Y75.428 E42.84944
G1 X21.104 Y75.693 E42.85925
G1 X20.772 Y76.569 E42.89041
G1 X20.559 Y77.629 E42.92637
G1 X20.516 Y78.579 E42.958
G1 X20.528 Y78.869 E42.96765
G1 X20.641 Y79.793 E42.99862
G1 X20.903 Y80.723 E43.03075
G1 X21.007 Y80.995 E43.04044
G1 X21.403 Y81.823 E43.07096
G1 X21.938 Y82.609 E43.10259
G1 X22.116 Y82.83 E43.11203
G1 X22.692 Y83.427 E43.13962
G1 X22.898 Y83.613 E43.14885
G1 X23.687 Y84.194 E43.18144
G1 X24.607 Y84.674 E43.21595
G1 X25.515 Y84.986 E43.24789
G1 X25.815 Y85.055 E43.25812
G1 X26.552 Y85.174 E43.28295
G1 X26.856 Y85.204 E43.29311
G1 X27.692 Y85.204 E43.32092
G1 X27.948 Y85.184 E43.32946
G1 X28.894 Y85.026 E43.36136
G1 X29.788 Y84.73 E43.39268
G1 X30.044 Y84.62 E43.40195
G1 X30.865 Y84.19 E43.43277
G1 F2700 E38.43277
G0 F6000 X30.743 Y83.961
G0 X28.737 Y84.872
G0 X7.884 Y108.734
G0 X7.784 Y111.199
G0 X8.244 Y111.199
G1 F2700 E43.43277
G1 F1200 X8.549 Y111.504 E43.44712
G0 F6000 X9.115 Y111.504
G1 F1200 X8.244 Y110.633 E43.48809
G0 F6000 X8.244 Y110.068
G1 F1200 X9.68 Y111.504 E43.55564
G0 F6000 X10.246 Y111.504
G1 F1200 X8.244 Y109.502 E43.6498
G0 F6000 X8.244 Y108.936
G1 F1200 X10.812 Y111.504 E43.77059
G0 F6000 X11.377 Y111.504
G1 F1200 X8.352 Y108.479 E43.91288
G0 F6000 X8.498 Y108.059
G1 F1200 X11.943 Y111.504 E44.07492
G0 F6000 X12.509 Y111.504
G1 F1200 X8.644 Y107.639 E44.25672
G0 F6000 X8.789 Y107.219
G1 F1200 X13.074 Y111.504 E44.45827
G0 F6000 X13.64 Y111.504
G1 F1200 X8.935 Y106.799 E44.67958
G0 F6000 X9.081 Y106.379
G1 F1200 X14.205 Y111.503 E44.9206
G0 F6000 X14.771 Y111.503
G1 F1200 X9.226 Y105.959 E45.1814
G0 F6000 X9.372 Y105.539
G1 F1200 X15.336 Y111.503 E45.46192
G0 F6000 X15.902 Y111.503
G1 F1200 X9.518 Y105.118 E45.76223
G0 F6000 X9.663 Y104.698
G1 F1200 X16.468 Y111.503 E46.08232
G0 F6000 X17.033 Y111.503
G1 F1200 X9.809 Y104.278 E46.42214
G0 F6000 X9.955 Y103.858
G1 F1200 X17.599 Y111.503 E46.78171
G0 F6000 X18.165 Y111.503
G1 F1200 X10.1 Y103.438 E47.16106
G0 F6000 X10.246 Y103.018
G1 F1200 X18.731 Y111.503 E47.56017
G0 F6000 X19.296 Y111.503
G1 F1200 X10.392 Y102.598 E47.97901
G0 F6000 X10.537 Y102.178
G1 F1200 X17.138 Y108.779 E48.2895
G0 F6000 X17.077 Y108.152
G1 F1200 X10.683 Y101.758 E48.59026
G0 F6000 X10.829 Y101.338
G1 F1200 X17.163 Y107.673 E48.88821
G0 F6000 X17.283 Y107.227
G1 F1200 X10.974 Y100.918 E49.18497
G0 F6000 X11.12 Y100.498
G1 F1200 X17.403 Y106.781 E49.4805
G0 F6000 X17.522 Y106.335
G1 F1200 X11.266 Y100.078 E49.77479
G0 F6000 X11.411 Y99.658
G1 F1200 X17.642 Y105.889 E50.06788
G0 F6000 X17.814 Y105.495
G1 F1200 X11.557 Y99.238 E50.36219
G0 F6000 X11.703 Y98.818
G1 F1200 X18.061 Y105.176 E50.66125
G0 F6000 X18.352 Y104.902
G1 F1200 X11.848 Y98.398 E50.96717
G0 F6000 X11.994 Y97.978
G1 F1200 X18.707 Y104.691 E51.28293
G0 F6000 X19.129 Y104.547
G1 F1200 X12.14 Y97.558 E51.61167
G0 F6000 X12.285 Y97.138
G1 F1200 X19.677 Y104.529 E51.95935
G0 F6000 X20.402 Y104.689
G1 F1200 X12.431 Y96.718 E52.33428
G0 F6000 X12.577 Y96.298
G1 F1200 X21.176 Y104.898 E52.73877
G0 F6000 X21.951 Y105.107
G1 F1200 X12.722 Y95.878 E53.17288
G0 F6000 X12.868 Y95.458
G1 F1200 X22.726 Y105.316 E53.63657
G0 F6000 X23.036 Y105.061
G1 F1200 X13.014 Y95.038 E54.108
G0 F6000 X13.159 Y94.618
G1 F1200 X23.224 Y104.682 E54.5814
G0 F6000 X23.412 Y104.305
G1 F1200 X13.305 Y94.198 E55.0568
G0 F6000 X13.451 Y93.778
G1 F1200 X23.599 Y103.926 E55.53413
G0 F6000 X23.787 Y103.549
G1 F1200 X13.596 Y93.358 E56.01348
G0 F6000 X13.742 Y92.938
G1 F1200 X23.974 Y103.17 E56.49477
G0 F6000 X24.163 Y102.793
G1 F1200 X13.888 Y92.518 E56.97807
G0 F6000 X14.033 Y92.098
G1 F1200 X24.35 Y102.415 E57.46335
G0 F6000 X24.537 Y102.036
G1 F1200 X14.179 Y91.678 E57.95056
G0 F6000 X14.325 Y91.258
G1 F1200 X24.725 Y101.659 E58.43977
G0 F6000 X24.913 Y101.28
G1 F1200 X14.47 Y90.838 E58.93095
G0 F6000 X14.616 Y90.418
G1 F1200 X25.101 Y100.903 E59.42413
G0 F6000 X25.288 Y100.524
G1 F1200 X14.761 Y89.997 E59.91929
G0 F6000 X14.907 Y89.577
G1 F1200 X25.476 Y100.147 E60.41645
G0 F6000 X25.664 Y99.769
G1 F1200 X15.052 Y89.157 E60.9156
G0 F6000 X15.198 Y88.737
G1 F1200 X25.851 Y99.39 E61.41669
G0 F6000 X26.039 Y99.013
G1 F1200 X15.344 Y88.317 E61.91977
G0 F6000 X15.489 Y87.897
G1 F1200 X26.227 Y98.634 E62.42483
G0 F6000 X26.415 Y98.257
G1 F1200 X15.635 Y87.477 E62.93189
G0 F6000 X15.781 Y87.057
G1 F1200 X26.602 Y97.878 E63.44088
G0 F6000 X26.79 Y97.501
G1 F1200 X15.926 Y86.637 E63.95188
G0 F6000 X16.072 Y86.217
G1 F1200 X26.978 Y97.123 E64.46487
G0 F6000 X27.166 Y96.745
G1 F1200 X16.217 Y85.797 E64.97985
G0 F6000 X16.363 Y85.377
G1 F1200 X27.353 Y96.367 E65.49679
G0 F6000 X27.54 Y95.988
G1 F1200 X16.509 Y84.957 E66.01565
G0 F6000 X16.654 Y84.537
G1 F1200 X27.728 Y95.611 E66.53654
G0 F6000 X27.916 Y95.232
G1 F1200 X16.8 Y84.117 E67.05938
G0 F6000 X16.946 Y83.697
G1 F1200 X28.104 Y94.855 E67.58422
G0 F6000 X28.291 Y94.477
G1 F1200 X17.091 Y83.277 E68.11103
G0 F6000 X17.237 Y82.857
G1 F1200 X28.479 Y94.099 E68.63982
G0 F6000 X28.667 Y93.721
G1 F1200 X17.383 Y82.437 E69.17059
G0 F6000 X17.528 Y82.017
G1 F1200 X28.855 Y93.343 E69.70335
G0 F6000 X29.042 Y92.965
G1 F1200 X17.674 Y81.597 E70.23807
G0 F6000 X17.82 Y81.177
G1 F1200 X29.23 Y92.586 E70.77473
G0 F6000 X29.418 Y92.209
G1 F1200 X17.965 Y80.757 E71.31342
G0 F6000 X18.111 Y80.337
G1 F1200 X29.605 Y91.831 E71.85407
G0 F6000 X29.793 Y91.453
G1 F1200 X18.257 Y79.917 E72.39668
G0 F6000 X18.402 Y79.496
G1 F1200 X29.981 Y91.075 E72.94132
G0 F6000 X30.169 Y90.697
G1 F1200 X24.113 Y84.641 E73.22618
G0 F6000 X24.326 Y84.234
G0 X25.237 Y84.617
G0 X25.09 Y85.052
G1 F1200 X30.356 Y90.319 E73.4739
G0 F6000 X30.543 Y89.94
G1 F1200 X25.87 Y85.266 E73.69373
G0 F6000 X26.543 Y85.375
G1 F1200 X30.732 Y89.563 E73.89074
G0 F6000 X30.919 Y89.185
G1 F1200 X27.138 Y85.404 E74.06859
G0 F6000 X27.704 Y85.404
G1 F1200 X31.107 Y88.807 E74.22866
G0 F6000 X31.294 Y88.429
G1 F1200 X28.208 Y85.342 E74.37383
G0 F6000 X28.693 Y85.262
G1 F1200 X31.483 Y88.051 E74.50504
G0 F6000 X31.67 Y87.673
G1 F1200 X29.148 Y85.151 E74.62367
G0 F6000 X29.574 Y85.011
G1 F1200 X31.858 Y87.295 E74.7311
G0 F6000 X32.045 Y86.917
G1 F1200 X29.99 Y84.861 E74.82779
G0 F6000 X30.37 Y84.675
G1 F1200 X32.233 Y86.539 E74.91544
G0 F6000 X32.421 Y86.161
G1 F1200 X30.741 Y84.481 E74.99446
G0 F6000 X31.094 Y84.268
G1 F1200 X32.608 Y85.783 E75.0657
G0 F6000 X32.796 Y85.405
G1 F1200 X31.419 Y84.028 E75.13047
G0 F6000 X31.745 Y83.788
G1 F1200 X32.984 Y85.027 E75.18875
G0 F6000 X33.172 Y84.649
G1 F1200 X32.043 Y83.52 E75.24185
G0 F6000 X32.32 Y83.231
G1 F1200 X33.359 Y84.271 E75.29075
G0 F6000 X33.547 Y83.893
G1 F1200 X32.594 Y82.94 E75.33558
G0 F6000 X32.837 Y82.618
G1 F1200 X33.735 Y83.515 E75.37779
G0 F6000 X33.922 Y83.137
G1 F1200 X33.066 Y82.281 E75.41805
G0 F6000 X33.296 Y81.945
G1 F1200 X34.11 Y82.759 E75.45634
G0 F6000 X34.298 Y82.381
G1 F1200 X33.482 Y81.565 E75.49472
G0 F6000 X33.665 Y81.183
G1 F1200 X34.484 Y82.002 E75.53325
G0 F6000 X34.662 Y81.614
G1 F1200 X33.829 Y80.781 E75.57243
G0 F6000 X33.955 Y80.341
G1 F1200 X34.819 Y81.205 E75.61307
G0 F6000 X34.96 Y80.781
G1 F1200 X34.081 Y79.902 E75.65442
G0 F6000 X34.151 Y79.406
G1 F1200 X35.079 Y80.334 E75.69807
G0 F6000 X35.188 Y79.878
G1 F1200 X34.214 Y78.903 E75.7439
G0 F6000 X34.215 Y78.338
G1 F1200 X35.294 Y79.417 E75.79466
G0 F6000 X35.399 Y78.957
G1 F1200 X34.195 Y77.753 E75.85129
G0 F6000 X34.076 Y77.068
G1 F1200 X35.504 Y78.496 E75.91846
G0 F6000 X35.609 Y78.036
G1 F1200 X33.881 Y76.307 E75.99976
G0 F6000 X33.451 Y76.469
G0 X33.086 Y75.561
G0 X33.491 Y75.352
G1 F1200 X35.715 Y77.575 E76.10435
G0 F6000 X35.82 Y77.115
G1 F1200 X23.501 Y64.796 E76.6838
G0 F6000 X23.646 Y64.376
G1 F1200 X35.925 Y76.655 E77.26136
G0 F6000 X36.031 Y76.194
G1 F1200 X23.792 Y63.956 E77.83702
G0 F6000 X23.938 Y63.536
G1 F1200 X36.135 Y75.733 E78.41073
G0 F6000 X36.241 Y75.273
G1 F1200 X24.083 Y63.116 E78.98258
G0 F6000 X24.229 Y62.696
G1 F1200 X36.346 Y74.813 E79.55253
G0 F6000 X36.451 Y74.352
G1 F1200 X24.375 Y62.276 E80.12055
G0 F6000 X24.52 Y61.856
G1 F1200 X36.557 Y73.892 E80.68671
G0 F6000 X36.662 Y73.432
G1 F1200 X24.666 Y61.436 E81.25096
G0 F6000 X24.812 Y61.016
G1 F1200 X36.767 Y72.971 E81.81329
G0 F6000 X36.872 Y72.51
G1 F1200 X24.957 Y60.596 E82.37371
G0 F6000 X25.103 Y60.175
G1 F1200 X36.977 Y72.05 E82.93225
G0 F6000 X37.083 Y71.59
G1 F1200 X25.249 Y59.755 E83.48891
G0 F6000 X25.394 Y59.335
G1 F1200 X37.188 Y71.129 E84.04366
G0 F6000 X37.294 Y70.669
G1 F1200 X25.54 Y58.915 E84.59654
G0 F6000 X25.686 Y58.495
G1 F1200 X37.398 Y70.208 E85.14746
G0 F6000 X37.504 Y69.748
G1 F1200 X25.831 Y58.075 E85.69652
G0 F6000 X25.977 Y57.655
G1 F1200 X37.609 Y69.287 E86.24365
G0 F6000 X37.714 Y68.827
G1 F1200 X26.123 Y57.235 E86.78888
G0 F6000 X26.268 Y56.815
G1 F1200 X37.82 Y68.367 E87.33225
G0 F6000 X37.924 Y67.906
G1 F1200 X26.414 Y56.395 E87.87367
G0 F6000 X26.56 Y55.975
G1 F1200 X38.03 Y67.445 E88.41318
G0 F6000 X38.135 Y66.985
G1 F1200 X26.705 Y55.555 E88.95082
G0 F6000 X26.851 Y55.135
G1 F1200 X38.24 Y66.525 E89.48654
G0 F6000 X38.346 Y66.064
G1 F1200 X26.997 Y54.715 E90.02037
G0 F6000 X27.142 Y54.295
G1 F1200 X38.451 Y65.604 E90.55231
G0 F6000 X38.556 Y65.143
G1 F1200 X27.288 Y53.875 E91.08232
G0 F6000 X27.434 Y53.455
G1 F1200 X38.661 Y64.683 E91.61043
G0 F6000 X38.766 Y64.222
G1 F1200 X27.579 Y53.035 E92.13663
G0 F6000 X27.725 Y52.615
G1 F1200 X38.872 Y63.762 E92.66095
G0 F6000 X38.977 Y63.302
G1 F1200 X27.871 Y52.195 E93.18336
G0 F6000 X28.016 Y51.775
G1 F1200 X39.082 Y62.841 E93.70387
G0 F6000 X39.187 Y62.38
G1 F1200 X28.162 Y51.355 E94.22246
G0 F6000 X28.308 Y50.935
G1 F1200 X39.293 Y61.92 E94.73916
G0 F6000 X39.398 Y61.46
G1 F1200 X28.453 Y50.515 E95.25398
G0 F6000 X28.598 Y50.094
G1 F1200 X39.503 Y60.999 E95.76691
G0 F6000 X39.609 Y60.539
G1 F1200 X28.744 Y49.674 E96.27797
G0 F6000 X28.89 Y49.254
G1 F1200 X39.714 Y60.079 E96.78712
G0 F6000 X39.819 Y59.618
G1 F1200 X29.035 Y48.834 E97.29437
G0 F6000 X29.181 Y48.414
G1 F1200 X39.924 Y59.157 E97.79969
G0 F6000 X40.029 Y58.697
G1 F1200 X29.327 Y47.994 E98.3031
G0 F6000 X29.472 Y47.574
G1 F1200 X40.135 Y58.237 E98.80465
G0 F6000 X40.24 Y57.776
G1 F1200 X29.618 Y47.154 E99.30428
G0 F6000 X29.764 Y46.734
G1 F1200 X40.345 Y57.316 E99.802
G0 F6000 X40.45 Y56.855
G1 F1200 X29.909 Y46.314 E100.29782
G0 F6000 X30.055 Y45.894
G1 F1200 X40.555 Y56.395 E100.79173
G0 F6000 X40.661 Y55.934
G1 F1200 X30.201 Y45.474 E101.28374
G0 F6000 X30.346 Y45.054
G1 F1200 X40.766 Y55.474 E101.77386
G0 F6000 X40.871 Y55.014
G1 F1200 X30.492 Y44.634 E102.26208
G0 F6000 X30.638 Y44.214
G1 F1200 X40.977 Y54.553 E102.74839
G0 F6000 X41.081 Y54.092
G1 F1200 X30.783 Y43.794 E103.23278
G0 F6000 X30.929 Y43.374
G1 F1200 X41.187 Y53.632 E103.71529
G0 F6000 X41.292 Y53.172
G1 F1200 X31.075 Y42.954 E104.19589
G0 F6000 X31.22 Y42.534
G1 F1200 X41.398 Y52.711 E104.6746
G0 F6000 X41.503 Y52.251
G1 F1200 X31.366 Y42.114 E105.15142
G0 F6000 X31.512 Y41.694
G1 F1200 X41.608 Y51.791 E105.62633
G0 F6000 X41.713 Y51.33
G1 F1200 X31.657 Y41.274 E106.09933
G0 F6000 X31.803 Y40.854
G1 F1200 X41.818 Y50.869 E106.5704
G0 F6000 X41.924 Y50.409
G1 F1200 X31.948 Y40.434 E107.03962
G0 F6000 X32.094 Y40.014
G1 F1200 X42.029 Y49.949 E107.50693
G0 F6000 X42.134 Y49.488
G1 F1200 X32.24 Y39.594 E107.97232
G0 F6000 X32.385 Y39.174
G1 F1200 X42.239 Y49.027 E108.4358
G0 F6000 X42.344 Y48.567
G1 F1200 X32.531 Y38.754 E108.89737
G0 F6000 X32.677 Y38.334
G1 F1200 X42.45 Y48.107 E109.35706
G0 F6000 X42.555 Y47.646
G1 F1200 X32.822 Y37.914 E109.81485
G0 F6000 X32.968 Y37.494
G1 F1200 X42.66 Y47.186 E110.27073
G0 F6000 X42.766 Y46.726
G1 F1200 X33.114 Y37.074 E110.72473
G0 F6000 X33.259 Y36.654
G1 F1200 X42.87 Y46.265 E111.1768
G0 F6000 X42.976 Y45.804
G1 F1200 X33.405 Y36.234 E111.62697
G0 F6000 X33.551 Y35.814
G1 F1200 X43.081 Y45.344 E112.07523
G0 F6000 X43.187 Y44.884
G1 F1200 X33.696 Y35.394 E112.52163
G0 F6000 X33.842 Y34.974
G1 F1200 X43.292 Y44.423 E112.96611
G0 F6000 X43.397 Y43.963
G1 F1200 X33.988 Y34.553 E113.4087
G0 F6000 X34.133 Y34.133
G1 F1200 X43.502 Y43.502 E113.84939
G0 F6000 X43.607 Y43.042
G1 F1200 X34.279 Y33.713 E114.28818
G0 F6000 X34.425 Y33.293
G1 F1200 X43.713 Y42.581 E114.72506
G0 F6000 X43.818 Y42.121
G1 F1200 X34.57 Y32.873 E115.16005
G0 F6000 X34.716 Y32.453
G1 F1200 X43.923 Y41.661 E115.59315
G0 F6000 X44.029 Y41.2
G1 F1200 X34.862 Y32.033 E116.02433
G0 F6000 X35.007 Y31.613
G1 F1200 X44.133 Y40.739 E116.45359
G0 F6000 X44.239 Y40.279
G1 F1200 X35.153 Y31.193 E116.88097
G0 F6000 X35.299 Y30.773
G1 F1200 X44.344 Y39.819 E117.30644
G0 F6000 X44.449 Y39.358
G1 F1200 X35.444 Y30.353 E117.73001
G0 F6000 X35.59 Y29.933
G1 F1200 X44.555 Y38.898 E118.1517
G0 F6000 X44.66 Y38.438
G1 F1200 X35.736 Y29.513 E118.57148
G0 F6000 X35.881 Y29.093
G1 F1200 X44.765 Y37.977 E118.98935
G0 F6000 X44.87 Y37.516
G1 F1200 X36.027 Y28.673 E119.4053
G0 F6000 X36.173 Y28.253
G1 F1200 X44.976 Y37.056 E119.81937
G0 F6000 X45.081 Y36.596
G1 F1200 X36.318 Y27.833 E120.23155
G0 F6000 X36.464 Y27.413
G1 F1200 X45.186 Y36.135 E120.64181
G0 F6000 X45.292 Y35.675
G1 F1200 X36.61 Y26.993 E121.05018
G0 F6000 X36.755 Y26.573
G1 F1200 X45.396 Y35.214 E121.45663
G0 F6000 X45.502 Y34.754
G1 F1200 X36.901 Y26.153 E121.86119
G0 F6000 X37.047 Y25.733
G1 F1200 X45.607 Y34.293 E122.26383
G0 F6000 X45.712 Y33.833
G1 F1200 X37.192 Y25.313 E122.66459
G0 F6000 X37.338 Y24.893
G1 F1200 X45.818 Y33.373 E123.06346
G0 F6000 X45.923 Y32.912
G1 F1200 X37.484 Y24.473 E123.4604
G0 F6000 X37.629 Y24.053
G1 F1200 X46.028 Y32.451 E123.85544
G0 F6000 X46.133 Y31.991
G1 F1200 X37.793 Y23.651 E124.24773
G0 F6000 X37.969 Y23.261
G1 F1200 X46.238 Y31.531 E124.6367
G0 F6000 X46.344 Y31.07
G1 F1200 X38.18 Y22.906 E125.02071
G0 F6000 X38.411 Y22.572
G1 F1200 X46.449 Y30.61 E125.3988
G0 F6000 X46.554 Y30.15
G1 F1200 X38.659 Y22.254 E125.77018
G0 F6000 X38.944 Y21.973
G1 F1200 X46.659 Y29.689 E126.13309
G0 F6000 X46.765 Y29.228
G1 F1200 X39.239 Y21.703 E126.48707
G0 F6000 X39.561 Y21.459
G1 F1200 X46.87 Y28.768 E126.83086
G0 F6000 X46.975 Y28.308
G1 F1200 X39.908 Y21.241 E127.16327
G0 F6000 X40.273 Y21.04
G1 F1200 X47.081 Y27.847 E127.48347
G0 F6000 X47.185 Y27.386
G1 F1200 X40.678 Y20.879 E127.78954
G0 F6000 X41.109 Y20.744
G1 F1200 X47.291 Y26.926 E128.08032
G0 F6000 X47.379 Y26.449
G1 F1200 X41.564 Y20.634 E128.35384
G0 F6000 X42.07 Y20.574
G1 F1200 X47.445 Y25.949 E128.60667
G0 F6000 X47.463 Y25.401
G1 F1200 X42.63 Y20.568 E128.834
G0 F6000 X43.263 Y20.635
G1 F1200 X47.395 Y24.768 E129.02838
G0 F6000 X47.212 Y24.019
G1 F1200 X44.013 Y20.82 E129.17885
G0 F6000 X44.14 Y20.378
G0 X45.309 Y20.921
G0 X45.072 Y21.314
G1 F1200 X46.721 Y22.963 E129.25641
G1 F2700 E124.25641
G0 F6000 X47.125 Y22.743
G0 X46.103 Y21.582
G0 X45.536 Y21.128
G0 X44.931 Y20.763
G0 X44.279 Y20.481
G0 X43.572 Y20.277
G0 X42.88 Y20.176
G0 X42.16 Y20.163
G0 X41.449 Y20.246
G0 X40.747 Y20.424
G0 X40.093 Y20.684
G0 X39.46 Y21.039
G0 X38.893 Y21.465
G0 X38.38 Y21.97
G0 X37.936 Y22.538
G0 X37.573 Y23.153
G0 X22.923 Y65.066
G0 X23.355 Y65.216
G1 F2700 E129.25641
G1 F1200 X30.376 Y72.237 E129.58666
G0 F6000 X30.18 Y72.649
G0 X29.301 Y72.287
G0 X29.411 Y71.837
G1 F1200 X23.209 Y65.636 E129.87836
G0 F6000 X23.064 Y66.056
G1 F1200 X28.669 Y71.661 E130.142
G0 F6000 X27.998 Y71.556
G1 F1200 X22.918 Y66.476 E130.38095
G0 F6000 X22.772 Y66.896
G1 F1200 X27.381 Y71.505 E130.59774
G0 F6000 X26.838 Y71.527
G1 F1200 X22.627 Y67.316 E130.79581
G0 F6000 X22.481 Y67.736
G1 F1200 X26.317 Y71.572 E130.97625
G0 F6000 X25.843 Y71.664
G1 F1200 X22.335 Y68.156 E131.14125
G0 F6000 X22.19 Y68.576
G1 F1200 X25.387 Y71.773 E131.29163
G0 F6000 X24.948 Y71.9
G1 F1200 X22.044 Y68.996 E131.42822
G0 F6000 X21.898 Y69.416
G1 F1200 X24.55 Y72.068 E131.55297
G0 F6000 X24.155 Y72.238
G1 F1200 X21.753 Y69.836 E131.66595
G0 F6000 X21.607 Y70.256
G1 F1200 X23.792 Y72.441 E131.76873
G0 F6000 X23.446 Y72.66
G1 F1200 X21.461 Y70.676 E131.86207
G0 F6000 X21.316 Y71.096
G1 F1200 X23.1 Y72.881 E131.94601
G0 F6000 X22.799 Y73.145
G1 F1200 X21.17 Y71.516 E132.02263
G0 F6000 X21.024 Y71.936
G1 F1200 X22.497 Y73.409 E132.09192
G0 F6000 X22.212 Y73.689
G1 F1200 X20.879 Y72.356 E132.15462
G0 F6000 X20.733 Y72.776
G1 F1200 X21.952 Y73.995 E132.21195
G0 F6000 X21.698 Y74.306
G1 F1200 X20.587 Y73.196 E132.26419
G0 F6000 X20.442 Y73.616
G1 F1200 X21.463 Y74.637 E132.31221
G0 F6000 X21.255 Y74.995
G1 F1200 X20.296 Y74.036 E132.35732
G0 F6000 X20.15 Y74.456
G1 F1200 X21.048 Y75.354 E132.39956
G0 F6000 X20.872 Y75.744
G1 F1200 X20.005 Y74.876 E132.44037
G0 F6000 X19.859 Y75.296
G1 F1200 X20.717 Y76.154 E132.48072
G0 F6000 X20.57 Y76.573
G1 F1200 X19.713 Y75.716 E132.52103
G0 F6000 X19.568 Y76.136
G1 F1200 X20.474 Y77.043 E132.56367
G0 F6000 X20.379 Y77.513
G1 F1200 X19.422 Y76.556 E132.60869
G0 F6000 X19.276 Y76.976
G1 F1200 X20.341 Y78.041 E132.65878
G0 F6000 X20.317 Y78.582
G1 F1200 X19.131 Y77.396 E132.71457
G0 F6000 X18.985 Y77.816
G1 F1200 X20.368 Y79.199 E132.77962
G0 F6000 X20.452 Y79.849
G1 F1200 X18.839 Y78.236 E132.85549
G0 F6000 X18.694 Y78.656
G1 F1200 X20.671 Y80.634 E132.94851
G0 F6000 X21.115 Y80.508
G0 X21.499 Y81.416
G0 X21.085 Y81.613
G1 F1200 X18.548 Y79.076 E133.06784
G1 F2700 E128.06784
G0 F6000 X18.116 Y78.926
G0 X7.845 Y108.728
G0 X7.856 Y111.892
G0 X20.083 Y111.897
G0 X20.824 Y110.384
G0 X18.651 Y109.73
G0 X18.533 Y110.174
G1 F2700 E133.06784
G1 F1200 X19.847 Y111.488 E133.12964
G0 F6000 X20.034 Y111.11
G1 F1200 X19.303 Y110.379 E133.16403
G0 F6000 X20.073 Y110.582
G1 F1200 X20.221 Y110.731 E133.17101
G0 F6000 X20.902 Y111.069
G1 F2700 E128.17101
;MESH:NONMESH
G0 F300 X20.902 Y111.069 Z0.4
G0 F6000 X20.692 Y109.591
G0 X18.018 Y108.855
G0 X18.924 Y105.467
G0 X23.063 Y106.569
G0 X33.331 Y85.187
G0 X31.534 Y83.474
G0 X30.691 Y83.875
;TIME_ELAPSED:234.504435
;LAYER:1
M106 S85
;TYPE:WALL-INNER
;MESH:Sperrklinke
G1 F2700 E133.17101
G1 F1725 X29.79 Y84.352 E133.20492
G1 X28.807 Y84.681 E133.2394
G1 X27.788 Y84.844 E133.27372
G1 X26.755 Y84.844 E133.30808
G1 X25.738 Y84.681 E133.34234
G1 X24.77 Y84.353 E133.37633
G1 X23.858 Y83.879 E133.41052
G1 X23.025 Y83.256 E133.44511
G1 X22.307 Y82.507 E133.47962
G1 X21.728 Y81.663 E133.51366
G1 X21.282 Y80.729 E133.54809
G1 X20.999 Y79.742 E133.58224
G1 X20.872 Y78.717 E133.61659
G1 X20.918 Y77.686 E133.65092
G1 X21.117 Y76.687 E133.6848
G1 X21.484 Y75.718 E133.71926
G1 X21.996 Y74.831 E133.75332
G1 X22.652 Y74.026 E133.78786
G1 X23.422 Y73.342 E133.82212
G1 X24.296 Y72.787 E133.85655
G1 X25.25 Y72.382 E133.89103
G1 X26.247 Y72.141 E133.92514
G1 X27.268 Y72.054 E133.95922
G1 X28.309 Y72.146 E133.99398
G1 X29.302 Y72.389 E134.02798
G1 X30.246 Y72.786 E134.06204
G1 X31.121 Y73.342 E134.09653
G1 X31.889 Y74.021 E134.13062
G1 X32.545 Y74.826 E134.16516
G1 X33.058 Y75.714 E134.19927
G1 X33.426 Y76.683 E134.23374
G1 X33.63 Y77.684 E134.26772
G1 X33.673 Y78.718 E134.30214
G1 X33.538 Y79.777 E134.33765
G1 X33.256 Y80.742 E134.37109
G1 X32.817 Y81.663 E134.40502
G1 X32.235 Y82.511 E134.43923
G1 X31.52 Y83.26 E134.47367
G1 X30.691 Y83.875 E134.508
G0 F8625 X30.472 Y83.539
G1 F1725 X29.633 Y83.982 E134.53956
G1 X28.714 Y84.291 E134.57181
G1 X27.756 Y84.444 E134.60407
G1 X26.788 Y84.444 E134.63627
G1 X25.836 Y84.291 E134.66834
G1 X24.924 Y83.984 E134.70035
G1 X24.07 Y83.539 E134.73237
G1 X23.295 Y82.96 E134.76455
G1 X22.62 Y82.257 E134.79697
G1 X22.074 Y81.462 E134.82904
G1 X21.656 Y80.583 E134.86142
G1 X21.393 Y79.666 E134.89314
G1 X21.273 Y78.701 E134.92549
G1 X21.324 Y77.692 E134.95909
G1 X21.502 Y76.799 E134.98938
G1 X21.849 Y75.885 E135.02189
G1 X22.328 Y75.057 E135.05371
G1 X22.944 Y74.3 E135.08617
G1 X23.665 Y73.661 E135.11821
G1 X24.477 Y73.145 E135.15021
G1 X25.375 Y72.764 E135.18266
G1 X26.31 Y72.537 E135.21466
G1 X27.271 Y72.456 E135.24673
G1 X28.241 Y72.537 E135.27911
G1 X29.168 Y72.763 E135.31084
G1 X30.067 Y73.145 E135.34333
G1 X30.879 Y73.661 E135.37533
G1 X31.599 Y74.3 E135.40735
G1 X32.211 Y75.048 E135.43949
G1 X32.697 Y75.889 E135.4718
G1 X33.04 Y76.795 E135.50402
G1 X33.233 Y77.732 E135.53584
G1 X33.271 Y78.705 E135.56823
G1 X33.148 Y79.687 E135.60114
G1 X32.891 Y80.568 E135.63167
G1 X32.468 Y81.465 E135.66465
G1 X31.925 Y82.256 E135.69656
G1 X31.257 Y82.957 E135.72877
G1 X30.472 Y83.539 E135.76127
G0 F8625 X30.221 Y83.219
G1 F1725 X29.477 Y83.612 E135.78926
G1 X28.614 Y83.902 E135.81954
G1 X27.723 Y84.044 E135.84955
G1 X26.82 Y84.044 E135.87958
G1 X25.931 Y83.901 E135.90953
G1 X25.077 Y83.615 E135.93948
G1 X24.282 Y83.198 E135.96934
G1 X23.555 Y82.654 E135.99954
G1 X22.935 Y82.008 E136.02932
G1 X22.422 Y81.26 E136.05949
G1 X22.033 Y80.448 E136.08944
G1 X21.785 Y79.583 E136.11937
G1 X21.674 Y78.683 E136.14953
G1 X21.719 Y77.756 E136.1804
G1 X21.901 Y76.875 E136.21032
G1 X22.213 Y76.055 E136.2395
G1 X22.659 Y75.284 E136.26912
G1 X23.202 Y74.616 E136.29775
G1 X23.903 Y73.984 E136.32915
G1 X24.669 Y73.498 E136.35932
G1 X25.503 Y73.143 E136.38947
G1 X26.326 Y72.944 E136.41763
G1 X27.271 Y72.857 E136.44919
G1 X28.178 Y72.936 E136.47947
G1 X29.005 Y73.135 E136.50776
G1 X29.873 Y73.497 E136.53904
G1 X30.635 Y73.98 E136.56905
G1 X31.311 Y74.577 E136.59905
G1 X31.883 Y75.279 E136.62917
G1 X32.333 Y76.059 E136.65912
G1 X32.654 Y76.905 E136.68921
G1 X32.834 Y77.779 E136.71889
G1 X32.87 Y78.683 E136.74898
G1 X32.762 Y79.583 E136.77913
G1 X32.514 Y80.434 E136.80861
G1 X32.138 Y81.227 E136.8378
G1 X31.613 Y82.002 E136.86894
G1 X30.99 Y82.656 E136.89898
G1 X30.221 Y83.219 E136.93068
G1 F2700 E131.93068
G0 F8625 X30.36 Y83.486
G0 X28.976 Y84.815
G0 X23.406 Y105.129
G0 X22.91 Y106.198
G0 X19.394 Y105.26
G0 X18.319 Y109.276
G0 X20.848 Y109.958
G0 X20.187 Y112.064
G1 F2700 E136.93068
G1 F1725 X20.751 Y110.927 E136.97289
G1 X18.481 Y110.326 E137.05099
G1 X18.075 Y110.146 E137.06577
G1 X17.771 Y109.877 E137.07927
G1 X17.576 Y109.576 E137.09119
G1 X17.475 Y109.285 E137.10144
G1 X17.44 Y109.025 E137.11017
G1 X17.453 Y108.737 E137.11975
G1 X18.369 Y105.325 E137.23726
G1 X18.48 Y105.081 E137.24617
G1 X18.751 Y104.729 E137.26095
G1 X19.108 Y104.511 E137.27486
G1 X19.39 Y104.416 E137.28476
G1 X19.772 Y104.386 E137.2975
G1 X20.057 Y104.432 E137.3071
G1 X23.512 Y105.365 E137.42613
G1 X34.959 Y82.31 E138.28226
G1 X35.246 Y81.691 E138.30496
G1 X35.477 Y81.04 E138.32793
G1 X35.656 Y80.365 E138.35116
G1 X47.88 Y26.873 E140.17617
G1 X48.003 Y26.107 E140.20198
G1 X48.025 Y25.371 E140.22647
G1 X47.945 Y24.639 E140.25096
G1 X47.775 Y23.924 E140.2754
G1 X47.511 Y23.239 E140.29982
G1 X47.156 Y22.59 E140.32442
G1 X46.713 Y21.987 E140.34931
G1 X46.212 Y21.463 E140.37342
G1 X45.629 Y20.995 E140.39829
G1 X45.005 Y20.62 E140.4225
G1 X44.334 Y20.329 E140.44683
G1 X43.607 Y20.12 E140.47199
G1 X42.893 Y20.015 E140.49599
G1 X42.151 Y20.002 E140.52067
G1 X41.419 Y20.088 E140.54519
G1 X40.697 Y20.271 E140.56996
G1 X40.023 Y20.539 E140.59408
G1 X39.371 Y20.904 E140.61894
G1 X38.788 Y21.343 E140.64321
G1 X38.259 Y21.863 E140.66788
G1 X37.801 Y22.449 E140.69262
G1 X37.435 Y23.074 E140.71671
G1 X37.132 Y23.791 E140.7426
G1 X7.684 Y108.7 E143.7317
G1 X7.684 Y112.064 E143.84359
G1 X20.187 Y112.064 E144.25944
G0 F8625 X20.435 Y112.464
G1 F1725 X21.327 Y110.666 E144.3262
G1 X18.583 Y109.939 E144.42061
G1 X18.294 Y109.81 E144.43114
G1 X18.076 Y109.619 E144.44078
G1 X17.937 Y109.404 E144.4493
G1 X17.865 Y109.196 E144.45662
G1 X17.849 Y108.803 E144.4697
G1 X18.747 Y105.443 E144.58538
G1 X18.899 Y105.174 E144.59565
G1 X19.075 Y104.996 E144.60398
G1 X19.275 Y104.874 E144.61177
G1 X19.573 Y104.791 E144.62206
G1 X19.953 Y104.818 E144.63473
G1 X23.725 Y105.836 E144.76467
G1 X35.32 Y82.482 E145.6319
G1 X35.601 Y81.864 E145.65448
G1 X35.611 Y81.859 E145.65485
G1 X35.86 Y81.159 E145.67956
G1 X36.046 Y80.454 E145.70381
G1 X48.273 Y26.949 E147.52927
G1 X48.402 Y26.145 E147.55636
G1 X48.426 Y25.356 E147.58261
G1 X48.34 Y24.571 E147.60887
G1 X48.158 Y23.806 E147.63503
G1 X47.874 Y23.07 E147.66127
G1 X47.494 Y22.375 E147.68761
G1 X47.02 Y21.729 E147.71426
G1 X46.483 Y21.167 E147.74012
G1 X45.858 Y20.667 E147.76674
G1 X45.189 Y20.264 E147.79271
G1 X44.469 Y19.952 E147.81881
G1 X43.691 Y19.728 E147.84574
G1 X42.926 Y19.615 E147.87146
G1 X42.131 Y19.602 E147.89791
G1 X41.347 Y19.694 E147.92416
G1 X40.574 Y19.89 E147.95068
G1 X39.851 Y20.177 E147.97656
G1 X39.152 Y20.568 E148.0032
G1 X38.527 Y21.04 E148.02924
G1 X37.96 Y21.596 E148.05566
G1 X37.469 Y22.224 E148.08217
G1 X37.076 Y22.894 E148.10801
G1 X36.759 Y23.647 E148.13518
G1 X7.284 Y108.633 E151.127
G1 X7.284 Y112.464 E151.25442
G1 X20.435 Y112.464 E151.69183
G0 F8625 X20.683 Y112.864
G1 F1725 X21.903 Y110.404 E151.78315
G1 X18.686 Y109.553 E151.89383
G1 X18.512 Y109.475 E151.90017
G1 X18.382 Y109.36 E151.90595
G1 X18.255 Y109.106 E151.91539
G1 X18.244 Y108.898 E151.92232
G1 X19.137 Y105.553 E152.03747
G1 X19.266 Y105.36 E152.04519
G1 X19.502 Y105.214 E152.05442
G1 X19.762 Y105.18 E152.06314
G1 X23.937 Y106.308 E152.20698
G1 X35.681 Y82.654 E153.08535
G1 X35.964 Y82.034 E153.10802
G1 X35.976 Y82.026 E153.1085
G1 X36.242 Y81.277 E153.13493
G1 X36.429 Y80.575 E153.1591
G1 X48.666 Y27.025 E154.98609
G1 X48.801 Y26.183 E155.01445
G1 X48.826 Y25.34 E155.0425
G1 X48.735 Y24.503 E155.0705
G1 X48.541 Y23.687 E155.0984
G1 X48.238 Y22.902 E155.12639
G1 X47.832 Y22.159 E155.15455
G1 X47.327 Y21.471 E155.18294
G1 X46.753 Y20.872 E155.21053
G1 X46.087 Y20.338 E155.23892
G1 X45.372 Y19.907 E155.26669
G1 X44.604 Y19.574 E155.29453
G1 X43.776 Y19.336 E155.32318
G1 X42.958 Y19.216 E155.35068
G1 X42.111 Y19.201 E155.37886
G1 X41.274 Y19.3 E155.40689
G1 X40.45 Y19.508 E155.43516
G1 X39.679 Y19.815 E155.46276
G1 X38.933 Y20.232 E155.49118
G1 X38.265 Y20.736 E155.51902
G1 X37.661 Y21.329 E155.54717
G1 X37.138 Y21.999 E155.57544
G1 X36.718 Y22.714 E155.60302
G1 X36.385 Y23.504 E155.63153
G1 X6.884 Y108.566 E158.62603
G1 X6.884 Y112.864 E158.76898
G1 X20.683 Y112.864 E159.22794
G0 F8625 X20.931 Y113.264
;TYPE:WALL-OUTER
G1 F1725 X22.479 Y110.143 E159.34381
G1 X18.788 Y109.166 E159.4708
G1 X18.687 Y109.102 E159.47478
G1 X18.641 Y108.947 E159.48015
G1 X19.508 Y105.693 E159.59216
G1 X19.588 Y105.612 E159.59594
G1 X19.745 Y105.59 E159.60122
G1 X24.149 Y106.78 E159.75295
G1 X36.043 Y82.826 E160.64247
G1 X36.326 Y82.203 E160.66523
G1 X36.341 Y82.194 E160.66581
G1 X36.624 Y81.396 E160.69397
G1 X36.817 Y80.671 E160.71892
G1 X49.059 Y27.101 E162.5466
G1 X49.2 Y26.221 E162.57624
G1 X49.227 Y25.324 E162.60609
G1 X49.13 Y24.435 E162.63584
G1 X48.924 Y23.568 E162.66547
G1 X48.602 Y22.733 E162.69524
G1 X48.17 Y21.944 E162.72516
G1 X47.634 Y21.213 E162.75531
G1 X47.024 Y20.576 E162.78464
G1 X46.317 Y20.009 E162.81478
G1 X45.556 Y19.551 E162.84433
G1 X44.74 Y19.197 E162.87391
G1 X43.861 Y18.944 E162.90433
G1 X42.991 Y18.816 E162.93358
G1 X42.091 Y18.801 E162.96352
G1 X41.201 Y18.906 E162.99333
G1 X40.326 Y19.127 E163.02334
G1 X39.507 Y19.453 E163.05266
G1 X38.714 Y19.896 E163.08287
G1 X38.003 Y20.432 E163.11249
G1 X37.362 Y21.062 E163.14238
G1 X36.806 Y21.773 E163.1724
G1 X36.36 Y22.534 E163.20174
G1 X36.011 Y23.36 E163.23156
G1 X6.484 Y108.498 E166.22873
G1 X6.484 Y113.264 E166.38725
G1 X20.931 Y113.264 E166.86775
G1 F2700 E161.86775
G0 F8625 X20.508 Y112.58
G0 X20.774 Y110.35
G0 X17.829 Y109.559
G0 X19.111 Y104.77
G0 X23.154 Y105.85
G0 X33.471 Y84.897
G0 X31.738 Y83.294
G0 X30.48 Y83.411
G0 X30.06 Y82.849
G1 F2700 E166.86775
G1 F1725 X29.3 Y83.25 E166.89634
G1 X28.504 Y83.514 E166.92423
G1 X27.704 Y83.642 E166.95118
G1 X26.84 Y83.642 E166.97991
G1 X26.012 Y83.506 E167.00782
G1 X25.231 Y83.245 E167.03521
G1 X24.484 Y82.849 E167.06333
G1 X23.811 Y82.343 E167.09133
G1 X23.235 Y81.738 E167.11912
G1 X22.763 Y81.047 E167.14695
G1 X22.403 Y80.288 E167.17489
G1 X22.177 Y79.489 E167.20251
G1 X22.077 Y78.685 E167.22946
G1 X22.115 Y77.812 E167.25852
G1 X22.271 Y77.032 E167.28498
G1 X22.582 Y76.215 E167.31405
G1 X22.982 Y75.523 E167.34064
G1 X23.512 Y74.869 E167.36863
G1 X24.16 Y74.295 E167.39743
G1 X24.869 Y73.847 E167.42532
G1 X25.644 Y73.521 E167.45329
G1 X26.451 Y73.328 E167.48088
G1 X27.289 Y73.26 E167.50885
G1 X28.113 Y73.33 E167.53635
G1 X28.917 Y73.526 E167.56388
G1 X29.675 Y73.847 E167.59125
G1 X30.409 Y74.314 E167.62019
G1 X31.032 Y74.869 E167.64794
G1 X31.562 Y75.523 E167.67594
G1 X31.976 Y76.245 E167.70362
G1 X32.264 Y77.005 E167.73065
G1 X32.436 Y77.844 E167.75914
G1 X32.467 Y78.684 E167.7871
G1 X32.368 Y79.509 E167.81473
G1 X32.137 Y80.3 E167.84214
G1 X31.78 Y81.049 E167.86974
G1 X31.309 Y81.738 E167.8975
G1 X30.712 Y82.365 E167.92629
G1 X30.06 Y82.849 E167.9533
G1 F2700 E162.9533
G0 F8625 X30.48 Y83.411
G0 X28.976 Y84.815
G0 X23.406 Y105.129
G0 X23.057 Y105.823
G0 X19.111 Y104.77
G0 X17.829 Y109.559
G0 X20.499 Y111.042
G0 X20.125 Y111.812
G0 X19.963 Y111.704
;TYPE:SKIN
G1 F2700 E167.9533
G1 F1725 X8.044 Y111.704 E168.34973
G1 X8.044 Y108.758 E168.44771
G1 X37.471 Y23.908 E171.43474
G1 X37.756 Y23.23 E171.4592
G1 X38.094 Y22.653 E171.48144
G1 X38.522 Y22.106 E171.50454
G1 X39.023 Y21.612 E171.52794
G1 X39.57 Y21.201 E171.5507
G1 X40.178 Y20.862 E171.57385
G1 X40.802 Y20.615 E171.59617
G1 X41.485 Y20.442 E171.61961
G1 X42.171 Y20.361 E171.64258
G1 X42.867 Y20.372 E171.66573
G1 X43.521 Y20.472 E171.68774
G1 X44.216 Y20.669 E171.71176
G1 X44.84 Y20.939 E171.73438
G1 X45.417 Y21.289 E171.75682
G1 X45.968 Y21.728 E171.78026
G1 X46.43 Y22.213 E171.80253
G1 X46.85 Y22.78 E171.826
G1 X47.182 Y23.393 E171.84919
G1 X47.428 Y24.024 E171.87171
G1 X47.59 Y24.706 E171.89503
G1 X47.663 Y25.384 E171.91771
G1 X47.64 Y26.069 E171.94051
G1 X47.527 Y26.794 E171.96491
G1 X35.34 Y80.146 E173.78511
G1 X35.132 Y80.932 E173.81215
G1 X34.918 Y81.532 E173.83334
G1 X34.643 Y82.128 E173.85517
G1 X23.317 Y104.94 E174.70227
G1 X20.033 Y104.054 E174.8154
G1 X19.646 Y104.024 E174.82831
G1 X19.211 Y104.073 E174.84287
G1 X18.775 Y104.277 E174.85888
G1 X18.463 Y104.523 E174.8721
G1 X18.181 Y104.882 E174.88728
G1 X18.026 Y105.192 E174.89881
G1 X17.098 Y108.66 E175.01822
G1 X17.081 Y109.056 E175.0314
G1 X17.121 Y109.344 E175.04107
G1 X17.242 Y109.709 E175.05386
G1 X17.492 Y110.11 E175.06958
G1 X17.88 Y110.452 E175.08678
G1 X18.389 Y110.674 E175.10525
G1 X20.232 Y111.16 E175.16864
G1 X19.963 Y111.704 E175.18883
G1 F2700 E170.18883
G0 F8625 X19.963 Y111.964
G0 X20.499 Y111.042
G0 X17.829 Y109.559
G0 X19.111 Y104.77
G0 X23.422 Y105.165
G0 X33.304 Y85.234
G0 X31.534 Y83.474
G0 X30.743 Y83.961
G0 X30.892 Y84.173
G1 F2700 E175.18883
G1 F1725 X31.64 Y83.617 E175.21983
G1 X31.874 Y83.41 E175.23022
G1 X32.506 Y82.742 E175.2608
G1 X33.136 Y81.829 E175.2977
G1 X33.593 Y80.868 E175.33309
G1 X33.897 Y79.829 E175.3691
G1 X34.031 Y78.745 E175.40542
G1 X33.985 Y77.62 E175.44287
G1 X33.768 Y76.569 E175.47857
G1 X33.436 Y75.693 E175.50972
G1 X33.317 Y75.442 E175.51896
G1 X32.849 Y74.635 E175.54999
G1 X32.234 Y73.87 E175.58264
G1 X32.046 Y73.682 E175.59148
G1 X31.442 Y73.142 E175.61843
G1 X31.224 Y72.979 E175.62748
G1 X30.544 Y72.547 E175.65428
G1 X30.282 Y72.411 E175.6641
G1 X29.434 Y72.055 E175.69468
G1 X28.38 Y71.793 E175.73081
G1 X27.414 Y71.704 E175.76307
G1 X27.122 Y71.704 E175.77278
G1 X26.194 Y71.784 E175.80376
G1 X25.281 Y72.001 E175.83498
G1 X25.015 Y72.09 E175.84431
G1 X24.254 Y72.411 E175.87178
G1 X24.008 Y72.538 E175.88099
G1 X23.22 Y73.039 E175.91204
G1 X22.499 Y73.674 E175.944
G1 X22.296 Y73.889 E175.95383
G1 X21.792 Y74.509 E175.98041
G1 X21.64 Y74.724 E175.98917
G1 X21.234 Y75.428 E176.0162
G1 X21.112 Y75.675 E176.02536
G1 X20.772 Y76.569 E176.05717
G1 X20.559 Y77.629 E176.09313
G1 X20.516 Y78.579 E176.12476
G1 X20.528 Y78.865 E176.13428
G1 X20.641 Y79.801 E176.16564
G1 X20.931 Y80.831 E176.20123
G1 X21.407 Y81.827 E176.23794
G1 X21.951 Y82.622 E176.26998
G1 X22.127 Y82.843 E176.27938
G1 X22.679 Y83.419 E176.30592
G1 X22.888 Y83.603 E176.31518
G1 X23.656 Y84.177 E176.34707
G1 X24.627 Y84.681 E176.38345
G1 X25.515 Y84.986 E176.41468
G1 X25.815 Y85.055 E176.42492
G1 X26.552 Y85.174 E176.44975
G1 X26.856 Y85.204 E176.45991
G1 X27.683 Y85.204 E176.48742
G1 X27.979 Y85.176 E176.49731
G1 X28.748 Y85.054 E176.5232
G1 X29.015 Y84.991 E176.53233
G1 X29.912 Y84.69 E176.5638
G1 X30.892 Y84.173 E176.60065
G1 F2700 E171.60065
G0 F8625 X30.743 Y83.961
G0 X29.976 Y84.457
G0 X23.406 Y105.129
G0 X23.036 Y105.818
G0 X19.111 Y104.77
G0 X17.829 Y109.559
G0 X20.499 Y111.042
G0 X20.084 Y111.897
G0 X19.735 Y111.964
G0 X19.735 Y111.504
G1 F2700 E176.60065
G1 F1725 X19.94 Y111.299 E176.61029
G0 F8625 X19.5 Y111.173
G1 F1725 X19.169 Y111.504 E176.62586
G0 F8625 X19.052 Y111.055
G1 F1725 X18.603 Y111.504 E176.64698
G0 F8625 X18.245 Y111.297
G1 F1725 X18.038 Y111.504 E176.65672
G0 F8625 X18.245 Y111.296
G1 F1725 X18.604 Y110.938 E176.67358
G0 F8625 X18.178 Y110.798
G1 F1725 X17.472 Y111.504 E176.70679
G0 F8625 X16.906 Y111.504
G1 F1725 X17.782 Y110.628 E176.74799
G0 F8625 X17.48 Y110.365
G1 F1725 X16.341 Y111.504 E176.80157
G0 F8625 X15.775 Y111.504
G1 F1725 X17.221 Y110.058 E176.86958
G0 F8625 X17.024 Y109.689
G1 F1725 X15.209 Y111.504 E176.95496
G0 F8625 X14.643 Y111.504
G1 F1725 X16.905 Y109.243 E177.06133
G0 F8625 X16.891 Y108.691
G1 F1725 X14.078 Y111.504 E177.19364
G0 F8625 X13.512 Y111.504
G1 F1725 X17.086 Y107.931 E177.36173
G0 F8625 X17.293 Y107.158
G1 F1725 X12.946 Y111.504 E177.56618
G0 F8625 X12.381 Y111.504
G1 F1725 X17.5 Y106.385 E177.80696
G0 F8625 X17.707 Y105.612
G1 F1725 X11.815 Y111.504 E178.0841
G0 F8625 X11.249 Y111.504
G1 F1725 X18.113 Y104.64 E178.40696
G0 F8625 X18.567 Y104.187
G1 F1725 X28.3 Y94.454 E178.86477
G0 F8625 X28.714 Y94.66
G0 X28.156 Y95.784
G0 X27.742 Y95.578
G1 F1725 X19.477 Y103.842 E179.25351
G0 F8625 X20.03 Y103.856
G1 F1725 X27.185 Y96.7 E179.59008
G0 F8625 X27.599 Y96.906
G0 X27.041 Y98.03
G0 X26.627 Y97.824
G1 F1725 X20.484 Y103.967 E179.87903
G0 F8625 X20.929 Y104.088
G1 F1725 X26.069 Y98.948 E180.1208
G0 F8625 X26.483 Y99.154
G0 X25.926 Y100.276
G0 X25.512 Y100.07
G1 F1725 X21.374 Y104.208 E180.31544
G0 F8625 X21.82 Y104.328
G1 F1725 X24.954 Y101.194 E180.46285
G0 F8625 X25.368 Y101.4
G0 X24.81 Y102.524
G0 X24.396 Y102.318
G1 F1725 X22.265 Y104.448 E180.56306
G0 F8625 X22.711 Y104.568
G1 F1725 X23.839 Y103.441 E180.6161
G0 F8625 X24.252 Y103.647
G0 X23.695 Y104.77
G0 X23.281 Y104.564
G1 F1725 X23.156 Y104.689 E180.62198
G0 F8625 X23.036 Y105.132
G0 X23.422 Y105.165
G0 X29.272 Y93.536
G0 X28.858 Y93.33
G1 F1725 X10.684 Y111.504 E181.47683
G0 F8625 X10.118 Y111.504
G1 F1725 X29.415 Y92.207 E182.3845
G0 F8625 X29.829 Y92.413
G0 X30.387 Y91.29
G0 X29.973 Y91.084
G1 F1725 X9.552 Y111.504 E183.34502
G0 F8625 X8.987 Y111.504
G1 F1725 X30.531 Y89.96 E184.35838
G0 F8625 X30.945 Y90.166
G0 X31.502 Y89.043
G0 X31.088 Y88.837
G1 F1725 X8.421 Y111.504 E185.42457
G0 F8625 X8.244 Y111.115
G1 F1725 X31.646 Y87.714 E186.5253
G0 F8625 X32.06 Y87.92
G0 X32.617 Y86.797
G0 X32.203 Y86.591
G1 F1725 X8.244 Y110.55 E187.65226
G0 F8625 X8.244 Y109.984
G1 F1725 X32.761 Y85.467 E188.80546
G0 F8625 X33.175 Y85.673
G0 X33.733 Y84.55
G0 X33.319 Y84.344
G1 F1725 X8.244 Y109.418 E189.98489
G0 F8625 X8.244 Y108.853
G1 F1725 X33.876 Y83.221 E191.19054
G0 F8625 X34.29 Y83.428
G0 X34.378 Y83.07
G0 X32.81 Y81.991
G0 X32.585 Y82.179
G0 X32.962 Y82.438
G1 F1725 X35.089 Y80.311 E191.29059
G0 F8625 X35.266 Y79.568
G1 F1725 X33.67 Y81.165 E191.36568
G0 F8625 X33.968 Y80.3
G1 F1725 X35.434 Y78.835 E191.43462
G0 F8625 X35.601 Y78.101
G1 F1725 X34.129 Y79.574 E191.50388
G0 F8625 X34.21 Y78.927
G1 F1725 X35.769 Y77.368 E191.57721
G0 F8625 X35.936 Y76.636
G1 F1725 X34.213 Y78.358 E191.65823
G0 F8625 X34.191 Y77.815
G1 F1725 X36.103 Y75.902 E191.74819
G0 F8625 X36.271 Y75.169
G1 F1725 X34.126 Y77.314 E191.84908
G0 F8625 X34.028 Y76.846
G1 F1725 X36.439 Y74.436 E191.96247
G0 F8625 X36.606 Y73.702
G1 F1725 X33.916 Y76.393 E192.08902
G0 F8625 X33.76 Y75.983
G1 F1725 X36.774 Y72.969 E192.23079
G0 F8625 X36.941 Y72.237
G1 F1725 X33.602 Y75.576 E192.38784
G0 F8625 X33.409 Y75.203
G1 F1725 X37.108 Y71.503 E192.56186
G0 F8625 X37.276 Y70.77
G1 F1725 X33.201 Y74.845 E192.75353
G0 F8625 X32.992 Y74.488
G1 F1725 X37.443 Y70.037 E192.96289
G0 F8625 X37.611 Y69.304
G1 F1725 X32.74 Y74.175 E193.19201
G0 F8625 X32.487 Y73.862
G1 F1725 X37.779 Y68.57 E193.44093
G0 F8625 X37.946 Y67.837
G1 F1725 X32.214 Y73.569 E193.71055
G0 F8625 X31.917 Y73.3
G1 F1725 X38.113 Y67.104 E194.00199
G0 F8625 X38.281 Y66.371
G1 F1725 X31.619 Y73.033 E194.31535
G0 F8625 X31.297 Y72.789
G1 F1725 X38.448 Y65.638 E194.65171
G0 F8625 X38.616 Y64.905
G1 F1725 X30.951 Y72.569 E195.01222
G0 F8625 X30.603 Y72.352
G1 F1725 X38.783 Y64.171 E195.39701
G0 F8625 X38.951 Y63.438
G1 F1725 X30.22 Y72.169 E195.80769
G0 F8625 X29.82 Y72.003
G1 F1725 X39.118 Y62.706 E196.24501
G0 F8625 X39.285 Y61.972
G1 F1725 X29.416 Y71.842 E196.70924
G0 F8625 X28.962 Y71.73
G1 F1725 X39.453 Y61.239 E197.20271
G0 F8625 X39.621 Y60.506
G1 F1725 X28.508 Y71.618 E197.72541
G0 F8625 X28.003 Y71.558
G1 F1725 X39.788 Y59.772 E198.27976
G0 F8625 X39.956 Y59.039
G1 F1725 X27.486 Y71.509 E198.86631
G0 F8625 X26.906 Y71.523
G1 F1725 X40.123 Y58.306 E199.488
G0 F8625 X40.29 Y57.573
G1 F1725 X26.287 Y71.576 E200.14666
G0 F8625 X25.572 Y71.726
G1 F1725 X40.458 Y56.84 E200.84685
G0 F8625 X40.625 Y56.107
G1 F1725 X24.745 Y71.987 E201.59379
G0 F8625 X24.925 Y72.412
G0 X23.858 Y72.946
G0 X23.611 Y72.556
G1 F1725 X40.793 Y55.374 E202.40198
G0 F8625 X40.961 Y54.64
G1 F1725 X19.626 Y75.975 E203.40552
G0 F8625 X19.926 Y75.109
G1 F1725 X41.128 Y53.907 E204.40279
G0 F8625 X41.295 Y53.174
G1 F1725 X20.227 Y74.243 E205.39379
G0 F8625 X20.527 Y73.376
G1 F1725 X41.463 Y52.441 E206.37853
G0 F8625 X41.63 Y51.708
G1 F1725 X20.827 Y72.511 E207.35704
G0 F8625 X21.128 Y71.645
G1 F1725 X41.798 Y50.975 E208.3293
G0 F8625 X41.965 Y50.241
G1 F1725 X21.428 Y70.779 E209.29532
G0 F8625 X21.729 Y69.912
G1 F1725 X42.133 Y49.508 E210.25506
G0 F8625 X42.3 Y48.776
G1 F1725 X22.028 Y69.047 E211.20857
G0 F8625 X22.329 Y68.181
G1 F1725 X42.467 Y48.042 E212.15582
G0 F8625 X42.635 Y47.309
G1 F1725 X22.63 Y67.314 E213.09679
G0 F8625 X22.93 Y66.448
G1 F1725 X42.803 Y46.576 E214.03154
G0 F8625 X42.97 Y45.842
G1 F1725 X23.23 Y65.583 E214.96007
G0 F8625 X23.53 Y64.717
G1 F1725 X43.138 Y45.109 E215.88237
G0 F8625 X43.305 Y44.376
G1 F1725 X23.831 Y63.85 E216.79837
G0 F8625 X24.131 Y62.984
G1 F1725 X43.472 Y43.643 E217.70811
G0 F8625 X43.64 Y42.91
G1 F1725 X24.432 Y62.118 E218.61159
G0 F8625 X24.732 Y61.252
G1 F1725 X43.807 Y42.177 E219.50882
G0 F8625 X43.975 Y41.444
G1 F1725 X25.032 Y60.386 E220.39982
G0 F8625 X25.333 Y59.52
G1 F1725 X44.143 Y40.71 E221.28458
G0 F8625 X44.31 Y39.977
G1 F1725 X25.633 Y58.654 E222.16309
G0 F8625 X25.933 Y57.788
G1 F1725 X44.477 Y39.244 E223.03535
G0 F8625 X44.645 Y38.511
G1 F1725 X26.234 Y56.922 E223.90134
G0 F8625 X26.534 Y56.056
G1 F1725 X44.812 Y37.778 E224.76108
G0 F8625 X44.98 Y37.045
G1 F1725 X26.835 Y55.19 E225.61457
G0 F8625 X27.135 Y54.323
G1 F1725 X45.147 Y36.311 E226.4618
G0 F8625 X45.315 Y35.578
G1 F1725 X27.435 Y53.458 E227.30282
G0 F8625 X27.736 Y52.592
G1 F1725 X45.483 Y34.845 E228.13758
G0 F8625 X45.649 Y34.112
G1 F1725 X28.036 Y51.726 E228.96607
G0 F8625 X28.337 Y50.859
G1 F1725 X45.817 Y33.379 E229.78827
G0 F8625 X45.985 Y32.646
G1 F1725 X28.636 Y49.994 E230.60429
G0 F8625 X28.937 Y49.128
G1 F1725 X46.152 Y31.912 E231.41406
G0 F8625 X46.32 Y31.179
G1 F1725 X29.237 Y48.261 E232.21757
G0 F8625 X29.538 Y47.395
G1 F1725 X46.487 Y30.446 E233.0148
G0 F8625 X46.654 Y29.713
G1 F1725 X29.838 Y46.53 E233.80579
G0 F8625 X30.138 Y45.664
G1 F1725 X46.822 Y28.98 E234.59056
G0 F8625 X46.989 Y28.247
G1 F1725 X30.439 Y44.797 E235.36902
G0 F8625 X30.739 Y43.931
G1 F1725 X47.157 Y27.514 E236.14125
G0 F8625 X47.325 Y26.78
G1 F1725 X31.04 Y43.065 E236.90724
G0 F8625 X31.34 Y42.199
G1 F1725 X47.431 Y26.109 E237.66409
G0 F8625 X47.458 Y25.515
G1 F1725 X31.64 Y41.333 E238.40812
G0 F8625 X31.941 Y40.467
G1 F1725 X47.419 Y24.989 E239.13616
G0 F8625 X47.337 Y24.505
G1 F1725 X32.241 Y39.601 E239.84623
G0 F8625 X32.541 Y38.735
G1 F1725 X47.224 Y24.052 E240.53687
G0 F8625 X47.065 Y23.646
G1 F1725 X32.842 Y37.869 E241.20588
G0 F8625 X33.142 Y37.003
G1 F1725 X46.883 Y23.262 E241.85221
G0 F8625 X46.684 Y22.895
G1 F1725 X33.443 Y36.137 E242.47505
G0 F8625 X33.743 Y35.27
G1 F1725 X46.444 Y22.569 E243.07247
G0 F8625 X46.193 Y22.255
G1 F1725 X34.043 Y34.405 E243.64397
G0 F8625 X34.343 Y33.539
G1 F1725 X45.917 Y21.965 E244.18837
G0 F8625 X45.615 Y21.702
G1 F1725 X34.644 Y32.673 E244.70441
G0 F8625 X34.945 Y31.806
G1 F1725 X45.299 Y21.451 E245.19146
G0 F8625 X44.947 Y21.238
G1 F1725 X35.244 Y30.941 E245.64786
G0 F8625 X35.545 Y30.075
G1 F1725 X44.576 Y21.043 E246.07267
G0 F8625 X44.181 Y20.872
G1 F1725 X35.845 Y29.208 E246.46477
G0 F8625 X36.146 Y28.342
G1 F1725 X43.745 Y20.743 E246.82221
G0 F8625 X43.283 Y20.639
G1 F1725 X36.446 Y27.477 E247.14382
G0 F8625 X36.746 Y26.611
G1 F1725 X42.784 Y20.573 E247.42783
G0 F8625 X42.229 Y20.562
G1 F1725 X37.047 Y25.744 E247.67158
G0 F8625 X37.347 Y24.878
G1 F1725 X41.595 Y20.631 E247.87136
G0 F8625 X40.845 Y20.815
G1 F1725 X37.648 Y24.012 E248.02174
G0 F8625 X37.215 Y23.862
G0 X37.771 Y22.7
G0 X38.163 Y22.931
G1 F1725 X39.783 Y21.311 E248.09794
G1 F2700 E243.09794
G0 F8625 X39.563 Y20.912
G0 X38.379 Y21.97
G0 X37.94 Y22.591
G0 X23.218 Y73.281
G0 X21.763 Y75.033
G0 X21.365 Y74.801
G1 F2700 E248.09794
G1 F1725 X19.325 Y76.841 E248.1939
G0 F8625 X19.025 Y77.707
G1 F1725 X20.802 Y75.931 E248.27746
G0 F8625 X20.53 Y76.768
G1 F1725 X18.725 Y78.573 E248.36236
G0 F8625 X18.424 Y79.439
G1 F1725 X20.385 Y77.478 E248.4546
G0 F8625 X20.339 Y78.091
G1 F1725 X18.124 Y80.305 E248.55876
G0 F8625 X17.824 Y81.171
G1 F1725 X20.32 Y78.675 E248.67617
G0 F8625 X20.366 Y79.195
G1 F1725 X17.524 Y82.037 E248.80985
G0 F8625 X17.223 Y82.903
G1 F1725 X20.426 Y79.7 E248.9605
G0 F8625 X20.534 Y80.158
G1 F1725 X16.922 Y83.77 E249.1304
G0 F8625 X16.622 Y84.636
G1 F1725 X20.658 Y80.6 E249.32024
G0 F8625 X20.802 Y81.021
G1 F1725 X16.322 Y85.501 E249.53097
G0 F8625 X16.022 Y86.367
G1 F1725 X20.984 Y81.405 E249.76437
G0 F8625 X21.167 Y81.788
G1 F1725 X15.721 Y87.234 E250.02053
G0 F8625 X15.421 Y88.1
G1 F1725 X21.38 Y82.14 E250.30085
G0 F8625 X21.61 Y82.476
G1 F1725 X15.121 Y88.965 E250.60607
G0 F8625 X14.82 Y89.832
G1 F1725 X21.844 Y82.808 E250.93646
G0 F8625 X22.108 Y83.11
G1 F1725 X14.52 Y90.698 E251.29337
G0 F8625 X14.219 Y91.564
G1 F1725 X22.383 Y83.4 E251.67738
G0 F8625 X22.672 Y83.677
G1 F1725 X13.919 Y92.429 E252.08907
G0 F8625 X13.619 Y93.296
G1 F1725 X22.987 Y83.927 E252.52974
G0 F8625 X23.311 Y84.169
G1 F1725 X13.318 Y94.162 E252.99978
G0 F8625 X13.018 Y95.028
G1 F1725 X23.65 Y84.396 E253.49987
G0 F8625 X24.022 Y84.59
G1 F1725 X12.717 Y95.894 E254.0316
G0 F8625 X12.418 Y96.76
G1 F1725 X24.394 Y84.784 E254.59492
G0 F8625 X24.793 Y84.95
G1 F1725 X12.117 Y97.626 E255.19116
G0 F8625 X11.816 Y98.492
G1 F1725 X25.214 Y85.095 E255.82134
G0 F8625 X25.652 Y85.223
G1 F1725 X11.516 Y99.358 E256.48623
G0 F8625 X11.216 Y100.224
G1 F1725 X26.131 Y85.309 E257.18778
G0 F8625 X26.623 Y85.383
G1 F1725 X10.916 Y101.09 E257.92659
G0 F8625 X10.615 Y101.956
G1 F1725 X27.168 Y85.403 E258.70519
G0 F8625 X27.737 Y85.4
G1 F1725 X10.315 Y102.823 E259.52469
G0 F8625 X10.014 Y103.689
G1 F1725 X28.39 Y85.312 E260.38907
G0 F8625 X29.094 Y85.175
G1 F1725 X9.714 Y104.554 E261.30062
G0 F8625 X9.414 Y105.42
G1 F1725 X29.944 Y84.89 E262.26629
G0 F8625 X29.761 Y84.463
G0 X30.974 Y83.79
G0 X31.244 Y84.156
G1 F1725 X9.113 Y106.287 E263.30726
G0 F8625 X8.813 Y107.153
G1 F1725 X34.855 Y81.111 E264.5322
G0 F8625 X35.29 Y81.266
G0 X34.848 Y82.303
G0 X34.434 Y82.097
G1 F1725 X8.513 Y108.018 E265.75144
G0 F8625 X7.797 Y107.768
G1 F2700 E260.75144
;MESH:NONMESH
G0 F300 X7.797 Y107.768 Z0.6
G0 F8625 X18.011 Y79.476
G0 X20.822 Y79.779
G0 X22.749 Y82.156
G0 X23.4 Y82.835
G0 X24.152 Y83.399
G0 X24.984 Y83.836
G0 X25.877 Y84.134
G0 X26.804 Y84.285
G0 X27.564 Y84.285
G0 X30.691 Y83.875
;TIME_ELAPSED:401.490585
;LAYER:2
M106 S170
;TYPE:WALL-INNER
;MESH:Sperrklinke
G1 F2700 E265.75144
G1 F2250 X29.79 Y84.352 E265.78535
G1 X28.806 Y84.681 E265.81986
G1 X27.788 Y84.844 E265.85415
G1 X26.755 Y84.844 E265.88851
G1 X25.738 Y84.681 E265.92277
G1 X24.77 Y84.353 E265.95676
G1 X23.858 Y83.879 E265.99095
G1 X23.025 Y83.256 E266.02554
G1 X22.307 Y82.507 E266.06005
G1 X21.728 Y81.663 E266.09409
G1 X21.282 Y80.729 E266.12852
G1 X20.999 Y79.742 E266.16267
G1 X20.872 Y78.717 E266.19702
G1 X20.918 Y77.686 E266.23135
G1 X21.117 Y76.687 E266.26523
G1 X21.484 Y75.718 E266.29969
G1 X21.996 Y74.831 E266.33375
G1 X22.652 Y74.026 E266.36829
G1 X23.422 Y73.342 E266.40255
G1 X24.296 Y72.787 E266.43698
G1 X25.25 Y72.382 E266.47145
G1 X26.247 Y72.141 E266.50557
G1 X27.268 Y72.054 E266.53965
G1 X28.309 Y72.146 E266.57441
G1 X29.302 Y72.389 E266.60841
G1 X30.246 Y72.786 E266.64247
G1 X31.122 Y73.342 E266.67698
G1 X31.892 Y74.026 E266.71124
G1 X32.545 Y74.827 E266.74561
G1 X33.057 Y75.714 E266.77967
G1 X33.425 Y76.682 E266.81412
G1 X33.63 Y77.676 E266.84787
G1 X33.672 Y78.705 E266.88213
G1 X33.552 Y79.733 E266.91655
G1 X33.256 Y80.743 E266.95156
G1 X32.817 Y81.663 E266.98546
G1 X32.235 Y82.51 E267.01964
G1 X31.525 Y83.257 E267.05392
G1 X30.691 Y83.875 E267.08844
G0 F11250 X30.472 Y83.539
G1 F2250 X29.633 Y83.983 E267.12002
G1 X28.713 Y84.291 E267.15228
G1 X27.756 Y84.444 E267.18452
G1 X26.788 Y84.444 E267.21671
G1 X25.836 Y84.291 E267.24878
G1 X24.924 Y83.984 E267.28079
G1 X24.07 Y83.539 E267.31282
G1 X23.295 Y82.96 E267.345
G1 X22.62 Y82.257 E267.37741
G1 X22.074 Y81.462 E267.40949
G1 X21.656 Y80.583 E267.44186
G1 X21.393 Y79.666 E267.47359
G1 X21.273 Y78.701 E267.50593
G1 X21.324 Y77.692 E267.53954
G1 X21.502 Y76.799 E267.56982
G1 X21.849 Y75.885 E267.60234
G1 X22.328 Y75.057 E267.63415
G1 X22.944 Y74.3 E267.66661
G1 X23.665 Y73.661 E267.69866
G1 X24.477 Y73.145 E267.73066
G1 X25.375 Y72.764 E267.7631
G1 X26.31 Y72.537 E267.7951
G1 X27.271 Y72.456 E267.82718
G1 X28.241 Y72.537 E267.85955
G1 X29.17 Y72.764 E267.89136
G1 X30.067 Y73.145 E267.92378
G1 X30.879 Y73.661 E267.95577
G1 X31.603 Y74.303 E267.98796
G1 X32.211 Y75.049 E268.01997
G1 X32.693 Y75.883 E268.05201
G1 X33.04 Y76.794 E268.08443
G1 X33.231 Y77.725 E268.11604
G1 X33.271 Y78.697 E268.1484
G1 X33.149 Y79.687 E268.18157
G1 X32.891 Y80.568 E268.2121
G1 X32.468 Y81.465 E268.24509
G1 X31.925 Y82.256 E268.277
G1 X31.257 Y82.957 E268.30921
G1 X30.472 Y83.539 E268.34171
G0 F11250 X30.221 Y83.219
G1 F2250 X29.476 Y83.612 E268.36972
G1 X28.614 Y83.902 E268.39997
G1 X27.723 Y84.044 E268.42998
G1 X26.82 Y84.044 E268.46002
G1 X25.931 Y83.901 E268.48997
G1 X25.077 Y83.615 E268.51992
G1 X24.282 Y83.198 E268.54978
G1 X23.555 Y82.654 E268.57998
G1 X22.935 Y82.008 E268.60976
G1 X22.422 Y81.26 E268.63993
G1 X22.033 Y80.448 E268.66987
G1 X21.785 Y79.583 E268.6998
G1 X21.674 Y78.683 E268.72996
G1 X21.719 Y77.756 E268.76083
G1 X21.901 Y76.875 E268.79075
G1 X22.213 Y76.055 E268.81993
G1 X22.659 Y75.284 E268.84956
G1 X23.202 Y74.616 E268.87819
G1 X23.903 Y73.984 E268.90958
G1 X24.669 Y73.498 E268.93975
G1 X25.503 Y73.143 E268.9699
G1 X26.326 Y72.944 E268.99806
G1 X27.271 Y72.857 E269.02963
G1 X28.178 Y72.936 E269.05991
G1 X29.005 Y73.135 E269.0882
G1 X29.873 Y73.497 E269.11948
G1 X30.638 Y73.983 E269.14962
G1 X31.311 Y74.577 E269.17948
G1 X31.883 Y75.279 E269.2096
G1 X32.33 Y76.053 E269.23933
G1 X32.654 Y76.905 E269.26964
G1 X32.834 Y77.779 E269.29932
G1 X32.87 Y78.684 E269.32945
G1 X32.758 Y79.598 E269.36007
G1 X32.514 Y80.434 E269.38904
G1 X32.138 Y81.227 E269.41823
G1 X31.613 Y82.002 E269.44936
G1 X30.99 Y82.656 E269.47941
G1 X30.221 Y83.219 E269.51111
G1 F2700 E264.51111
G0 F11250 X30.36 Y83.486
G0 X28.976 Y84.815
G0 X23.622 Y104.692
G0 X23.122 Y105.763
G0 X19.51 Y104.824
G0 X18.202 Y109.711
G0 X20.411 Y110.326
G0 X20.187 Y112.063
G1 F2700 E269.51111
G1 F2250 X20.536 Y111.359 E269.53724
G1 X18.355 Y110.764 E269.61243
G1 X17.892 Y110.539 E269.62955
G1 X17.573 Y110.21 E269.64479
G1 X17.397 Y109.86 E269.65782
G1 X17.329 Y109.539 E269.66874
G1 X17.332 Y109.198 E269.68008
G1 X18.492 Y104.86 E269.82943
G1 X18.602 Y104.638 E269.83767
G1 X18.824 Y104.351 E269.84974
G1 X19.094 Y104.141 E269.86112
G1 X19.381 Y104.011 E269.8716
G1 X19.658 Y103.952 E269.88102
G1 X20.02 Y103.951 E269.89306
G1 X23.729 Y104.927 E270.02062
G1 X34.959 Y82.31 E270.86049
G1 X35.246 Y81.691 E270.88318
G1 X35.477 Y81.039 E270.90619
G1 X35.665 Y80.338 E270.93033
G1 X47.88 Y26.873 E272.7544
G1 X48.003 Y26.107 E272.7802
G1 X48.025 Y25.371 E272.80469
G1 X47.945 Y24.639 E272.82919
G1 X47.775 Y23.924 E272.85363
G1 X47.511 Y23.239 E272.87805
G1 X47.156 Y22.59 E272.90265
G1 X46.713 Y21.987 E272.92754
G1 X46.212 Y21.463 E272.95165
G1 X45.629 Y20.995 E272.97651
G1 X45.005 Y20.62 E273.00073
G1 X44.334 Y20.329 E273.02505
G1 X43.607 Y20.12 E273.05021
G1 X42.893 Y20.015 E273.07422
G1 X42.151 Y20.002 E273.0989
G1 X41.419 Y20.088 E273.12341
G1 X40.697 Y20.271 E273.14819
G1 X40.023 Y20.539 E273.17231
G1 X39.371 Y20.904 E273.19716
G1 X38.788 Y21.343 E273.22144
G1 X38.259 Y21.863 E273.24611
G1 X37.801 Y22.449 E273.27085
G1 X37.435 Y23.074 E273.29494
G1 X37.132 Y23.791 E273.32083
G1 X7.684 Y108.7 E276.30993
G1 X7.684 Y112.064 E276.42182
G1 X20.187 Y112.063 E276.83767
G0 F11250 X20.435 Y112.463
G1 F2250 X21.111 Y111.101 E276.88824
G1 X18.46 Y110.378 E276.97964
G1 X18.13 Y110.217 E276.99185
G1 X17.902 Y109.982 E277.00274
G1 X17.776 Y109.732 E277.01205
G1 X17.729 Y109.261 E277.0278
G1 X18.845 Y105.085 E277.17156
G1 X19.021 Y104.731 E277.18471
G1 X19.2 Y104.552 E277.19313
G1 X19.401 Y104.431 E277.20094
G1 X19.794 Y104.344 E277.21432
G1 X20.067 Y104.376 E277.22347
G1 X23.942 Y105.397 E277.35675
G1 X35.32 Y82.482 E278.20768
G1 X35.601 Y81.864 E278.23026
G1 X35.611 Y81.859 E278.23064
G1 X35.86 Y81.158 E278.25538
G1 X36.049 Y80.454 E278.27962
G1 X48.273 Y26.949 E280.10506
G1 X48.402 Y26.145 E280.13214
G1 X48.426 Y25.356 E280.1584
G1 X48.34 Y24.571 E280.18466
G1 X48.158 Y23.806 E280.21082
G1 X47.874 Y23.07 E280.23706
G1 X47.494 Y22.375 E280.2634
G1 X47.02 Y21.729 E280.29005
G1 X46.483 Y21.167 E280.3159
G1 X45.858 Y20.667 E280.34252
G1 X45.189 Y20.264 E280.3685
G1 X44.469 Y19.952 E280.3946
G1 X43.691 Y19.728 E280.42153
G1 X42.926 Y19.615 E280.44725
G1 X42.131 Y19.602 E280.47369
G1 X41.347 Y19.694 E280.49995
G1 X40.574 Y19.89 E280.52647
G1 X39.851 Y20.177 E280.55234
G1 X39.152 Y20.568 E280.57898
G1 X38.527 Y21.04 E280.60503
G1 X37.96 Y21.596 E280.63144
G1 X37.469 Y22.224 E280.65796
G1 X37.076 Y22.894 E280.68379
G1 X36.759 Y23.647 E280.71097
G1 X7.284 Y108.633 E283.70279
G1 X7.284 Y112.464 E283.83021
G1 X20.435 Y112.463 E284.26761
G0 F11250 X20.683 Y112.863
G1 F2250 X21.686 Y110.843 E284.34262
G1 X18.565 Y109.992 E284.45022
G1 X18.367 Y109.895 E284.45755
G1 X18.23 Y109.754 E284.46409
G1 X18.155 Y109.604 E284.46967
G1 X18.127 Y109.318 E284.47923
G1 X19.245 Y105.147 E284.62285
G1 X19.388 Y104.918 E284.63183
G1 X19.687 Y104.756 E284.64314
G1 X19.965 Y104.763 E284.65239
G1 X24.155 Y105.867 E284.79651
G1 X35.681 Y82.654 E285.65851
G1 X35.964 Y82.034 E285.68118
G1 X35.976 Y82.026 E285.68166
G1 X36.242 Y81.277 E285.7081
G1 X36.437 Y80.551 E285.7331
G1 X48.666 Y27.025 E287.55925
G1 X48.801 Y26.183 E287.58762
G1 X48.826 Y25.34 E287.61567
G1 X48.735 Y24.503 E287.64367
G1 X48.541 Y23.687 E287.67157
G1 X48.238 Y22.902 E287.69955
G1 X47.832 Y22.159 E287.72771
G1 X47.327 Y21.471 E287.7561
G1 X46.753 Y20.872 E287.78369
G1 X46.087 Y20.338 E287.81208
G1 X45.372 Y19.907 E287.83985
G1 X44.604 Y19.574 E287.86769
G1 X43.776 Y19.336 E287.89635
G1 X42.958 Y19.216 E287.92385
G1 X42.111 Y19.201 E287.95202
G1 X41.274 Y19.3 E287.98005
G1 X40.45 Y19.508 E288.00832
G1 X39.679 Y19.815 E288.03592
G1 X38.933 Y20.232 E288.06435
G1 X38.265 Y20.736 E288.09218
G1 X37.661 Y21.329 E288.12033
G1 X37.138 Y21.999 E288.1486
G1 X36.718 Y22.714 E288.17618
G1 X36.385 Y23.504 E288.2047
G1 X6.884 Y108.566 E291.19919
G1 X6.884 Y112.864 E291.34214
G1 X20.683 Y112.863 E291.8011
G0 F11250 X20.931 Y113.263
;TYPE:WALL-OUTER
G1 F2250 X22.26 Y110.585 E291.90053
G1 X18.671 Y109.606 E292.02427
G1 X18.559 Y109.526 E292.02884
G1 X18.516 Y109.411 E292.03293
G1 X19.633 Y105.235 E292.17671
G1 X19.75 Y105.153 E292.18146
G1 X19.863 Y105.15 E292.18522
G1 X24.369 Y106.337 E292.3402
G1 X36.043 Y82.826 E293.21327
G1 X36.326 Y82.203 E293.23603
G1 X36.341 Y82.194 E293.23661
G1 X36.624 Y81.396 E293.26477
G1 X36.835 Y80.606 E293.29197
G1 X49.059 Y27.101 E295.11741
G1 X49.2 Y26.221 E295.14705
G1 X49.227 Y25.324 E295.1769
G1 X49.13 Y24.435 E295.20664
G1 X48.924 Y23.568 E295.23628
G1 X48.602 Y22.733 E295.26604
G1 X48.17 Y21.944 E295.29596
G1 X47.634 Y21.213 E295.32611
G1 X47.024 Y20.576 E295.35545
G1 X46.317 Y20.009 E295.38559
G1 X45.556 Y19.551 E295.41513
G1 X44.74 Y19.197 E295.44471
G1 X43.861 Y18.944 E295.47514
G1 X42.991 Y18.816 E295.50438
G1 X42.091 Y18.801 E295.53432
G1 X41.201 Y18.906 E295.56413
G1 X40.326 Y19.127 E295.59415
G1 X39.507 Y19.453 E295.62346
G1 X38.714 Y19.896 E295.65368
G1 X38.003 Y20.432 E295.68329
G1 X37.362 Y21.062 E295.71318
G1 X36.806 Y21.773 E295.7432
G1 X36.36 Y22.534 E295.77254
G1 X36.011 Y23.36 E295.80237
G1 X6.484 Y108.498 E298.79953
G1 X6.484 Y113.264 E298.95805
G1 X20.931 Y113.263 E299.43856
G1 F2700 E294.43856
G0 F11250 X20.508 Y112.58
G0 X20.586 Y110.788
G0 X17.712 Y109.992
G0 X19.226 Y104.335
G0 X23.351 Y105.411
G0 X33.471 Y84.897
G0 X31.739 Y83.294
G0 X30.48 Y83.411
G0 X30.06 Y82.849
G1 F2700 E299.43856
G1 F2250 X29.3 Y83.25 E299.46714
G1 X28.504 Y83.514 E299.49503
G1 X27.704 Y83.642 E299.52198
G1 X26.84 Y83.642 E299.55072
G1 X26.012 Y83.506 E299.57862
G1 X25.231 Y83.245 E299.60601
G1 X24.484 Y82.849 E299.63413
G1 X23.811 Y82.343 E299.66214
G1 X23.235 Y81.738 E299.68992
G1 X22.763 Y81.047 E299.71775
G1 X22.403 Y80.288 E299.74569
G1 X22.177 Y79.489 E299.77331
G1 X22.077 Y78.685 E299.80026
G1 X22.115 Y77.812 E299.82932
G1 X22.271 Y77.032 E299.85578
G1 X22.582 Y76.215 E299.88486
G1 X22.982 Y75.523 E299.91144
G1 X23.512 Y74.869 E299.93944
G1 X24.16 Y74.295 E299.96823
G1 X24.869 Y73.847 E299.99612
G1 X25.644 Y73.521 E300.02409
G1 X26.451 Y73.328 E300.05169
G1 X27.289 Y73.26 E300.07965
G1 X28.113 Y73.33 E300.10716
G1 X28.917 Y73.526 E300.13468
G1 X29.675 Y73.847 E300.16206
G1 X30.409 Y74.314 E300.19099
G1 X31.032 Y74.869 E300.21874
G1 X31.562 Y75.523 E300.24674
G1 X31.962 Y76.215 E300.27333
G1 X32.264 Y77.005 E300.30146
G1 X32.436 Y77.844 E300.32994
G1 X32.467 Y78.684 E300.3579
G1 X32.365 Y79.52 E300.38591
G1 X32.137 Y80.3 E300.41294
G1 X31.78 Y81.049 E300.44054
G1 X31.309 Y81.738 E300.4683
G1 X30.712 Y82.365 E300.49709
G1 X30.06 Y82.849 E300.5241
G1 F2700 E295.5241
G0 F11250 X30.48 Y83.411
G0 X28.976 Y84.815
G0 X23.622 Y104.692
G0 X23.271 Y105.389
G0 X19.226 Y104.335
G0 X17.712 Y109.992
G0 X20.285 Y111.472
G0 X20.122 Y111.816
G0 X19.96 Y111.7
;TYPE:SKIN
G1 F2700 E300.5241
G1 F2250 X8.044 Y111.704 E300.92043
G1 X8.044 Y108.758 E301.01841
G1 X37.471 Y23.908 E304.00544
G1 X37.756 Y23.23 E304.0299
G1 X38.094 Y22.653 E304.05214
G1 X38.522 Y22.106 E304.07524
G1 X39.023 Y21.612 E304.09864
G1 X39.57 Y21.201 E304.1214
G1 X40.178 Y20.862 E304.14455
G1 X40.802 Y20.615 E304.16687
G1 X41.485 Y20.442 E304.19031
G1 X42.171 Y20.361 E304.21328
G1 X42.867 Y20.372 E304.23643
G1 X43.521 Y20.472 E304.25844
G1 X44.216 Y20.669 E304.28246
G1 X44.84 Y20.939 E304.30508
G1 X45.417 Y21.289 E304.32752
G1 X45.968 Y21.728 E304.35096
G1 X46.43 Y22.213 E304.37323
G1 X46.85 Y22.78 E304.3967
G1 X47.182 Y23.393 E304.41989
G1 X47.428 Y24.024 E304.44242
G1 X47.59 Y24.706 E304.46573
G1 X47.663 Y25.384 E304.48841
G1 X47.64 Y26.069 E304.51121
G1 X47.527 Y26.794 E304.53561
G1 X35.313 Y80.242 E306.35913
G1 X35.132 Y80.928 E306.38272
G1 X34.914 Y81.54 E306.40433
G1 X34.643 Y82.128 E306.42587
G1 X23.533 Y104.501 E307.25669
G1 X20.267 Y103.642 E307.36901
G1 X19.776 Y103.584 E307.38546
G1 X19.421 Y103.625 E307.39734
G1 X18.985 Y103.768 E307.41261
G1 X18.584 Y104.082 E307.42955
G1 X18.273 Y104.483 E307.44642
G1 X18.118 Y104.865 E307.46014
G1 X16.978 Y109.12 E307.60665
G1 X16.968 Y109.549 E307.62092
G1 X17.048 Y109.95 E307.63452
G1 X17.274 Y110.418 E307.65181
G1 X17.677 Y110.834 E307.67107
G1 X18.259 Y111.11 E307.69249
G1 X20.015 Y111.589 E307.75303
G1 X19.96 Y111.7 E307.75715
G1 F2700 E302.75715
G0 F11250 X19.96 Y111.964
G0 X20.55 Y110.781
G0 X17.712 Y109.992
G0 X19.226 Y104.335
G0 X23.638 Y104.728
G0 X33.304 Y85.234
G0 X31.534 Y83.474
G0 X30.743 Y83.961
G0 X30.892 Y84.173
G1 F2700 E307.75715
G1 F2250 X31.64 Y83.617 E307.78815
G1 X31.861 Y83.422 E307.79795
G1 X32.509 Y82.742 E307.8292
G1 X33.136 Y81.829 E307.86603
G1 X33.593 Y80.872 E307.90131
G1 X33.892 Y79.857 E307.9365
G1 X34.017 Y78.859 E307.96995
G1 X34.025 Y78.584 E307.9791
G1 X33.995 Y77.765 E308.00636
G1 X33.959 Y77.497 E308.01536
G1 X33.801 Y76.716 E308.04186
G1 X33.724 Y76.458 E308.05081
G1 X33.44 Y75.701 E308.07771
G1 X33.316 Y75.447 E308.08711
G1 X32.91 Y74.74 E308.11422
G1 X32.757 Y74.518 E308.12319
G1 X32.234 Y73.87 E308.15089
G1 X32.046 Y73.682 E308.15973
G1 X31.45 Y73.15 E308.1863
G1 X31.229 Y72.983 E308.19551
G1 X30.536 Y72.543 E308.22282
G1 X30.299 Y72.415 E308.23178
G1 X29.404 Y72.045 E308.26399
G1 X28.38 Y71.793 E308.29906
G1 X27.414 Y71.704 E308.33133
G1 X27.122 Y71.704 E308.34104
G1 X26.194 Y71.784 E308.37202
G1 X25.281 Y72.001 E308.40323
G1 X25.015 Y72.09 E308.41256
G1 X24.254 Y72.411 E308.44003
G1 X24.008 Y72.538 E308.44924
G1 X23.22 Y73.039 E308.4803
G1 X22.499 Y73.674 E308.51225
G1 X22.296 Y73.889 E308.52209
G1 X21.792 Y74.509 E308.54866
G1 X21.64 Y74.724 E308.55742
G1 X21.234 Y75.428 E308.58445
G1 X21.112 Y75.675 E308.59361
G1 X20.772 Y76.569 E308.62542
G1 X20.559 Y77.629 E308.66138
G1 X20.516 Y78.579 E308.69301
G1 X20.528 Y78.869 E308.70267
G1 X20.641 Y79.801 E308.73389
G1 X20.931 Y80.831 E308.76948
G1 X21.407 Y81.827 E308.8062
G1 X21.951 Y82.622 E308.83824
G1 X22.127 Y82.843 E308.84764
G1 X22.679 Y83.419 E308.87417
G1 X22.888 Y83.603 E308.88343
G1 X23.656 Y84.177 E308.91532
G1 X24.627 Y84.681 E308.95171
G1 X25.515 Y84.986 E308.98294
G1 X25.815 Y85.055 E308.99318
G1 X26.552 Y85.174 E309.01801
G1 X26.856 Y85.204 E309.02817
G1 X27.683 Y85.204 E309.05567
G1 X27.979 Y85.176 E309.06556
G1 X28.748 Y85.054 E309.09146
G1 X29.015 Y84.991 E309.10058
G1 X29.912 Y84.69 E309.13205
G1 X30.892 Y84.173 E309.1689
G1 F2700 E304.1689
G0 F11250 X30.743 Y83.961
G0 X28.722 Y84.877
G0 X7.884 Y108.734
G0 X7.784 Y111.199
G0 X8.244 Y111.199
G1 F2700 E309.1689
G1 F2250 X8.549 Y111.504 E309.18325
G0 F11250 X9.115 Y111.504
G1 F2250 X8.244 Y110.633 E309.22422
G0 F11250 X8.244 Y110.068
G1 F2250 X9.68 Y111.503 E309.29174
G0 F11250 X10.245 Y111.503
G1 F2250 X8.244 Y109.502 E309.38586
G0 F11250 X8.244 Y108.936
G1 F2250 X10.811 Y111.503 E309.50661
G0 F11250 X11.376 Y111.502
G1 F2250 X8.353 Y108.479 E309.6488
G0 F11250 X8.499 Y108.059
G1 F2250 X11.942 Y111.502 E309.81075
G0 F11250 X12.507 Y111.502
G1 F2250 X8.644 Y107.639 E309.99245
G0 F11250 X8.79 Y107.219
G1 F2250 X13.072 Y111.502 E310.19389
G0 F11250 X13.637 Y111.501
G1 F2250 X8.936 Y106.799 E310.41503
G0 F11250 X9.081 Y106.379
G1 F2250 X14.203 Y111.501 E310.65595
G0 F11250 X14.768 Y111.5
G1 F2250 X9.227 Y105.959 E310.91658
G0 F11250 X9.373 Y105.539
G1 F2250 X15.334 Y111.5 E311.19697
G0 F11250 X15.899 Y111.5
G1 F2250 X9.518 Y105.119 E311.49711
G0 F11250 X9.664 Y104.699
G1 F2250 X16.464 Y111.499 E311.81697
G0 F11250 X17.03 Y111.499
G1 F2250 X9.81 Y104.279 E312.15657
G0 F11250 X9.955 Y103.859
G1 F2250 X17.434 Y111.337 E312.50834
G1 X17.434 Y111.338
G1 X17.596 Y111.499 E312.51593
G0 F11250 X17.752 Y111.09
G1 F2250 X18.161 Y111.499 E312.53517
G0 F11250 X18.652 Y111.424
G1 F2250 X18.727 Y111.499 E312.5387
G0 F11250 X18.727 Y111.964
G0 X20.084 Y111.897
G0 X20.285 Y111.472
G0 X17.434 Y110.153
G0 X17.021 Y110.36
G1 F2250 X10.101 Y103.439 E312.86422
G0 F11250 X10.247 Y103.019
G1 F2250 X16.768 Y109.541 E313.17097
G0 F11250 X16.8 Y109.007
G1 F2250 X10.392 Y102.599 E313.47238
G0 F11250 X10.538 Y102.179
G1 F2250 X16.92 Y108.561 E313.77257
G0 F11250 X17.039 Y108.115
G1 F2250 X10.684 Y101.759 E314.07152
G0 F11250 X10.829 Y101.339
G1 F2250 X17.159 Y107.668 E314.36924
G0 F11250 X17.277 Y107.221
G1 F2250 X10.975 Y100.919 E314.66566
G0 F11250 X11.121 Y100.499
G1 F2250 X17.397 Y106.775 E314.96087
G0 F11250 X17.516 Y106.329
G1 F2250 X11.266 Y100.079 E315.25485
G0 F11250 X11.412 Y99.659
G1 F2250 X17.636 Y105.883 E315.54761
G0 F11250 X17.755 Y105.437
G1 F2250 X11.558 Y99.239 E315.83912
G0 F11250 X11.703 Y98.819
G1 F2250 X17.875 Y104.991 E316.12943
G0 F11250 X18.023 Y104.573
G1 F2250 X11.849 Y98.399 E316.41984
G0 F11250 X11.995 Y97.979
G1 F2250 X18.227 Y104.211 E316.71297
G0 F11250 X18.486 Y103.904
G1 F2250 X12.14 Y97.559 E317.01144
G0 F11250 X12.286 Y97.139
G1 F2250 X18.806 Y103.659 E317.31812
G0 F11250 X19.203 Y103.49
G1 F2250 X12.432 Y96.719 E317.63661
G0 F11250 X12.577 Y96.299
G1 F2250 X19.673 Y103.395 E317.97038
G0 F11250 X20.289 Y103.445
G1 F2250 X12.723 Y95.879 E318.32627
G0 F11250 X12.869 Y95.459
G1 F2250 X21.056 Y103.646 E318.71136
G0 F11250 X21.821 Y103.846
G1 F2250 X13.014 Y95.039 E319.12561
G0 F11250 X13.16 Y94.619
G1 F2250 X22.588 Y104.047 E319.56908
G0 F11250 X23.354 Y104.247
G1 F2250 X13.306 Y94.199 E320.0417
G0 F11250 X13.451 Y93.779
G1 F2250 X23.596 Y103.923 E320.51887
G0 F11250 X23.784 Y103.546
G1 F2250 X13.597 Y93.359 E320.99803
G0 F11250 X13.743 Y92.939
G1 F2250 X23.972 Y103.168 E321.47918
G0 F11250 X24.16 Y102.79
G1 F2250 X13.888 Y92.519 E321.96232
G0 F11250 X14.034 Y92.099
G1 F2250 X24.347 Y102.412 E322.44741
G0 F11250 X24.535 Y102.034
G1 F2250 X14.18 Y91.679 E322.93447
G0 F11250 X14.325 Y91.258
G1 F2250 X24.723 Y101.656 E323.42356
G0 F11250 X24.91 Y101.277
G1 F2250 X14.471 Y90.838 E323.91458
G0 F11250 X14.617 Y90.418
G1 F2250 X25.098 Y100.9 E324.4076
G0 F11250 X25.285 Y100.522
G1 F2250 X14.762 Y89.998 E324.90259
G0 F11250 X14.908 Y89.578
G1 F2250 X25.474 Y100.144 E325.39959
G0 F11250 X25.661 Y99.766
G1 F2250 X15.054 Y89.158 E325.89853
G0 F11250 X15.199 Y88.738
G1 F2250 X25.849 Y99.388 E326.39947
G0 F11250 X26.036 Y99.01
G1 F2250 X15.345 Y88.318 E326.90237
G0 F11250 X15.491 Y87.898
G1 F2250 X26.224 Y98.632 E327.40724
G0 F11250 X26.412 Y98.254
G1 F2250 X15.636 Y87.478 E327.91411
G0 F11250 X15.782 Y87.058
G1 F2250 X26.599 Y97.876 E328.42293
G0 F11250 X26.787 Y97.498
G1 F2250 X15.928 Y86.638 E328.93373
G0 F11250 X16.073 Y86.218
G1 F2250 X26.975 Y97.12 E329.44653
G0 F11250 X27.163 Y96.742
G1 F2250 X16.219 Y85.798 E329.9613
G0 F11250 X16.365 Y85.378
G1 F2250 X27.35 Y96.364 E330.47802
G0 F11250 X27.538 Y95.986
G1 F2250 X16.51 Y84.958 E330.99675
G0 F11250 X16.656 Y84.538
G1 F2250 X27.726 Y95.608 E331.51745
G0 F11250 X27.914 Y95.23
G1 F2250 X16.802 Y84.118 E332.04012
G0 F11250 X16.947 Y83.698
G1 F2250 X28.101 Y94.852 E332.56477
G0 F11250 X28.289 Y94.474
G1 F2250 X17.093 Y83.278 E333.09139
G0 F11250 X17.239 Y82.858
G1 F2250 X28.477 Y94.096 E333.62
G0 F11250 X28.664 Y93.718
G1 F2250 X17.384 Y82.438 E334.15057
G0 F11250 X17.53 Y82.018
G1 F2250 X28.852 Y93.34 E334.68312
G0 F11250 X29.039 Y92.962
G1 F2250 X17.676 Y81.598 E335.21763
G0 F11250 X17.821 Y81.178
G1 F2250 X29.228 Y92.584 E335.75416
G0 F11250 X29.415 Y92.206
G1 F2250 X17.967 Y80.758 E336.29263
G0 F11250 X18.113 Y80.338
G1 F2250 X29.603 Y91.828 E336.83309
G0 F11250 X29.79 Y91.45
G1 F2250 X18.258 Y79.918 E337.37552
G0 F11250 X18.404 Y79.498
G1 F2250 X29.978 Y91.072 E337.91992
G0 F11250 X30.166 Y90.694
G1 F2250 X24.106 Y84.634 E338.20497
G0 F11250 X24.317 Y84.231
G0 X25.236 Y84.617
G0 X25.089 Y85.052
G1 F2250 X30.353 Y90.316 E338.45257
G0 F11250 X30.541 Y89.938
G1 F2250 X25.87 Y85.266 E338.6723
G0 F11250 X26.544 Y85.375
G1 F2250 X30.729 Y89.56 E338.86915
G0 F11250 X30.917 Y89.182
G1 F2250 X27.137 Y85.403 E339.04693
G0 F11250 X27.703 Y85.403
G1 F2250 X31.104 Y88.804 E339.2069
G0 F11250 X31.292 Y88.427
G1 F2250 X28.208 Y85.342 E339.35199
G0 F11250 X28.696 Y85.264
G1 F2250 X31.48 Y88.048 E339.48294
G0 F11250 X31.667 Y87.67
G1 F2250 X29.153 Y85.155 E339.60121
G0 F11250 X29.577 Y85.014
G1 F2250 X31.855 Y87.292 E339.70836
G0 F11250 X32.043 Y86.914
G1 F2250 X29.998 Y84.869 E339.80455
G0 F11250 X30.369 Y84.675
G1 F2250 X32.231 Y86.536 E339.89211
G0 F11250 X32.418 Y86.158
G1 F2250 X30.741 Y84.481 E339.97099
G0 F11250 X31.094 Y84.268
G1 F2250 X32.606 Y85.781 E340.04214
G0 F11250 X32.793 Y85.402
G1 F2250 X31.42 Y84.028 E340.10674
G0 F11250 X31.746 Y83.789
G1 F2250 X32.981 Y85.024 E340.16483
G0 F11250 X33.169 Y84.646
G1 F2250 X32.043 Y83.52 E340.2178
G0 F11250 X32.318 Y83.229
G1 F2250 X33.356 Y84.268 E340.26664
G0 F11250 X33.544 Y83.89
G1 F2250 X32.593 Y82.939 E340.31138
G0 F11250 X32.838 Y82.618
G1 F2250 X33.732 Y83.512 E340.35343
G0 F11250 X33.92 Y83.135
G1 F2250 X33.067 Y82.282 E340.39355
G0 F11250 X33.296 Y81.945
G1 F2250 X34.107 Y82.756 E340.4317
G0 F11250 X34.295 Y82.379
G1 F2250 X33.484 Y81.567 E340.46987
G0 F11250 X33.667 Y81.184
G1 F2250 X34.482 Y82 E340.50823
G0 F11250 X34.66 Y81.612
G1 F2250 X33.827 Y80.778 E340.54743
G0 F11250 X33.957 Y80.343
G1 F2250 X34.819 Y81.206 E340.588
G0 F11250 X34.962 Y80.783
G1 F2250 X34.087 Y79.908 E340.62916
G0 F11250 X34.151 Y79.406
G1 F2250 X35.08 Y80.335 E340.67286
G0 F11250 X35.19 Y79.879
G1 F2250 X34.214 Y78.903 E340.71876
G0 F11250 X34.216 Y78.34
G1 F2250 X35.295 Y79.419 E340.76952
G0 F11250 X35.401 Y78.958
G1 F2250 X34.193 Y77.751 E340.82631
G0 F11250 X34.078 Y77.07
G1 F2250 X35.506 Y78.498 E340.89348
G0 F11250 X35.611 Y78.038
G1 F2250 X33.883 Y76.31 E340.97476
G0 F11250 X33.453 Y76.473
G0 X33.086 Y75.561
G0 X33.491 Y75.352
G1 F2250 X35.716 Y77.577 E341.07942
G0 F11250 X35.821 Y77.116
G1 F2250 X23.502 Y64.797 E341.65887
G0 F11250 X23.356 Y65.217
G1 F2250 X30.364 Y72.225 E341.9885
G0 F11250 X30.18 Y72.649
G0 X29.313 Y72.289
G0 X29.421 Y71.847
G1 F2250 X23.211 Y65.637 E342.2806
G0 F11250 X23.065 Y66.057
G1 F2250 X28.667 Y71.659 E342.5441
G0 F11250 X28.001 Y71.558
G1 F2250 X22.919 Y66.477 E342.78312
G0 F11250 X22.774 Y66.897
G1 F2250 X27.381 Y71.505 E342.99984
G0 F11250 X26.839 Y71.528
G1 F2250 X22.628 Y67.317 E343.19792
G0 F11250 X22.482 Y67.737
G1 F2250 X26.319 Y71.573 E343.37837
G0 F11250 X25.842 Y71.662
G1 F2250 X22.337 Y68.157 E343.54324
G0 F11250 X22.191 Y68.577
G1 F2250 X25.384 Y71.77 E343.69343
G0 F11250 X24.95 Y71.902
G1 F2250 X22.045 Y68.997 E343.83007
G0 F11250 X21.9 Y69.417
G1 F2250 X24.551 Y72.068 E343.95476
G0 F11250 X24.154 Y72.237
G1 F2250 X21.754 Y69.837 E344.06765
G0 F11250 X21.608 Y70.257
G1 F2250 X23.791 Y72.44 E344.17033
G0 F11250 X23.446 Y72.661
G1 F2250 X21.463 Y70.677 E344.26363
G0 F11250 X21.317 Y71.097
G1 F2250 X23.102 Y72.882 E344.34759
G0 F11250 X22.796 Y73.142
G1 F2250 X21.171 Y71.517 E344.42403
G0 F11250 X21.026 Y71.938
G1 F2250 X22.496 Y73.408 E344.49317
G0 F11250 X22.21 Y73.688
G1 F2250 X20.88 Y72.358 E344.55573
G0 F11250 X20.734 Y72.778
G1 F2250 X21.951 Y73.994 E344.61295
G0 F11250 X21.698 Y74.307
G1 F2250 X20.589 Y73.198 E344.66511
G0 F11250 X20.443 Y73.618
G1 F2250 X21.461 Y74.636 E344.713
G0 F11250 X21.254 Y74.994
G1 F2250 X20.298 Y74.038 E344.75797
G0 F11250 X20.152 Y74.458
G1 F2250 X21.048 Y75.354 E344.80011
G0 F11250 X20.873 Y75.745
G1 F2250 X20.006 Y74.878 E344.84089
G0 F11250 X19.861 Y75.298
G1 F2250 X20.717 Y76.154 E344.88116
G0 F11250 X20.57 Y76.573
G1 F2250 X19.715 Y75.718 E344.92137
G0 F11250 X19.569 Y76.138
G1 F2250 X20.474 Y77.043 E344.96394
G0 F11250 X20.379 Y77.513
G1 F2250 X19.424 Y76.558 E345.00886
G0 F11250 X19.278 Y76.978
G1 F2250 X20.341 Y78.041 E345.05886
G0 F11250 X20.317 Y78.582
G1 F2250 X19.132 Y77.398 E345.11458
G0 F11250 X18.987 Y77.818
G1 F2250 X20.367 Y79.198 E345.17949
G0 F11250 X20.447 Y79.844
G1 F2250 X18.841 Y78.238 E345.25503
G0 F11250 X18.695 Y78.658
G1 F2250 X20.668 Y80.631 E345.34783
G0 F11250 X21.113 Y80.505
G0 X21.498 Y81.413
G0 X21.083 Y81.611
G1 F2250 X18.55 Y79.078 E345.46698
G0 F11250 X18.117 Y78.928
G0 X23.215 Y64.227
G0 X23.648 Y64.377
G1 F2250 X35.927 Y76.656 E346.04454
G0 F11250 X36.032 Y76.196
G1 F2250 X23.793 Y63.957 E346.62023
G0 F11250 X23.94 Y63.538
G1 F2250 X36.137 Y75.735 E347.19394
G0 F11250 X36.243 Y75.275
G1 F2250 X24.085 Y63.118 E347.76579
G0 F11250 X24.231 Y62.698
G1 F2250 X36.347 Y74.814 E348.33569
G0 F11250 X36.453 Y74.354
G1 F2250 X24.377 Y62.278 E348.90371
G0 F11250 X24.522 Y61.858
G1 F2250 X36.558 Y73.893 E349.46982
G0 F11250 X36.663 Y73.433
G1 F2250 X24.668 Y61.438 E350.03403
G0 F11250 X24.814 Y61.018
G1 F2250 X36.769 Y72.973 E350.59635
G0 F11250 X36.873 Y72.512
G1 F2250 X24.959 Y60.598 E351.15675
G0 F11250 X25.105 Y60.178
G1 F2250 X36.979 Y72.051 E351.71525
G0 F11250 X37.084 Y71.591
G1 F2250 X25.251 Y59.758 E352.27183
G0 F11250 X25.396 Y59.338
G1 F2250 X37.19 Y71.131 E352.82656
G0 F11250 X37.295 Y70.67
G1 F2250 X25.542 Y58.918 E353.37937
G0 F11250 X25.688 Y58.498
G1 F2250 X37.4 Y70.21 E353.93026
G0 F11250 X37.505 Y69.749
G1 F2250 X25.833 Y58.078 E354.47925
G0 F11250 X25.979 Y57.657
G1 F2250 X37.61 Y69.289 E355.02636
G0 F11250 X37.716 Y68.828
G1 F2250 X26.125 Y57.237 E355.57157
G0 F11250 X26.27 Y56.817
G1 F2250 X37.821 Y68.368 E356.11489
G0 F11250 X37.926 Y67.908
G1 F2250 X26.416 Y56.397 E356.65631
G0 F11250 X26.562 Y55.977
G1 F2250 X38.031 Y67.447 E357.1958
G0 F11250 X38.136 Y66.986
G1 F2250 X26.707 Y55.557 E357.73339
G0 F11250 X26.853 Y55.137
G1 F2250 X38.242 Y66.526 E358.26909
G0 F11250 X38.347 Y66.066
G1 F2250 X26.999 Y54.717 E358.80289
G0 F11250 X27.144 Y54.297
G1 F2250 X38.452 Y65.605 E359.33478
G0 F11250 X38.558 Y65.145
G1 F2250 X27.29 Y53.877 E359.86479
G0 F11250 X27.436 Y53.457
G1 F2250 X38.662 Y64.684 E360.39285
G0 F11250 X38.768 Y64.224
G1 F2250 X27.581 Y53.037 E360.91906
G0 F11250 X27.727 Y52.617
G1 F2250 X38.873 Y63.763 E361.44333
G0 F11250 X38.979 Y63.303
G1 F2250 X27.873 Y52.197 E361.96572
G0 F11250 X28.018 Y51.777
G1 F2250 X39.084 Y62.843 E362.48623
G0 F11250 X39.189 Y62.382
G1 F2250 X28.164 Y51.357 E363.00482
G0 F11250 X28.31 Y50.937
G1 F2250 X39.294 Y61.921 E363.52147
G0 F11250 X39.399 Y61.461
G1 F2250 X28.455 Y50.517 E364.03624
G0 F11250 X28.601 Y50.097
G1 F2250 X39.505 Y61.001 E364.54913
G0 F11250 X39.61 Y60.54
G1 F2250 X28.747 Y49.677 E365.06009
G0 F11250 X28.892 Y49.257
G1 F2250 X39.715 Y60.08 E365.56918
G0 F11250 X39.82 Y59.619
G1 F2250 X29.038 Y48.837 E366.07633
G0 F11250 X29.184 Y48.417
G1 F2250 X39.925 Y59.159 E366.58157
G0 F11250 X40.031 Y58.698
G1 F2250 X29.329 Y47.997 E367.08494
G0 F11250 X29.475 Y47.577
G1 F2250 X40.136 Y58.238 E367.5864
G0 F11250 X40.241 Y57.778
G1 F2250 X29.621 Y47.157 E368.08596
G0 F11250 X29.766 Y46.737
G1 F2250 X40.346 Y57.317 E368.58361
G0 F11250 X40.451 Y56.856
G1 F2250 X29.912 Y46.317 E369.07933
G0 F11250 X30.058 Y45.897
G1 F2250 X40.557 Y56.396 E369.57317
G0 F11250 X40.662 Y55.936
G1 F2250 X30.203 Y45.477 E370.06513
G0 F11250 X30.349 Y45.057
G1 F2250 X40.768 Y55.475 E370.55518
G0 F11250 X40.873 Y55.015
G1 F2250 X30.495 Y44.637 E371.04333
G0 F11250 X30.64 Y44.217
G1 F2250 X40.978 Y54.554 E371.52958
G0 F11250 X41.083 Y54.094
G1 F2250 X30.786 Y43.797 E372.01392
G0 F11250 X30.932 Y43.377
G1 F2250 X41.188 Y53.633 E372.49633
G0 F11250 X41.294 Y53.173
G1 F2250 X31.077 Y42.957 E372.97688
G0 F11250 X31.223 Y42.537
G1 F2250 X41.399 Y52.713 E373.45553
G0 F11250 X41.504 Y52.252
G1 F2250 X31.369 Y42.117 E373.93225
G0 F11250 X31.514 Y41.697
G1 F2250 X41.609 Y51.791 E374.40706
G0 F11250 X41.714 Y51.331
G1 F2250 X31.66 Y41.277 E374.87997
G0 F11250 X31.806 Y40.857
G1 F2250 X41.82 Y50.871 E375.351
G0 F11250 X41.925 Y50.41
G1 F2250 X31.951 Y40.437 E375.82012
G0 F11250 X32.097 Y40.017
G1 F2250 X42.03 Y49.95 E376.28734
G0 F11250 X42.135 Y49.489
G1 F2250 X32.243 Y39.597 E376.75263
G0 F11250 X32.388 Y39.177
G1 F2250 X42.24 Y49.029 E377.21604
G0 F11250 X42.346 Y48.568
G1 F2250 X32.534 Y38.757 E377.67754
G0 F11250 X32.68 Y38.337
G1 F2250 X42.451 Y48.108 E378.13714
G0 F11250 X42.557 Y47.648
G1 F2250 X32.825 Y37.916 E378.5949
G0 F11250 X32.971 Y37.496
G1 F2250 X42.661 Y47.187 E379.05071
G0 F11250 X42.767 Y46.726
G1 F2250 X33.117 Y37.076 E379.50462
G0 F11250 X33.262 Y36.656
G1 F2250 X42.872 Y46.266 E379.95664
G0 F11250 X42.977 Y45.806
G1 F2250 X33.408 Y36.236 E380.40676
G0 F11250 X33.554 Y35.816
G1 F2250 X43.083 Y45.345 E380.85498
G0 F11250 X43.188 Y44.885
G1 F2250 X33.699 Y35.396 E381.30131
G0 F11250 X33.845 Y34.976
G1 F2250 X43.293 Y44.424 E381.74572
G0 F11250 X43.398 Y43.964
G1 F2250 X33.991 Y34.556 E382.18822
G0 F11250 X34.136 Y34.136
G1 F2250 X43.503 Y43.503 E382.62881
G0 F11250 X43.609 Y43.043
G1 F2250 X34.282 Y33.716 E383.06753
G0 F11250 X34.428 Y33.296
G1 F2250 X43.714 Y42.583 E383.50433
G0 F11250 X43.819 Y42.122
G1 F2250 X34.573 Y32.876 E383.93924
G0 F11250 X34.719 Y32.456
G1 F2250 X43.924 Y41.661 E384.37221
G0 F11250 X44.029 Y41.201
G1 F2250 X34.865 Y32.036 E384.80328
G0 F11250 X35.01 Y31.616
G1 F2250 X44.135 Y40.741 E385.2325
G0 F11250 X44.24 Y40.28
G1 F2250 X35.156 Y31.196 E385.65978
G0 F11250 X35.302 Y30.776
G1 F2250 X44.345 Y39.82 E386.08516
G0 F11250 X44.45 Y39.359
G1 F2250 X35.447 Y30.356 E386.50863
G0 F11250 X35.593 Y29.936
G1 F2250 X44.556 Y38.899 E386.93022
G0 F11250 X44.661 Y38.438
G1 F2250 X35.739 Y29.516 E387.34989
G0 F11250 X35.884 Y29.096
G1 F2250 X44.766 Y37.978 E387.76767
G0 F11250 X44.872 Y37.518
G1 F2250 X36.03 Y28.676 E388.18357
G0 F11250 X36.176 Y28.256
G1 F2250 X44.976 Y37.057 E388.59752
G0 F11250 X45.082 Y36.596
G1 F2250 X36.321 Y27.836 E389.00958
G0 F11250 X36.467 Y27.416
G1 F2250 X45.187 Y36.136 E389.41975
G0 F11250 X45.292 Y35.676
G1 F2250 X36.613 Y26.996 E389.828
G0 F11250 X36.758 Y26.576
G1 F2250 X45.398 Y35.215 E390.23438
G0 F11250 X45.503 Y34.755
G1 F2250 X36.904 Y26.156 E390.63885
G0 F11250 X37.05 Y25.736
G1 F2250 X45.608 Y34.294 E391.04139
G0 F11250 X45.713 Y33.834
G1 F2250 X37.195 Y25.316 E391.44205
G0 F11250 X37.341 Y24.896
G1 F2250 X45.818 Y33.373 E391.84078
G0 F11250 X45.924 Y32.913
G1 F2250 X37.487 Y24.476 E392.23764
G0 F11250 X37.632 Y24.056
G1 F2250 X46.029 Y32.453 E392.6326
G0 F11250 X46.134 Y31.992
G1 F2250 X37.796 Y23.653 E393.02482
G0 F11250 X37.969 Y23.261
G1 F2250 X46.239 Y31.531 E393.41382
G0 F11250 X46.344 Y31.071
G1 F2250 X38.178 Y22.905 E393.79792
G0 F11250 X38.411 Y22.572
G1 F2250 X46.45 Y30.611 E394.17605
G0 F11250 X46.555 Y30.15
G1 F2250 X38.66 Y22.255 E394.54741
G0 F11250 X38.943 Y21.973
G1 F2250 X46.661 Y29.69 E394.91041
G0 F11250 X46.765 Y29.229
G1 F2250 X39.238 Y21.702 E395.26446
G0 F11250 X39.561 Y21.459
G1 F2250 X46.871 Y28.769 E395.6083
G0 F11250 X46.976 Y28.308
G1 F2250 X39.909 Y21.241 E395.94071
G0 F11250 X40.274 Y21.041
G1 F2250 X47.081 Y27.848 E396.26089
G0 F11250 X47.187 Y27.388
G1 F2250 X40.679 Y20.88 E396.56701
G0 F11250 X41.11 Y20.745
G1 F2250 X47.291 Y26.927 E396.85777
G0 F11250 X47.378 Y26.448
G1 F2250 X41.564 Y20.634 E397.13124
G0 F11250 X42.07 Y20.574
G1 F2250 X47.444 Y25.948 E397.38402
G0 F11250 X47.463 Y25.401
G1 F2250 X42.631 Y20.57 E397.61128
G0 F11250 X43.263 Y20.635
G1 F2250 X47.395 Y24.768 E397.80566
G0 F11250 X47.212 Y24.019
G1 F2250 X44.013 Y20.82 E397.95613
G0 F11250 X44.14 Y20.378
G0 X45.31 Y20.922
G0 X45.073 Y21.314
G1 F2250 X46.721 Y22.962 E398.03364
G0 F11250 X47.39 Y22.6
G1 F2700 E393.03364
;MESH:NONMESH
G0 F300 X47.39 Y22.6 Z0.8
G0 F11250 X47.748 Y24.673
G0 X32.758 Y74.833
G0 X33.074 Y77.758
G0 X33.111 Y78.697
G0 X32.998 Y79.631
G0 X32.736 Y80.534
G0 X32.409 Y81.221
G0 X30.694 Y83.873
;TIME_ELAPSED:543.799765
;LAYER:3
M106 S255
;TYPE:WALL-INNER
;MESH:Sperrklinke
G1 F2700 E398.03364
G1 F2250 X29.787 Y84.353 E398.06777
G1 X28.806 Y84.681 E398.10218
G1 X27.788 Y84.844 E398.13647
G1 X26.755 Y84.844 E398.17083
G1 X25.738 Y84.681 E398.20508
G1 X24.77 Y84.353 E398.23908
G1 X23.858 Y83.879 E398.27326
G1 X23.025 Y83.256 E398.30786
G1 X22.307 Y82.507 E398.34237
G1 X21.728 Y81.663 E398.37641
G1 X21.282 Y80.729 E398.41084
G1 X20.999 Y79.742 E398.44499
G1 X20.872 Y78.717 E398.47934
G1 X20.918 Y77.686 E398.51366
G1 X21.117 Y76.687 E398.54754
G1 X21.484 Y75.718 E398.58201
G1 X21.996 Y74.831 E398.61607
G1 X22.652 Y74.026 E398.65061
G1 X23.422 Y73.342 E398.68487
G1 X24.296 Y72.787 E398.7193
G1 X25.25 Y72.382 E398.75377
G1 X26.247 Y72.141 E398.78789
G1 X27.268 Y72.054 E398.82197
G1 X28.309 Y72.146 E398.85673
G1 X29.302 Y72.389 E398.89073
G1 X30.246 Y72.786 E398.92479
G1 X31.122 Y73.342 E398.9593
G1 X31.892 Y74.026 E398.99356
G1 X32.545 Y74.827 E399.02793
G1 X33.057 Y75.714 E399.06199
G1 X33.425 Y76.682 E399.09644
G1 X33.63 Y77.676 E399.13019
G1 X33.672 Y78.705 E399.16445
G1 X33.552 Y79.733 E399.19887
G1 X33.256 Y80.743 E399.23387
G1 X32.817 Y81.663 E399.26778
G1 X32.235 Y82.511 E399.30199
G1 X31.52 Y83.26 E399.33643
G1 X30.694 Y83.873 E399.37064
G0 F11250 X30.472 Y83.539
G1 F2250 X29.633 Y83.983 E399.40221
G1 X28.713 Y84.291 E399.43448
G1 X27.756 Y84.444 E399.46671
G1 X26.788 Y84.444 E399.49891
G1 X25.836 Y84.291 E399.53098
G1 X24.924 Y83.984 E399.56299
G1 X24.07 Y83.539 E399.59501
G1 X23.295 Y82.96 E399.62719
G1 X22.62 Y82.257 E399.65961
G1 X22.074 Y81.462 E399.69168
G1 X21.656 Y80.583 E399.72406
G1 X21.393 Y79.666 E399.75578
G1 X21.273 Y78.701 E399.78813
G1 X21.324 Y77.692 E399.82173
G1 X21.502 Y76.799 E399.85202
G1 X21.849 Y75.885 E399.88453
G1 X22.328 Y75.057 E399.91635
G1 X22.944 Y74.3 E399.94881
G1 X23.665 Y73.661 E399.98085
G1 X24.477 Y73.145 E400.01285
G1 X25.375 Y72.764 E400.0453
G1 X26.31 Y72.537 E400.0773
G1 X27.271 Y72.456 E400.10937
G1 X28.241 Y72.537 E400.14175
G1 X29.17 Y72.764 E400.17356
G1 X30.067 Y73.145 E400.20597
G1 X30.879 Y73.661 E400.23797
G1 X31.603 Y74.303 E400.27015
G1 X32.211 Y75.049 E400.30216
G1 X32.693 Y75.883 E400.3342
G1 X33.04 Y76.794 E400.36662
G1 X33.231 Y77.725 E400.39823
G1 X33.271 Y78.697 E400.43059
G1 X33.149 Y79.687 E400.46377
G1 X32.891 Y80.568 E400.4943
G1 X32.468 Y81.465 E400.52729
G1 X31.925 Y82.256 E400.5592
G1 X31.257 Y82.957 E400.5914
G1 X30.472 Y83.539 E400.6239
G0 F11250 X30.221 Y83.219
G1 F2250 X29.476 Y83.612 E400.65192
G1 X28.614 Y83.902 E400.68217
G1 X27.723 Y84.044 E400.71218
G1 X26.82 Y84.044 E400.74221
G1 X25.931 Y83.901 E400.77216
G1 X25.077 Y83.615 E400.80211
G1 X24.282 Y83.198 E400.83197
G1 X23.555 Y82.654 E400.86217
G1 X22.935 Y82.008 E400.89195
G1 X22.422 Y81.26 E400.92212
G1 X22.033 Y80.448 E400.95207
G1 X21.785 Y79.583 E400.982
G1 X21.674 Y78.683 E401.01216
G1 X21.719 Y77.756 E401.04303
G1 X21.901 Y76.875 E401.07295
G1 X22.213 Y76.055 E401.10213
G1 X22.659 Y75.284 E401.13175
G1 X23.202 Y74.616 E401.16039
G1 X23.903 Y73.984 E401.19178
G1 X24.669 Y73.498 E401.22195
G1 X25.503 Y73.143 E401.2521
G1 X26.326 Y72.944 E401.28026
G1 X27.271 Y72.857 E401.31182
G1 X28.178 Y72.936 E401.3421
G1 X29.005 Y73.135 E401.3704
G1 X29.873 Y73.497 E401.40168
G1 X30.638 Y73.983 E401.43182
G1 X31.311 Y74.577 E401.46168
G1 X31.883 Y75.279 E401.49179
G1 X32.33 Y76.053 E401.52152
G1 X32.654 Y76.905 E401.55184
G1 X32.834 Y77.779 E401.58152
G1 X32.87 Y78.684 E401.61164
G1 X32.758 Y79.598 E401.64227
G1 X32.514 Y80.434 E401.67124
G1 X32.138 Y81.227 E401.70043
G1 X31.613 Y82.002 E401.73156
G1 X30.99 Y82.656 E401.7616
G1 X30.221 Y83.219 E401.7933
G1 F2700 E396.7933
G0 F11250 X30.36 Y83.486
G0 X28.976 Y84.815
G0 X23.724 Y104.379
G0 X19.322 Y103.982
G0 X17.617 Y110.345
G0 X20.033 Y111.01
G0 X20.187 Y112.064
G1 F2700 E401.7933
G1 F2250 X20.374 Y111.686 E401.80733
G1 X18.259 Y111.115 E401.88019
G1 X17.721 Y110.831 E401.90043
G1 X17.39 Y110.42 E401.91798
G1 X17.25 Y110.014 E401.93226
G1 X17.231 Y109.67 E401.94372
G1 X17.275 Y109.401 E401.95279
G1 X18.587 Y104.508 E402.12128
G1 X18.7 Y104.283 E402.12965
G1 X18.924 Y103.995 E402.14179
G1 X19.197 Y103.785 E402.15324
G1 X19.486 Y103.656 E402.16377
G1 X19.764 Y103.599 E402.17321
G1 X20.128 Y103.6 E402.18531
G1 X23.887 Y104.61 E402.31477
G1 X34.959 Y82.31 E403.14286
G1 X35.246 Y81.691 E403.16556
G1 X35.477 Y81.039 E403.18856
G1 X35.665 Y80.338 E403.2127
G1 X47.88 Y26.873 E405.03677
G1 X48.003 Y26.107 E405.06258
G1 X48.025 Y25.371 E405.08707
G1 X47.945 Y24.639 E405.11156
G1 X47.775 Y23.924 E405.136
G1 X47.511 Y23.239 E405.16042
G1 X47.156 Y22.59 E405.18502
G1 X46.713 Y21.987 E405.20991
G1 X46.212 Y21.463 E405.23402
G1 X45.629 Y20.995 E405.25889
G1 X45.005 Y20.62 E405.2831
G1 X44.334 Y20.329 E405.30743
G1 X43.607 Y20.12 E405.33259
G1 X42.893 Y20.015 E405.35659
G1 X42.151 Y20.002 E405.38127
G1 X41.419 Y20.088 E405.40579
G1 X40.697 Y20.271 E405.43056
G1 X40.023 Y20.539 E405.45469
G1 X39.371 Y20.904 E405.47954
G1 X38.788 Y21.343 E405.50381
G1 X38.259 Y21.863 E405.52848
G1 X37.801 Y22.449 E405.55322
G1 X37.435 Y23.074 E405.57731
G1 X37.132 Y23.791 E405.6032
G1 X7.684 Y108.7 E408.59231
G1 X7.684 Y112.064 E408.70419
G1 X20.187 Y112.064 E409.12005
G0 F11250 X20.435 Y112.464
G1 F2250 X20.951 Y111.424 E409.15866
G1 X18.365 Y110.729 E409.24772
G1 X17.98 Y110.526 E409.2622
G1 X17.744 Y110.233 E409.27471
G1 X17.643 Y109.942 E409.28496
G1 X17.627 Y109.635 E409.29518
G1 X18.966 Y104.643 E409.46709
G1 X19.119 Y104.376 E409.47732
G1 X19.3 Y104.197 E409.48579
G1 X19.503 Y104.077 E409.49363
G1 X19.897 Y103.992 E409.50704
G1 X20.168 Y104.026 E409.51612
G1 X24.1 Y105.081 E409.65153
G1 X35.32 Y82.482 E410.49071
G1 X35.601 Y81.864 E410.51329
G1 X35.611 Y81.859 E410.51366
G1 X35.86 Y81.158 E410.53841
G1 X36.049 Y80.454 E410.56265
G1 X48.273 Y26.949 E412.38809
G1 X48.402 Y26.145 E412.41517
G1 X48.426 Y25.356 E412.44142
G1 X48.34 Y24.571 E412.46769
G1 X48.158 Y23.806 E412.49384
G1 X47.874 Y23.07 E412.52008
G1 X47.494 Y22.375 E412.54643
G1 X47.02 Y21.729 E412.57308
G1 X46.483 Y21.167 E412.59893
G1 X45.858 Y20.667 E412.62555
G1 X45.189 Y20.264 E412.65153
G1 X44.469 Y19.952 E412.67763
G1 X43.691 Y19.728 E412.70455
G1 X42.926 Y19.615 E412.73027
G1 X42.131 Y19.602 E412.75672
G1 X41.347 Y19.694 E412.78298
G1 X40.574 Y19.89 E412.8095
G1 X39.851 Y20.177 E412.83537
G1 X39.152 Y20.568 E412.86201
G1 X38.527 Y21.04 E412.88806
G1 X37.96 Y21.596 E412.91447
G1 X37.469 Y22.224 E412.94099
G1 X37.076 Y22.894 E412.96682
G1 X36.759 Y23.647 E412.99399
G1 X7.284 Y108.633 E415.98582
G1 X7.284 Y112.464 E416.11324
G1 X20.435 Y112.464 E416.55064
G0 F11250 X20.683 Y112.864
G1 F2250 X21.527 Y111.162 E416.61383
G1 X19.79 Y110.703 E416.67358
G1 X18.47 Y110.343 E416.71909
G1 X18.239 Y110.221 E416.72778
G1 X18.097 Y110.045 E416.7353
G1 X18.027 Y109.686 E416.74747
G1 X19.354 Y104.76 E416.91715
G1 X19.486 Y104.564 E416.925
G1 X19.727 Y104.419 E416.93436
G1 X20.001 Y104.395 E416.94351
G1 X24.313 Y105.553 E417.09201
G1 X35.681 Y82.654 E417.94232
G1 X35.964 Y82.034 E417.96499
G1 X35.976 Y82.026 E417.96547
G1 X36.242 Y81.277 E417.9919
G1 X36.437 Y80.551 E418.01691
G1 X48.666 Y27.025 E419.84306
G1 X48.801 Y26.183 E419.87142
G1 X48.826 Y25.34 E419.89947
G1 X48.735 Y24.503 E419.92748
G1 X48.541 Y23.687 E419.95537
G1 X48.238 Y22.902 E419.98336
G1 X47.832 Y22.159 E420.01152
G1 X47.327 Y21.471 E420.03991
G1 X46.753 Y20.872 E420.0675
G1 X46.087 Y20.338 E420.09589
G1 X45.372 Y19.907 E420.12366
G1 X44.604 Y19.574 E420.1515
G1 X43.776 Y19.336 E420.18016
G1 X42.958 Y19.216 E420.20765
G1 X42.111 Y19.201 E420.23583
G1 X41.274 Y19.3 E420.26386
G1 X40.45 Y19.508 E420.29213
G1 X39.679 Y19.815 E420.31973
G1 X38.933 Y20.232 E420.34816
G1 X38.265 Y20.736 E420.37599
G1 X37.661 Y21.329 E420.40414
G1 X37.138 Y21.999 E420.43241
G1 X36.718 Y22.714 E420.45999
G1 X36.385 Y23.504 E420.48851
G1 X6.884 Y108.566 E423.483
G1 X6.884 Y112.864 E423.62595
G1 X20.683 Y112.864 E424.08491
G0 F11250 X20.931 Y113.264
;TYPE:WALL-OUTER
G1 F2250 X22.103 Y110.9 E424.17267
G1 X19.895 Y110.317 E424.24862
G1 X18.511 Y109.94 E424.29633
G1 X18.417 Y109.775 E424.30265
G1 X19.723 Y104.914 E424.47006
G1 X19.806 Y104.819 E424.47425
G1 X19.921 Y104.788 E424.47822
G1 X24.525 Y106.024 E424.63677
G1 X36.043 Y82.826 E425.49821
G1 X36.326 Y82.203 E425.52096
G1 X36.341 Y82.194 E425.52155
G1 X36.624 Y81.396 E425.54971
G1 X36.835 Y80.606 E425.5769
G1 X49.059 Y27.101 E427.40234
G1 X49.2 Y26.221 E427.43198
G1 X49.227 Y25.324 E427.46183
G1 X49.13 Y24.435 E427.49157
G1 X48.924 Y23.568 E427.52121
G1 X48.602 Y22.733 E427.55098
G1 X48.17 Y21.944 E427.5809
G1 X47.634 Y21.213 E427.61105
G1 X47.024 Y20.576 E427.64038
G1 X46.317 Y20.009 E427.67052
G1 X45.556 Y19.551 E427.70007
G1 X44.74 Y19.197 E427.72965
G1 X43.861 Y18.944 E427.76007
G1 X42.991 Y18.816 E427.78932
G1 X42.091 Y18.801 E427.81926
G1 X41.201 Y18.906 E427.84906
G1 X40.326 Y19.127 E427.87908
G1 X39.507 Y19.453 E427.9084
G1 X38.714 Y19.896 E427.93861
G1 X38.003 Y20.432 E427.96823
G1 X37.362 Y21.062 E427.99812
G1 X36.806 Y21.773 E428.02814
G1 X36.36 Y22.534 E428.05748
G1 X36.011 Y23.36 E428.0873
G1 X6.484 Y108.498 E431.08447
G1 X6.484 Y113.264 E431.24298
G1 X20.931 Y113.264 E431.72349
G1 F2700 E426.72349
G0 F11250 X20.508 Y112.579
G0 X19.733 Y110.936
G0 X17.617 Y110.345
G0 X19.322 Y103.982
G0 X23.496 Y105.085
G0 X33.471 Y84.897
G0 X31.738 Y83.294
G0 X30.48 Y83.411
G0 X30.06 Y82.849
G1 F2700 E431.72349
G1 F2250 X29.3 Y83.25 E431.75207
G1 X28.504 Y83.514 E431.77997
G1 X27.704 Y83.642 E431.80691
G1 X26.84 Y83.642 E431.83565
G1 X26.012 Y83.506 E431.86356
G1 X25.231 Y83.245 E431.89095
G1 X24.484 Y82.849 E431.91907
G1 X23.811 Y82.343 E431.94707
G1 X23.235 Y81.738 E431.97486
G1 X22.763 Y81.047 E432.00269
G1 X22.403 Y80.288 E432.03063
G1 X22.177 Y79.489 E432.05825
G1 X22.077 Y78.685 E432.08519
G1 X22.115 Y77.812 E432.11426
G1 X22.271 Y77.032 E432.14071
G1 X22.582 Y76.215 E432.16979
G1 X22.982 Y75.523 E432.19637
G1 X23.512 Y74.869 E432.22437
G1 X24.16 Y74.295 E432.25317
G1 X24.869 Y73.847 E432.28106
G1 X25.644 Y73.521 E432.30902
G1 X26.451 Y73.328 E432.33662
G1 X27.289 Y73.26 E432.36459
G1 X28.113 Y73.33 E432.39209
G1 X28.917 Y73.526 E432.41961
G1 X29.675 Y73.847 E432.44699
G1 X30.409 Y74.314 E432.47593
G1 X31.032 Y74.869 E432.50368
G1 X31.562 Y75.523 E432.53168
G1 X31.962 Y76.215 E432.55826
G1 X32.264 Y77.005 E432.58639
G1 X32.436 Y77.844 E432.61488
G1 X32.467 Y78.684 E432.64284
G1 X32.368 Y79.509 E432.67047
G1 X32.137 Y80.3 E432.69788
G1 X31.78 Y81.049 E432.72548
G1 X31.309 Y81.738 E432.75324
G1 X30.712 Y82.365 E432.78203
G1 X30.06 Y82.849 E432.80904
G1 F2700 E427.80904
G0 F11250 X30.48 Y83.411
G0 X28.722 Y84.877
G0 X23.503 Y104.32
G0 X19.322 Y103.982
G0 X17.617 Y110.345
G0 X19.125 Y111.454
G0 X19.056 Y111.703
;TYPE:SKIN
G1 F2700 E432.80904
G1 F2250 X8.044 Y111.704 E433.1753
G1 X8.044 Y108.758 E433.27328
G1 X37.471 Y23.908 E436.26031
G1 X37.756 Y23.23 E436.28477
G1 X38.094 Y22.653 E436.30701
G1 X38.522 Y22.106 E436.33011
G1 X39.023 Y21.612 E436.35351
G1 X39.57 Y21.201 E436.37627
G1 X40.178 Y20.862 E436.39942
G1 X40.802 Y20.615 E436.42174
G1 X41.485 Y20.442 E436.44518
G1 X42.171 Y20.361 E436.46815
G1 X42.867 Y20.372 E436.49131
G1 X43.521 Y20.472 E436.51331
G1 X44.216 Y20.669 E436.53734
G1 X44.84 Y20.939 E436.55995
G1 X45.417 Y21.289 E436.5824
G1 X45.968 Y21.728 E436.60583
G1 X46.43 Y22.213 E436.62811
G1 X46.85 Y22.78 E436.65158
G1 X47.182 Y23.393 E436.67476
G1 X47.428 Y24.024 E436.69729
G1 X47.59 Y24.706 E436.7206
G1 X47.663 Y25.384 E436.74328
G1 X47.64 Y26.069 E436.76608
G1 X47.527 Y26.794 E436.79048
G1 X35.313 Y80.242 E438.614
G1 X35.132 Y80.928 E438.6376
G1 X34.914 Y81.54 E438.6592
G1 X34.643 Y82.128 E438.68074
G1 X23.693 Y104.184 E439.49975
G1 X20.36 Y103.29 E439.61453
G1 X19.889 Y103.232 E439.63031
G1 X19.551 Y103.268 E439.64162
G1 X19.19 Y103.381 E439.6542
G1 X18.853 Y103.58 E439.66722
G1 X18.451 Y103.968 E439.6858
G1 X18.256 Y104.363 E439.70045
G1 X16.926 Y109.308 E439.87077
G1 X16.868 Y109.669 E439.88293
G1 X16.902 Y110.106 E439.89751
G1 X17.069 Y110.589 E439.9145
G1 X17.487 Y111.112 E439.93677
G1 X18.163 Y111.462 E439.96209
G1 X19.056 Y111.703 E439.99285
G1 F2700 E434.99285
G0 F11250 X19.125 Y111.454
G0 X17.617 Y110.345
G0 X19.322 Y103.982
G0 X23.797 Y104.41
G0 X29.976 Y84.457
G0 X30.743 Y83.961
G0 X30.892 Y84.173
G1 F2700 E439.99285
G1 F2250 X31.64 Y83.617 E440.02385
G1 X31.874 Y83.41 E440.03424
G1 X32.506 Y82.742 E440.06483
G1 X33.14 Y81.825 E440.10191
G1 X33.593 Y80.872 E440.13701
G1 X33.892 Y79.857 E440.1722
G1 X34.017 Y78.859 E440.20565
G1 X34.025 Y78.584 E440.2148
G1 X33.995 Y77.765 E440.24206
G1 X33.959 Y77.497 E440.25105
G1 X33.801 Y76.716 E440.27756
G1 X33.724 Y76.458 E440.28651
G1 X33.44 Y75.701 E440.3134
G1 X33.316 Y75.447 E440.3228
G1 X32.91 Y74.74 E440.34992
G1 X32.757 Y74.518 E440.35889
G1 X32.234 Y73.87 E440.38658
G1 X32.046 Y73.682 E440.39543
G1 X31.45 Y73.15 E440.422
G1 X31.229 Y72.983 E440.43121
G1 X30.536 Y72.543 E440.45851
G1 X30.299 Y72.415 E440.46747
G1 X29.404 Y72.045 E440.49969
G1 X28.38 Y71.793 E440.53476
G1 X27.414 Y71.704 E440.56703
G1 X27.122 Y71.704 E440.57674
G1 X26.194 Y71.784 E440.60772
G1 X25.281 Y72.001 E440.63893
G1 X25.015 Y72.09 E440.64826
G1 X24.254 Y72.411 E440.67573
G1 X24.008 Y72.538 E440.68494
G1 X23.22 Y73.039 E440.71599
G1 X22.499 Y73.674 E440.74795
G1 X22.296 Y73.889 E440.75778
G1 X21.792 Y74.509 E440.78436
G1 X21.64 Y74.724 E440.79312
G1 X21.234 Y75.428 E440.82015
G1 X21.112 Y75.675 E440.82931
G1 X20.772 Y76.569 E440.86112
G1 X20.559 Y77.629 E440.89708
G1 X20.516 Y78.579 E440.92871
G1 X20.528 Y78.869 E440.93837
G1 X20.641 Y79.801 E440.96959
G1 X20.931 Y80.831 E441.00518
G1 X21.407 Y81.827 E441.0419
G1 X21.951 Y82.622 E441.07394
G1 X22.127 Y82.843 E441.08333
G1 X22.679 Y83.419 E441.10987
G1 X22.888 Y83.603 E441.11913
G1 X23.656 Y84.177 E441.15102
G1 X24.627 Y84.681 E441.18741
G1 X25.515 Y84.986 E441.21864
G1 X25.815 Y85.055 E441.22887
G1 X26.552 Y85.174 E441.2537
G1 X26.856 Y85.204 E441.26386
G1 X27.683 Y85.204 E441.29137
G1 X27.979 Y85.176 E441.30126
G1 X28.748 Y85.054 E441.32716
G1 X29.015 Y84.991 E441.33628
G1 X29.912 Y84.69 E441.36775
G1 X30.892 Y84.173 E441.4046
G1 F2700 E436.4046
G0 F11250 X30.743 Y83.961
G0 X28.976 Y84.815
G0 X23.724 Y104.379
G0 X19.322 Y103.982
G0 X17.617 Y110.345
G0 X17.802 Y110.982
G0 X17.587 Y111.389
G1 F2700 E441.4046
G1 F2250 X17.472 Y111.504 E441.41001
G0 F11250 X17.26 Y111.15
G1 F2250 X17.019 Y111.392 E441.42137
G1 X17.018 Y111.393
G1 X16.906 Y111.504 E441.42662
G0 F11250 X16.341 Y111.504
G1 F2250 X17.009 Y110.835 E441.45806
G0 F11250 X16.814 Y110.466
G1 F2250 X15.775 Y111.504 E441.50691
G0 F11250 X15.209 Y111.504
G1 F2250 X16.689 Y110.024 E441.57652
G0 F11250 X16.698 Y109.45
G1 F2250 X14.643 Y111.504 E441.67316
G0 F11250 X14.078 Y111.504
G1 F2250 X16.882 Y108.7 E441.80505
G0 F11250 X17.09 Y107.926
G1 F2250 X13.512 Y111.504 E441.97335
G0 F11250 X12.946 Y111.504
G1 F2250 X17.297 Y107.154 E442.17798
G0 F11250 X17.505 Y106.38
G1 F2250 X12.381 Y111.504 E442.419
G0 F11250 X11.815 Y111.504
G1 F2250 X17.712 Y105.607 E442.69638
G0 F11250 X17.92 Y104.834
G1 F2250 X11.249 Y111.504 E443.01014
G0 F11250 X10.684 Y111.504
G1 F2250 X18.238 Y103.95 E443.36545
G0 F11250 X18.822 Y103.366
G1 F2250 X28.858 Y93.33 E443.83752
G0 F11250 X29.272 Y93.536
G0 X29.83 Y92.413
G0 X29.416 Y92.207
G1 F2250 X10.118 Y111.504 E444.74521
G0 F11250 X9.552 Y111.504
G1 F2250 X29.973 Y91.084 E445.70573
G0 F11250 X30.387 Y91.29
G0 X30.945 Y90.166
G0 X30.531 Y89.96
G1 F2250 X8.987 Y111.504 E446.71909
G0 F11250 X8.421 Y111.504
G1 F2250 X31.088 Y88.837 E447.78528
G0 F11250 X31.502 Y89.043
G0 X32.06 Y87.92
G0 X31.646 Y87.714
G1 F2250 X8.244 Y111.115 E448.88601
G0 F11250 X8.244 Y110.55
G1 F2250 X32.204 Y86.59 E450.01302
G0 F11250 X32.618 Y86.796
G0 X33.175 Y85.673
G0 X32.761 Y85.467
G1 F2250 X8.244 Y109.984 E451.16622
G0 F11250 X8.244 Y109.418
G1 F2250 X33.319 Y84.344 E452.34565
G0 F11250 X33.733 Y84.55
G0 X34.29 Y83.427
G0 X33.876 Y83.221
G1 F2250 X8.244 Y108.853 E453.5513
G0 F11250 X8.513 Y108.018
G1 F2250 X34.434 Y82.097 E454.77055
G0 F11250 X34.848 Y82.303
G0 X35.289 Y81.267
G0 X34.853 Y81.112
G1 F2250 X8.813 Y107.153 E455.99541
G0 F11250 X9.113 Y106.287
G1 F2250 X31.244 Y84.156 E457.03639
G0 F11250 X30.974 Y83.79
G0 X29.761 Y84.463
G0 X29.944 Y84.89
G1 F2250 X9.414 Y105.42 E458.00205
G0 F11250 X9.714 Y104.554
G1 F2250 X29.094 Y85.175 E458.91361
G0 F11250 X28.389 Y85.314
G1 F2250 X10.014 Y103.689 E459.77791
G0 F11250 X10.315 Y102.823
G1 F2250 X27.737 Y85.4 E460.59741
G0 F11250 X27.168 Y85.403
G1 F2250 X10.615 Y101.956 E461.37601
G0 F11250 X10.916 Y101.09
G1 F2250 X26.623 Y85.383 E462.11482
G0 F11250 X26.131 Y85.309
G1 F2250 X11.216 Y100.224 E462.81638
G0 F11250 X11.516 Y99.358
G1 F2250 X25.652 Y85.222 E463.48129
G0 F11250 X25.214 Y85.095
G1 F2250 X11.816 Y98.492 E464.11147
G0 F11250 X12.117 Y97.626
G1 F2250 X24.793 Y84.95 E464.70771
G0 F11250 X24.394 Y84.784
G1 F2250 X12.418 Y96.76 E465.27103
G0 F11250 X12.717 Y95.894
G1 F2250 X24.022 Y84.59 E465.80275
G0 F11250 X23.65 Y84.396
G1 F2250 X13.018 Y95.028 E466.30285
G0 F11250 X13.318 Y94.162
G1 F2250 X23.311 Y84.169 E466.77289
G0 F11250 X22.987 Y83.927
G1 F2250 X13.619 Y93.296 E467.21356
G0 F11250 X13.919 Y92.429
G1 F2250 X22.672 Y83.677 E467.62525
G0 F11250 X22.383 Y83.4
G1 F2250 X14.219 Y91.564 E468.00926
G0 F11250 X14.52 Y90.698
G1 F2250 X22.108 Y83.11 E468.36617
G0 F11250 X21.844 Y82.808
G1 F2250 X14.82 Y89.832 E468.69656
G0 F11250 X15.121 Y88.965
G1 F2250 X21.61 Y82.476 E469.00178
G0 F11250 X21.38 Y82.14
G1 F2250 X15.421 Y88.1 E469.2821
G0 F11250 X15.721 Y87.234
G1 F2250 X21.167 Y81.788 E469.53826
G0 F11250 X20.985 Y81.404
G1 F2250 X16.022 Y86.367 E469.77171
G0 F11250 X16.322 Y85.501
G1 F2250 X20.803 Y81.02 E469.98248
G0 F11250 X20.659 Y80.599
G1 F2250 X16.622 Y84.636 E470.17237
G0 F11250 X16.922 Y83.77
G1 F2250 X20.534 Y80.158 E470.34227
G0 F11250 X20.426 Y79.7
G1 F2250 X17.223 Y82.903 E470.49292
G0 F11250 X17.524 Y82.037
G1 F2250 X20.365 Y79.195 E470.62658
G0 F11250 X20.32 Y78.675
G1 F2250 X17.824 Y81.171 E470.74398
G0 F11250 X18.124 Y80.305
G1 F2250 X20.339 Y78.091 E470.84815
G0 F11250 X20.385 Y77.478
G1 F2250 X18.424 Y79.439 E470.94039
G0 F11250 X18.725 Y78.573
G1 F2250 X20.53 Y76.768 E471.02529
G0 F11250 X20.802 Y75.931
G1 F2250 X19.025 Y77.707 E471.10885
G0 F11250 X19.325 Y76.841
G1 F2250 X21.365 Y74.801 E471.2048
G0 F11250 X21.763 Y75.033
G0 X19.757 Y74.5
G0 X19.794 Y74.093
G0 X20.227 Y74.243
G1 F2250 X41.292 Y53.178 E472.19564
G0 F11250 X41.459 Y52.445
G1 F2250 X20.527 Y73.376 E473.18019
G0 F11250 X20.827 Y72.511
G1 F2250 X41.627 Y51.711 E474.15856
G0 F11250 X41.794 Y50.978
G1 F2250 X21.128 Y71.645 E475.13065
G0 F11250 X21.428 Y70.779
G1 F2250 X41.962 Y50.245 E476.0965
G0 F11250 X42.129 Y49.512
G1 F2250 X21.729 Y69.912 E477.05606
G0 F11250 X22.028 Y69.047
G1 F2250 X42.297 Y48.778 E478.00945
G0 F11250 X42.465 Y48.045
G1 F2250 X22.329 Y68.181 E478.95659
G0 F11250 X22.63 Y67.314
G1 F2250 X42.632 Y47.312 E479.89742
G0 F11250 X42.8 Y46.579
G1 F2250 X22.93 Y66.448 E480.83202
G0 F11250 X23.23 Y65.583
G1 F2250 X42.967 Y45.845 E481.76041
G0 F11250 X43.135 Y45.112
G1 F2250 X23.53 Y64.717 E482.68257
G0 F11250 X23.831 Y63.85
G1 F2250 X43.303 Y44.379 E483.59845
G0 F11250 X43.47 Y43.645
G1 F2250 X24.131 Y62.984 E484.5081
G0 F11250 X24.432 Y62.118
G1 F2250 X43.638 Y42.912 E485.41149
G0 F11250 X43.805 Y42.179
G1 F2250 X24.732 Y61.252 E486.30862
G0 F11250 X25.032 Y60.386
G1 F2250 X43.973 Y41.446 E487.19953
G0 F11250 X44.14 Y40.712
G1 F2250 X25.333 Y59.52 E488.08417
G0 F11250 X25.633 Y58.654
G1 F2250 X44.308 Y39.979 E488.96259
G0 F11250 X44.476 Y39.246
G1 F2250 X25.933 Y57.788 E489.83477
G0 F11250 X26.234 Y56.922
G1 F2250 X44.643 Y38.513 E490.70067
G0 F11250 X44.811 Y37.779
G1 F2250 X26.534 Y56.056 E491.56037
G0 F11250 X26.835 Y55.19
G1 F2250 X44.978 Y37.046 E492.41378
G0 F11250 X45.146 Y36.313
G1 F2250 X27.135 Y54.323 E493.26094
G0 F11250 X27.435 Y53.458
G1 F2250 X45.314 Y35.579 E494.10191
G0 F11250 X45.481 Y34.846
G1 F2250 X27.736 Y52.592 E494.93661
G0 F11250 X28.036 Y51.726
G1 F2250 X45.649 Y34.113 E495.76507
G0 F11250 X45.816 Y33.38
G1 F2250 X28.337 Y50.859 E496.58723
G0 F11250 X28.636 Y49.994
G1 F2250 X45.984 Y32.646 E497.40322
G0 F11250 X46.151 Y31.913
G1 F2250 X28.937 Y49.128 E498.21294
G0 F11250 X29.237 Y48.261
G1 F2250 X46.319 Y31.18 E499.0164
G0 F11250 X46.487 Y30.447
G1 F2250 X29.538 Y47.395 E499.81361
G0 F11250 X29.838 Y46.53
G1 F2250 X46.654 Y29.713 E500.60461
G0 F11250 X46.822 Y28.98
G1 F2250 X30.138 Y45.664 E501.38937
G0 F11250 X30.439 Y44.797
G1 F2250 X46.989 Y28.247 E502.16783
G0 F11250 X47.157 Y27.514
G1 F2250 X30.739 Y43.931 E502.94006
G0 F11250 X31.04 Y43.065
G1 F2250 X47.325 Y26.78 E503.70606
G0 F11250 X47.431 Y26.109
G1 F2250 X31.34 Y42.199 E504.4629
G0 F11250 X31.64 Y41.333
G1 F2250 X47.458 Y25.515 E505.20693
G0 F11250 X47.419 Y24.989
G1 F2250 X31.941 Y40.467 E505.93497
G0 F11250 X32.241 Y39.601
G1 F2250 X47.337 Y24.505 E506.64504
G0 F11250 X47.224 Y24.052
G1 F2250 X32.541 Y38.735 E507.33568
G0 F11250 X32.842 Y37.869
G1 F2250 X47.065 Y23.646 E508.00469
G0 F11250 X46.883 Y23.262
G1 F2250 X33.142 Y37.003 E508.65103
G0 F11250 X33.443 Y36.137
G1 F2250 X46.684 Y22.895 E509.27387
G0 F11250 X46.444 Y22.569
G1 F2250 X33.743 Y35.27 E509.87128
G0 F11250 X34.043 Y34.405
G1 F2250 X46.193 Y22.255 E510.44278
G0 F11250 X45.917 Y21.965
G1 F2250 X34.343 Y33.539 E510.98719
G0 F11250 X34.644 Y32.673
G1 F2250 X45.615 Y21.702 E511.50323
G0 F11250 X45.299 Y21.451
G1 F2250 X34.945 Y31.806 E511.99027
G0 F11250 X35.244 Y30.941
G1 F2250 X44.947 Y21.238 E512.44667
G0 F11250 X44.576 Y21.043
G1 F2250 X35.545 Y30.075 E512.87149
G0 F11250 X35.845 Y29.208
G1 F2250 X44.181 Y20.872 E513.26359
G0 F11250 X43.745 Y20.743
G1 F2250 X36.146 Y28.342 E513.62102
G0 F11250 X36.446 Y27.477
G1 F2250 X43.283 Y20.639 E513.94263
G0 F11250 X42.784 Y20.573
G1 F2250 X36.746 Y26.611 E514.22664
G0 F11250 X37.047 Y25.744
G1 F2250 X42.229 Y20.562 E514.47039
G0 F11250 X41.595 Y20.631
G1 F2250 X37.347 Y24.878 E514.67018
G0 F11250 X37.648 Y24.012
G1 F2250 X40.845 Y20.815 E514.82055
G0 F11250 X40.677 Y20.388
G0 X39.562 Y20.913
G0 X39.783 Y21.311
G1 F2250 X38.163 Y22.931 E514.89675
G1 F2700 E509.89675
G0 F11250 X37.771 Y22.7
G0 X38.379 Y21.97
G0 X38.893 Y21.465
G0 X39.46 Y21.039
G0 X40.093 Y20.684
G0 X40.747 Y20.424
G0 X41.449 Y20.246
G0 X42.16 Y20.163
G0 X42.88 Y20.176
G0 X43.572 Y20.277
G0 X44.279 Y20.481
G0 X44.931 Y20.763
G0 X45.536 Y21.128
G0 X46.103 Y21.582
G0 X46.59 Y22.09
G0 X47.02 Y22.676
G0 X47.365 Y23.307
G0 X47.622 Y23.973
G0 X47.787 Y24.667
G0 X47.864 Y25.378
G0 X47.842 Y26.091
G0 X41.576 Y54.015
G0 X41.124 Y53.911
G1 F2700 E514.89675
G1 F2250 X19.926 Y75.109 E515.89384
G0 F11250 X19.626 Y75.975
G1 F2250 X40.956 Y54.645 E516.89714
G0 F11250 X40.789 Y55.378
G1 F2250 X23.611 Y72.556 E517.70514
G0 F11250 X23.858 Y72.946
G0 X24.925 Y72.412
G0 X24.745 Y71.987
G1 F2250 X40.621 Y56.111 E518.4519
G0 F11250 X40.454 Y56.844
G1 F2250 X25.572 Y71.726 E519.1519
G0 F11250 X26.287 Y71.576
G1 F2250 X40.286 Y57.578 E519.81035
G0 F11250 X40.118 Y58.311
G1 F2250 X26.906 Y71.523 E520.4318
G0 F11250 X27.486 Y71.509
G1 F2250 X39.951 Y59.044 E521.01812
G0 F11250 X39.783 Y59.777
G1 F2250 X28.002 Y71.558 E521.57226
G0 F11250 X28.507 Y71.619
G1 F2250 X39.616 Y60.511 E522.09477
G0 F11250 X39.448 Y61.244
G1 F2250 X28.96 Y71.732 E522.58809
G0 F11250 X29.412 Y71.846
G1 F2250 X39.28 Y61.977 E523.05228
G0 F11250 X39.113 Y62.71
G1 F2250 X29.824 Y72 E523.48923
G0 F11250 X30.223 Y72.166
G1 F2250 X38.945 Y63.444 E523.89948
G0 F11250 X38.778 Y64.177
G1 F2250 X30.603 Y72.352 E524.28401
G0 F11250 X30.95 Y72.57
G1 F2250 X38.61 Y64.91 E524.64431
G0 F11250 X38.443 Y65.644
G1 F2250 X31.297 Y72.789 E524.98041
G0 F11250 X31.62 Y73.032
G1 F2250 X38.275 Y66.377 E525.29345
G0 F11250 X38.107 Y67.11
G1 F2250 X31.919 Y73.299 E525.58453
G0 F11250 X32.214 Y73.569
G1 F2250 X37.94 Y67.843 E525.85387
G0 F11250 X37.772 Y68.577
G1 F2250 X32.487 Y73.862 E526.10246
G0 F11250 X32.74 Y74.175
G1 F2250 X37.605 Y69.31 E526.33129
G0 F11250 X37.437 Y70.043
G1 F2250 X32.984 Y74.496 E526.54075
G0 F11250 X33.201 Y74.844
G1 F2250 X37.269 Y70.776 E526.73209
G0 F11250 X37.102 Y71.51
G1 F2250 X33.408 Y75.204 E526.90585
G0 F11250 X33.601 Y75.576
G1 F2250 X36.934 Y72.243 E527.06262
G0 F11250 X36.767 Y72.976
G1 F2250 X33.76 Y75.983 E527.20406
G0 F11250 X33.915 Y76.394
G1 F2250 X36.599 Y73.71 E527.33031
G0 F11250 X36.432 Y74.443
G1 F2250 X34.032 Y76.843 E527.4432
G0 F11250 X34.127 Y77.313
G1 F2250 X36.265 Y75.175 E527.54376
G0 F11250 X36.097 Y75.909
G1 F2250 X34.196 Y77.81 E527.63318
G0 F11250 X34.218 Y78.354
G1 F2250 X35.93 Y76.642 E527.71371
G0 F11250 X35.762 Y77.375
G1 F2250 X34.211 Y78.926 E527.78666
G0 F11250 X34.129 Y79.574
G1 F2250 X35.594 Y78.108 E527.85559
G0 F11250 X35.427 Y78.842
G1 F2250 X33.971 Y80.298 E527.92408
G0 F11250 X33.675 Y81.16
G1 F2250 X35.259 Y79.575 E527.99861
G0 F11250 X35.086 Y80.314
G1 F2250 X32.958 Y82.442 E528.0987
G1 F2700 E523.0987
G0 F11250 X32.582 Y82.183
G0 X31.738 Y83.294
G0 X33.75 Y84.293
G0 X28.714 Y94.66
G0 X28.3 Y94.454
G1 F2700 E528.0987
G1 F2250 X19.701 Y103.052 E528.50315
G0 F11250 X20.244 Y103.076
G1 F2250 X27.743 Y95.577 E528.85588
G0 F11250 X28.157 Y95.783
G0 X27.599 Y96.906
G0 X27.185 Y96.7
G1 F2250 X20.709 Y103.176 E529.16049
G0 F11250 X21.155 Y103.296
G1 F2250 X26.627 Y97.824 E529.41788
G0 F11250 X27.041 Y98.03
G0 X26.484 Y99.153
G0 X26.07 Y98.947
G1 F2250 X21.601 Y103.415 E529.62806
G0 F11250 X22.048 Y103.535
G1 F2250 X25.512 Y100.07 E529.79102
G0 F11250 X25.926 Y100.276
G0 X25.369 Y101.399
G0 X24.955 Y101.193
G1 F2250 X22.494 Y103.654 E529.90678
G0 F11250 X22.939 Y103.774
G1 F2250 X24.397 Y102.317 E529.97534
G0 F11250 X24.811 Y102.523
G0 X24.253 Y103.647
G0 X23.839 Y103.441
G1 F2250 X23.385 Y103.894 E529.99667
G0 F11250 X23.188 Y104.627
G1 F2700 E524.99667
;MESH:NONMESH
G0 F300 X23.188 Y104.627 Z1
G0 F11250 X23.797 Y104.41
G0 X33.328 Y85.185
G0 X31.534 Y83.474
G0 X30.691 Y83.875
;TIME_ELAPSED:680.680105
;LAYER:4
;TYPE:WALL-INNER
;MESH:Sperrklinke
G1 F2700 E529.99667
G1 F2250 X29.79 Y84.352 E530.03058
G1 X28.806 Y84.681 E530.06509
G1 X27.788 Y84.844 E530.09938
G1 X26.755 Y84.844 E530.13373
G1 X25.738 Y84.681 E530.16799
G1 X24.77 Y84.353 E530.20198
G1 X23.858 Y83.879 E530.23617
G1 X23.025 Y83.256 E530.27077
G1 X22.307 Y82.507 E530.30528
G1 X21.728 Y81.663 E530.33932
G1 X21.282 Y80.729 E530.37374
G1 X20.999 Y79.742 E530.40789
G1 X20.872 Y78.717 E530.44225
G1 X20.918 Y77.686 E530.47657
G1 X21.117 Y76.687 E530.51045
G1 X21.484 Y75.718 E530.54491
G1 X21.996 Y74.831 E530.57898
G1 X22.652 Y74.026 E530.61352
G1 X23.422 Y73.342 E530.64777
G1 X24.296 Y72.787 E530.68221
G1 X25.25 Y72.382 E530.71668
G1 X26.247 Y72.141 E530.75079
G1 X27.268 Y72.054 E530.78488
G1 X28.309 Y72.146 E530.81963
G1 X29.302 Y72.389 E530.85364
G1 X30.246 Y72.786 E530.8877
G1 X31.122 Y73.342 E530.92221
G1 X31.892 Y74.026 E530.95646
G1 X32.545 Y74.827 E530.99083
G1 X33.057 Y75.714 E531.0249
G1 X33.425 Y76.682 E531.05934
G1 X33.63 Y77.676 E531.0931
G1 X33.672 Y78.705 E531.12735
G1 X33.552 Y79.733 E531.16178
G1 X33.256 Y80.743 E531.19678
G1 X32.817 Y81.663 E531.23069
G1 X32.235 Y82.51 E531.26487
G1 X31.525 Y83.257 E531.29914
G1 X30.691 Y83.875 E531.33367
G0 F11250 X30.472 Y83.539
G1 F2250 X29.633 Y83.983 E531.36524
G1 X28.713 Y84.291 E531.39751
G1 X27.756 Y84.444 E531.42974
G1 X26.788 Y84.444 E531.46194
G1 X25.836 Y84.291 E531.49401
G1 X24.924 Y83.984 E531.52601
G1 X24.07 Y83.539 E531.55804
G1 X23.295 Y82.96 E531.59022
G1 X22.62 Y82.257 E531.62264
G1 X22.074 Y81.462 E531.65471
G1 X21.656 Y80.583 E531.68709
G1 X21.393 Y79.666 E531.71881
G1 X21.273 Y78.701 E531.75116
G1 X21.324 Y77.692 E531.78476
G1 X21.502 Y76.799 E531.81505
G1 X21.849 Y75.885 E531.84756
G1 X22.328 Y75.057 E531.87938
G1 X22.944 Y74.3 E531.91184
G1 X23.665 Y73.661 E531.94388
G1 X24.477 Y73.145 E531.97588
G1 X25.375 Y72.764 E532.00833
G1 X26.31 Y72.537 E532.04033
G1 X27.271 Y72.456 E532.0724
G1 X28.241 Y72.537 E532.10478
G1 X29.17 Y72.764 E532.13659
G1 X30.067 Y73.145 E532.169
G1 X30.879 Y73.661 E532.201
G1 X31.603 Y74.303 E532.23318
G1 X32.211 Y75.049 E532.26519
G1 X32.693 Y75.883 E532.29723
G1 X33.04 Y76.794 E532.32965
G1 X33.231 Y77.725 E532.36126
G1 X33.271 Y78.697 E532.39362
G1 X33.149 Y79.687 E532.4268
G1 X32.891 Y80.568 E532.45733
G1 X32.468 Y81.465 E532.49031
G1 X31.925 Y82.256 E532.52223
G1 X31.257 Y82.957 E532.55443
G1 X30.472 Y83.539 E532.58693
G0 F11250 X30.221 Y83.219
G1 F2250 X29.476 Y83.612 E532.61495
G1 X28.614 Y83.902 E532.6452
G1 X27.723 Y84.044 E532.67521
G1 X26.82 Y84.044 E532.70524
G1 X25.931 Y83.901 E532.73519
G1 X25.077 Y83.615 E532.76514
G1 X24.282 Y83.198 E532.795
G1 X23.555 Y82.654 E532.8252
G1 X22.935 Y82.008 E532.85498
G1 X22.422 Y81.26 E532.88515
G1 X22.033 Y80.448 E532.9151
G1 X21.785 Y79.583 E532.94503
G1 X21.674 Y78.683 E532.97519
G1 X21.719 Y77.756 E533.00606
G1 X21.901 Y76.875 E533.03598
G1 X22.213 Y76.055 E533.06516
G1 X22.659 Y75.284 E533.09478
G1 X23.202 Y74.616 E533.12342
G1 X23.903 Y73.984 E533.15481
G1 X24.669 Y73.498 E533.18498
G1 X25.503 Y73.143 E533.21513
G1 X26.326 Y72.944 E533.24329
G1 X27.271 Y72.857 E533.27485
G1 X28.178 Y72.936 E533.30513
G1 X29.005 Y73.135 E533.33343
G1 X29.873 Y73.497 E533.36471
G1 X30.638 Y73.983 E533.39485
G1 X31.311 Y74.577 E533.42471
G1 X31.883 Y75.279 E533.45482
G1 X32.33 Y76.053 E533.48455
G1 X32.654 Y76.905 E533.51487
G1 X32.834 Y77.779 E533.54455
G1 X32.87 Y78.684 E533.57467
G1 X32.758 Y79.598 E533.6053
G1 X32.514 Y80.434 E533.63427
G1 X32.138 Y81.227 E533.66346
G1 X31.613 Y82.002 E533.69459
G1 X30.99 Y82.656 E533.72463
G1 X30.221 Y83.219 E533.75633
G1 F2700 E528.75633
G0 F11250 X30.36 Y83.486
G0 X19.4 Y103.686
G0 X17.538 Y110.641
G0 X20.187 Y112.064
G1 F2700 E533.75633
G1 F2250 X20.233 Y111.971 E533.75978
G1 X18.179 Y111.411 E533.83059
G1 X17.64 Y111.127 E533.85085
G1 X17.311 Y110.716 E533.86836
G1 X17.17 Y110.309 E533.88269
G1 X17.151 Y109.966 E533.89412
G1 X17.195 Y109.698 E533.90315
G1 X18.631 Y104.333 E534.08787
G1 X18.76 Y104.015 E534.09929
G1 X19.003 Y103.696 E534.11262
G1 X19.278 Y103.486 E534.12413
G1 X19.634 Y103.329 E534.13707
G1 X19.979 Y103.296 E534.1486
G1 X20.341 Y103.342 E534.16074
G1 X24.033 Y104.315 E534.28773
G1 X34.959 Y82.31 E535.10487
G1 X35.246 Y81.691 E535.12756
G1 X35.477 Y81.039 E535.15057
G1 X35.665 Y80.338 E535.17471
G1 X47.88 Y26.873 E536.99878
G1 X48.003 Y26.107 E537.02458
G1 X48.025 Y25.371 E537.04907
G1 X47.945 Y24.639 E537.07357
G1 X47.775 Y23.924 E537.09801
G1 X47.511 Y23.239 E537.12243
G1 X47.156 Y22.59 E537.14703
G1 X46.713 Y21.987 E537.17192
G1 X46.212 Y21.463 E537.19603
G1 X45.629 Y20.995 E537.22089
G1 X45.005 Y20.62 E537.24511
G1 X44.334 Y20.329 E537.26943
G1 X43.607 Y20.12 E537.29459
G1 X42.893 Y20.015 E537.3186
G1 X42.151 Y20.002 E537.34328
G1 X41.419 Y20.088 E537.36779
G1 X40.697 Y20.271 E537.39257
G1 X40.023 Y20.539 E537.41669
G1 X39.371 Y20.904 E537.44154
G1 X38.788 Y21.343 E537.46582
G1 X38.259 Y21.863 E537.49049
G1 X37.801 Y22.449 E537.51523
G1 X37.435 Y23.074 E537.53932
G1 X37.132 Y23.791 E537.56521
G1 X7.684 Y108.7 E540.55431
G1 X7.684 Y112.064 E540.6662
G1 X20.187 Y112.064 E541.08205
G0 F11250 X20.435 Y112.464
G1 F2250 X20.808 Y111.713 E541.10994
G1 X18.284 Y111.025 E541.19695
G1 X17.899 Y110.822 E541.21143
G1 X17.664 Y110.529 E541.22392
G1 X17.563 Y110.238 E541.23417
G1 X17.547 Y109.929 E541.24446
G1 X19.043 Y104.339 E541.43692
G1 X19.196 Y104.079 E541.44696
G1 X19.379 Y103.899 E541.4555
G1 X19.584 Y103.779 E541.4634
G1 X19.887 Y103.7 E541.47381
G1 X20.138 Y103.702 E541.48216
G1 X24.246 Y104.785 E541.62346
G1 X35.32 Y82.482 E542.45167
G1 X35.601 Y81.864 E542.47425
G1 X35.611 Y81.859 E542.47462
G1 X35.86 Y81.158 E542.49936
G1 X36.049 Y80.454 E542.52361
G1 X48.273 Y26.949 E544.34904
G1 X48.402 Y26.145 E544.37613
G1 X48.426 Y25.356 E544.40238
G1 X48.34 Y24.571 E544.42865
G1 X48.158 Y23.806 E544.4548
G1 X47.874 Y23.07 E544.48104
G1 X47.494 Y22.375 E544.50739
G1 X47.02 Y21.729 E544.53404
G1 X46.483 Y21.167 E544.55989
G1 X45.858 Y20.667 E544.58651
G1 X45.189 Y20.264 E544.61249
G1 X44.469 Y19.952 E544.63859
G1 X43.691 Y19.728 E544.66551
G1 X42.926 Y19.615 E544.69123
G1 X42.131 Y19.602 E544.71768
G1 X41.347 Y19.694 E544.74393
G1 X40.574 Y19.89 E544.77046
G1 X39.851 Y20.177 E544.79633
G1 X39.152 Y20.568 E544.82297
G1 X38.527 Y21.04 E544.84902
G1 X37.96 Y21.596 E544.87543
G1 X37.469 Y22.224 E544.90194
G1 X37.076 Y22.894 E544.92778
G1 X36.759 Y23.647 E544.95495
G1 X7.284 Y108.633 E547.94677
G1 X7.284 Y112.464 E548.07419
G1 X20.435 Y112.464 E548.5116
G0 F11250 X20.683 Y112.864
G1 F2250 X21.382 Y111.455 E548.56391
G1 X18.39 Y110.639 E548.66706
G1 X18.159 Y110.518 E548.67573
G1 X18.017 Y110.342 E548.68326
G1 X17.947 Y109.982 E548.69545
G1 X19.43 Y104.463 E548.88553
G1 X19.511 Y104.325 E548.89085
G1 X19.681 Y104.177 E548.89835
G1 X19.926 Y104.098 E548.90691
G1 X20.082 Y104.1 E548.9121
G1 X24.46 Y105.255 E549.06269
G1 X35.681 Y82.654 E549.90195
G1 X35.964 Y82.034 E549.92462
G1 X35.976 Y82.026 E549.9251
G1 X36.242 Y81.277 E549.95154
G1 X36.437 Y80.551 E549.97654
G1 X48.666 Y27.025 E551.80269
G1 X48.801 Y26.183 E551.83106
G1 X48.826 Y25.34 E551.85911
G1 X48.735 Y24.503 E551.88711
G1 X48.541 Y23.687 E551.91501
G1 X48.238 Y22.902 E551.94299
G1 X47.832 Y22.159 E551.97115
G1 X47.327 Y21.471 E551.99954
G1 X46.753 Y20.872 E552.02713
G1 X46.087 Y20.338 E552.05553
G1 X45.372 Y19.907 E552.08329
G1 X44.604 Y19.574 E552.11113
G1 X43.776 Y19.336 E552.13979
G1 X42.958 Y19.216 E552.16729
G1 X42.111 Y19.201 E552.19546
G1 X41.274 Y19.3 E552.2235
G1 X40.45 Y19.508 E552.25176
G1 X39.679 Y19.815 E552.27936
G1 X38.933 Y20.232 E552.30779
G1 X38.265 Y20.736 E552.33562
G1 X37.661 Y21.329 E552.36377
G1 X37.138 Y21.999 E552.39204
G1 X36.718 Y22.714 E552.41962
G1 X36.385 Y23.504 E552.44814
G1 X6.884 Y108.566 E555.44263
G1 X6.884 Y112.864 E555.58558
G1 X20.683 Y112.864 E556.04454
G0 F11250 X20.931 Y113.264
;TYPE:WALL-OUTER
G1 F2250 X21.956 Y111.197 E556.12128
G1 X18.431 Y110.236 E556.2428
G1 X18.337 Y110.071 E556.24911
G1 X19.799 Y104.618 E556.43689
G1 X19.863 Y104.536 E556.44035
G1 X19.983 Y104.488 E556.44465
G1 X24.673 Y105.725 E556.60597
G1 X36.043 Y82.826 E557.45631
G1 X36.326 Y82.203 E557.47907
G1 X36.341 Y82.194 E557.47965
G1 X36.624 Y81.396 E557.50781
G1 X36.835 Y80.606 E557.53501
G1 X49.059 Y27.101 E559.36045
G1 X49.2 Y26.221 E559.39009
G1 X49.227 Y25.324 E559.41994
G1 X49.13 Y24.435 E559.44968
G1 X48.924 Y23.568 E559.47932
G1 X48.602 Y22.733 E559.50909
G1 X48.17 Y21.944 E559.539
G1 X47.634 Y21.213 E559.56915
G1 X47.024 Y20.576 E559.59849
G1 X46.317 Y20.009 E559.62863
G1 X45.556 Y19.551 E559.65817
G1 X44.74 Y19.197 E559.68776
G1 X43.861 Y18.944 E559.71818
G1 X42.991 Y18.816 E559.74743
G1 X42.091 Y18.801 E559.77736
G1 X41.201 Y18.906 E559.80717
G1 X40.326 Y19.127 E559.83719
G1 X39.507 Y19.453 E559.86651
G1 X38.714 Y19.896 E559.89672
G1 X38.003 Y20.432 E559.92633
G1 X37.362 Y21.062 E559.95623
G1 X36.806 Y21.773 E559.98625
G1 X36.36 Y22.534 E560.01558
G1 X36.011 Y23.36 E560.04541
G1 X6.484 Y108.498 E563.04257
G1 X6.484 Y113.264 E563.20109
G1 X20.931 Y113.264 E563.6816
G1 F2700 E558.6816
G0 F11250 X20.508 Y112.58
G0 X17.538 Y110.641
G0 X19.4 Y103.686
G0 X30.48 Y83.411
G0 X30.06 Y82.849
G1 F2700 E563.6816
G1 F2250 X29.3 Y83.25 E563.71018
G1 X28.504 Y83.514 E563.73807
G1 X27.704 Y83.642 E563.76502
G1 X26.84 Y83.642 E563.79376
G1 X26.012 Y83.506 E563.82167
G1 X25.231 Y83.245 E563.84905
G1 X24.484 Y82.849 E563.87718
G1 X23.811 Y82.343 E563.90518
G1 X23.235 Y81.738 E563.93296
G1 X22.763 Y81.047 E563.9608
G1 X22.403 Y80.288 E563.98874
G1 X22.177 Y79.489 E564.01635
G1 X22.077 Y78.685 E564.0433
G1 X22.115 Y77.812 E564.07236
G1 X22.271 Y77.032 E564.09882
G1 X22.582 Y76.215 E564.1279
G1 X22.982 Y75.523 E564.15448
G1 X23.512 Y74.869 E564.18248
G1 X24.16 Y74.295 E564.21127
G1 X24.869 Y73.847 E564.23917
G1 X25.644 Y73.521 E564.26713
G1 X26.451 Y73.328 E564.29473
G1 X27.255 Y73.26 E564.32157
G1 X28.113 Y73.33 E564.3502
G1 X28.917 Y73.526 E564.37772
G1 X29.675 Y73.847 E564.4051
G1 X30.409 Y74.314 E564.43404
G1 X31.032 Y74.869 E564.46179
G1 X31.562 Y75.523 E564.48978
G1 X31.962 Y76.215 E564.51637
G1 X32.264 Y77.005 E564.5445
G1 X32.436 Y77.844 E564.57298
G1 X32.467 Y78.684 E564.60094
G1 X32.368 Y79.509 E564.62858
G1 X32.137 Y80.3 E564.65599
G1 X31.78 Y81.049 E564.68358
G1 X31.309 Y81.738 E564.71134
G1 X30.712 Y82.365 E564.74014
G1 X30.06 Y82.849 E564.76715
G0 F11250 X30.48 Y83.411
G0 X30.122 Y84.267
;TYPE:FILL
G1 F4500 X32.644 Y86.789 E564.88577
G0 F11250 X34.175 Y83.705
G1 F4500 X14.621 Y88.945 E565.55909
G0 F11250 X15.295 Y87.001
G1 F4500 X8.6 Y111.985 E566.41938
G0 F11250 X7.765 Y109.417
G1 F4500 X17.916 Y106.697 E566.76891
G0 F11250 X18.062 Y106.148
G1 F4500 X11.076 Y99.162 E567.09751
G0 F11250 X12.245 Y95.793
G1 F4500 X30.618 Y90.87 E567.73016
G0 F11250 X29.829 Y92.459
G1 F4500 X17.632 Y80.262 E568.30387
G0 F11250 X16.995 Y82.097
G1 F4500 X21.296 Y80.944 E568.45197
G0 F11250 X22.598 Y82.927
G1 F4500 X14.812 Y111.984 E569.4525
G0 F11250 X15.412 Y111.983
G1 F4500 X8.891 Y105.462 E569.75923
G0 F11250 X9.871 Y102.641
G1 F4500 X27.061 Y98.034 E570.35115
G1 X27.014 Y98.129
G1 X15.447 Y86.562 E570.89523
G0 F11250 X13.261 Y92.862
G1 F4500 X24.199 Y103.8 E571.40972
G0 F11250 X23.162 Y104.004
G1 F4500 X28.296 Y84.843 E572.06949
G0 F11250 X31.148 Y82.835
G0 X31.675 Y82.285
G0 X33.675 Y79.334
G1 F4500 X35.39 Y81.049 E572.15016
G0 F11250 X33.695 Y77.622
G1 F4500 X36.366 Y76.906 E572.24214
G0 F11250 X36.993 Y74.167
G1 F4500 X24.187 Y61.361 E572.84449
G0 F11250 X24.121 Y61.552
G1 F4500 X40.902 Y57.056 E573.42231
G0 F11250 X40.15 Y60.353
G1 F4500 X28.557 Y48.761 E573.96759
G0 F11250 X28.871 Y47.856
G1 F4500 X43.926 Y43.822 E574.48599
G0 F11250 X43.306 Y46.539
G1 F4500 X32.927 Y36.16 E574.97418
G0 F11250 X33.621 Y34.16
G1 F4500 X46.949 Y30.589 E575.43311
G0 F11250 X46.463 Y32.725
G1 F4500 X37.311 Y23.574 E575.86357
G0 F11250 X39.144 Y21.175
G1 F4500 X25.459 Y72.25 E577.62225
G0 F11250 X26.39 Y72.049
G1 F4500 X22.002 Y67.661 E577.82865
G0 F11250 X21.745 Y68.401
G1 F4500 X39.39 Y63.673 E578.43623
G0 F11250 X38.571 Y67.26
G1 F4500 X26.372 Y55.06 E579.01005
G0 F11250 X26.495 Y54.705
G1 F4500 X42.414 Y50.439 E579.5582
G0 F11250 X41.728 Y53.446
G1 F4500 X30.742 Y42.46 E580.07495
G0 F11250 X31.246 Y41.008
G1 F4500 X45.438 Y37.206 E580.56362
G0 F11250 X44.884 Y39.632
G1 F4500 X35.112 Y29.86 E581.02327
G0 F11250 X35.996 Y27.312
G1 F4500 X47.749 Y24.163 E581.42796
G0 F11250 X47.935 Y25.712
G1 F4500 X42.308 Y20.085 E581.69264
G0 F11250 X45.414 Y20.96
G1 F4500 X31.352 Y73.439 E583.49967
G0 F11250 X29.715 Y72.477
G1 F4500 X37.878 Y70.29 E583.78075
G0 F11250 X25.425 Y72.921
G0 X25.179 Y73.025
G0 X22.16 Y74.501
G1 F4500 X19.371 Y75.249 E583.87679
G0 F11250 X19.817 Y73.961
G1 F4500 X21.46 Y75.605 E583.9541
;MESH:NONMESH
G0 F300 X21.46 Y75.605 Z1.2
G0 F11250 X21.437 Y78.696
G0 X21.55 Y79.631
G0 X21.812 Y80.534
G0 X22.215 Y81.382
G0 X22.749 Y82.156
G0 X23.4 Y82.835
G0 X24.152 Y83.399
G0 X24.984 Y83.836
G0 X25.877 Y84.134
G0 X26.804 Y84.285
G0 X27.564 Y84.285
G0 X30.691 Y83.875
;TIME_ELAPSED:729.000122
;LAYER:5
;TYPE:WALL-INNER
;MESH:Sperrklinke
G1 F2250 X29.79 Y84.352 E583.98801
G1 X28.806 Y84.681 E584.02251
G1 X27.788 Y84.844 E584.0568
G1 X26.755 Y84.844 E584.09116
G1 X25.738 Y84.681 E584.12542
G1 X24.77 Y84.353 E584.15941
G1 X23.858 Y83.879 E584.1936
G1 X23.025 Y83.256 E584.2282
G1 X22.307 Y82.507 E584.26271
G1 X21.728 Y81.663 E584.29675
G1 X21.282 Y80.729 E584.33117
G1 X20.999 Y79.742 E584.36532
G1 X20.872 Y78.717 E584.39968
G1 X20.918 Y77.686 E584.434
G1 X21.117 Y76.687 E584.46788
G1 X21.484 Y75.718 E584.50234
G1 X21.996 Y74.831 E584.53641
G1 X22.652 Y74.026 E584.57095
G1 X23.422 Y73.342 E584.6052
G1 X24.296 Y72.787 E584.63964
G1 X25.25 Y72.382 E584.67411
G1 X26.247 Y72.141 E584.70822
G1 X27.268 Y72.054 E584.74231
G1 X28.309 Y72.146 E584.77706
G1 X29.302 Y72.389 E584.81107
G1 X30.246 Y72.786 E584.84513
G1 X31.122 Y73.342 E584.87964
G1 X31.892 Y74.026 E584.91389
G1 X32.545 Y74.827 E584.94826
G1 X33.057 Y75.714 E584.98233
G1 X33.425 Y76.682 E585.01677
G1 X33.63 Y77.676 E585.05053
G1 X33.672 Y78.705 E585.08478
G1 X33.552 Y79.733 E585.1192
G1 X33.256 Y80.743 E585.15421
G1 X32.817 Y81.663 E585.18812
G1 X32.235 Y82.51 E585.2223
G1 X31.525 Y83.257 E585.25657
G1 X30.691 Y83.875 E585.2911
G0 F11250 X30.468 Y83.541
G1 F2250 X29.633 Y83.983 E585.32252
G1 X28.713 Y84.291 E585.35479
G1 X27.756 Y84.444 E585.38702
G1 X26.788 Y84.444 E585.41922
G1 X25.836 Y84.291 E585.45129
G1 X24.924 Y83.984 E585.4833
G1 X24.07 Y83.539 E585.51532
G1 X23.295 Y82.96 E585.5475
G1 X22.62 Y82.257 E585.57992
G1 X22.074 Y81.462 E585.61199
G1 X21.656 Y80.583 E585.64437
G1 X21.393 Y79.666 E585.67609
G1 X21.273 Y78.701 E585.70844
G1 X21.324 Y77.692 E585.74204
G1 X21.502 Y76.799 E585.77233
G1 X21.849 Y75.885 E585.80484
G1 X22.328 Y75.057 E585.83666
G1 X22.944 Y74.3 E585.86912
G1 X23.665 Y73.661 E585.90116
G1 X24.477 Y73.145 E585.93316
G1 X25.375 Y72.764 E585.96561
G1 X26.31 Y72.537 E585.99761
G1 X27.271 Y72.456 E586.02968
G1 X28.241 Y72.537 E586.06206
G1 X29.17 Y72.764 E586.09387
G1 X30.067 Y73.145 E586.12628
G1 X30.879 Y73.661 E586.15828
G1 X31.603 Y74.303 E586.19046
G1 X32.211 Y75.049 E586.22247
G1 X32.693 Y75.883 E586.25451
G1 X33.04 Y76.794 E586.28693
G1 X33.231 Y77.725 E586.31854
G1 X33.271 Y78.697 E586.3509
G1 X33.149 Y79.687 E586.38408
G1 X32.891 Y80.568 E586.41461
G1 X32.468 Y81.465 E586.4476
G1 X31.925 Y82.256 E586.47951
G1 X31.257 Y82.957 E586.51171
G1 X30.468 Y83.541 E586.54436
G0 F11250 X30.221 Y83.219
G1 F2250 X29.476 Y83.612 E586.57238
G1 X28.614 Y83.902 E586.60263
G1 X27.723 Y84.044 E586.63263
G1 X26.82 Y84.044 E586.66267
G1 X25.931 Y83.901 E586.69262
G1 X25.077 Y83.615 E586.72257
G1 X24.282 Y83.198 E586.75243
G1 X23.555 Y82.654 E586.78263
G1 X22.935 Y82.008 E586.81241
G1 X22.422 Y81.26 E586.84258
G1 X22.033 Y80.448 E586.87252
G1 X21.785 Y79.583 E586.90245
G1 X21.674 Y78.683 E586.93261
G1 X21.719 Y77.756 E586.96348
G1 X21.901 Y76.875 E586.9934
G1 X22.213 Y76.055 E587.02258
G1 X22.659 Y75.284 E587.05221
G1 X23.202 Y74.616 E587.08084
G1 X23.903 Y73.984 E587.11223
G1 X24.669 Y73.498 E587.14241
G1 X25.503 Y73.143 E587.17255
G1 X26.326 Y72.944 E587.20072
G1 X27.271 Y72.857 E587.23228
G1 X28.178 Y72.936 E587.26256
G1 X29.005 Y73.135 E587.29085
G1 X29.873 Y73.497 E587.32213
G1 X30.638 Y73.983 E587.35228
G1 X31.311 Y74.577 E587.38213
G1 X31.883 Y75.279 E587.41225
G1 X32.33 Y76.053 E587.44198
G1 X32.654 Y76.905 E587.4723
G1 X32.834 Y77.779 E587.50198
G1 X32.87 Y78.684 E587.5321
G1 X32.758 Y79.598 E587.56273
G1 X32.514 Y80.434 E587.59169
G1 X32.138 Y81.227 E587.62088
G1 X31.613 Y82.002 E587.65202
G1 X30.99 Y82.656 E587.68206
G1 X30.221 Y83.219 E587.71376
G1 F2700 E582.71376
G0 F11250 X30.36 Y83.486
G0 X19.471 Y103.424
G0 X17.468 Y110.905
G0 X19.602 Y112.063
G1 F2700 E587.71376
G1 F2250 X18.12 Y111.67 E587.76475
G1 X17.578 Y111.388 E587.78507
G1 X17.245 Y110.977 E587.80267
G1 X17.103 Y110.568 E587.81707
G1 X17.082 Y110.223 E587.82856
G1 X17.127 Y109.954 E587.83763
G1 X18.729 Y103.981 E588.04332
G1 X18.846 Y103.728 E588.05259
G1 X19.074 Y103.437 E588.06489
G1 X19.351 Y103.227 E588.07645
G1 X19.643 Y103.1 E588.08704
G1 X19.923 Y103.045 E588.09653
G1 X20.282 Y103.051 E588.10847
G1 X24.143 Y104.09 E588.24146
G1 X34.959 Y82.31 E589.05027
G1 X35.246 Y81.691 E589.07296
G1 X35.477 Y81.039 E589.09597
G1 X35.665 Y80.338 E589.12011
G1 X47.88 Y26.873 E590.94418
G1 X48.003 Y26.107 E590.96998
G1 X48.025 Y25.371 E590.99447
G1 X47.945 Y24.639 E591.01897
G1 X47.775 Y23.924 E591.04341
G1 X47.511 Y23.239 E591.06783
G1 X47.156 Y22.59 E591.09243
G1 X46.713 Y21.987 E591.11732
G1 X46.212 Y21.463 E591.14143
G1 X45.629 Y20.995 E591.16629
G1 X45.005 Y20.62 E591.19051
G1 X44.334 Y20.329 E591.21483
G1 X43.607 Y20.12 E591.23999
G1 X42.893 Y20.015 E591.264
G1 X42.151 Y20.002 E591.28868
G1 X41.419 Y20.088 E591.31319
G1 X40.697 Y20.271 E591.33797
G1 X40.023 Y20.539 E591.36209
G1 X39.371 Y20.904 E591.38694
G1 X38.788 Y21.343 E591.41122
G1 X38.259 Y21.863 E591.43589
G1 X37.801 Y22.449 E591.46063
G1 X37.435 Y23.074 E591.48472
G1 X37.132 Y23.791 E591.51061
G1 X7.684 Y108.7 E594.49971
G1 X7.684 Y112.064 E594.6116
G1 X19.602 Y112.063 E595.00799
G0 F11250 X20.435 Y112.464
G1 F2250 X20.695 Y111.941 E595.02742
G1 X18.223 Y111.283 E595.1125
G1 X17.835 Y111.082 E595.12704
G1 X17.598 Y110.788 E595.1396
G1 X17.496 Y110.496 E595.14988
G1 X17.478 Y110.186 E595.16021
G1 X19.133 Y104.004 E595.37307
G1 X19.353 Y103.724 E595.38491
G1 X19.656 Y103.521 E595.39704
G1 X20.054 Y103.44 E595.41055
G1 X20.312 Y103.474 E595.41921
G1 X24.356 Y104.561 E595.55848
G1 X35.32 Y82.482 E596.37839
G1 X35.601 Y81.864 E596.40097
G1 X35.611 Y81.859 E596.40134
G1 X35.86 Y81.158 E596.42609
G1 X36.049 Y80.454 E596.45033
G1 X48.273 Y26.949 E598.27577
G1 X48.402 Y26.145 E598.30285
G1 X48.426 Y25.356 E598.3291
G1 X48.34 Y24.571 E598.35537
G1 X48.158 Y23.806 E598.38152
G1 X47.874 Y23.07 E598.40776
G1 X47.494 Y22.375 E598.43411
G1 X47.02 Y21.729 E598.46076
G1 X46.483 Y21.167 E598.48661
G1 X45.858 Y20.667 E598.51323
G1 X45.189 Y20.264 E598.53921
G1 X44.469 Y19.952 E598.56531
G1 X43.691 Y19.728 E598.59224
G1 X42.926 Y19.615 E598.61796
G1 X42.131 Y19.602 E598.6444
G1 X41.347 Y19.694 E598.67066
G1 X40.574 Y19.89 E598.69718
G1 X39.851 Y20.177 E598.72305
G1 X39.152 Y20.568 E598.74969
G1 X38.527 Y21.04 E598.77574
G1 X37.96 Y21.596 E598.80215
G1 X37.469 Y22.224 E598.82867
G1 X37.076 Y22.894 E598.8545
G1 X36.759 Y23.647 E598.88167
G1 X7.284 Y108.633 E601.8735
G1 X7.284 Y112.464 E602.00092
G1 X20.435 Y112.464 E602.43832
G0 F11250 X20.683 Y112.864
G1 F2250 X21.271 Y111.68 E602.48229
G1 X18.325 Y110.897 E602.58368
G1 X18.093 Y110.776 E602.59238
G1 X17.95 Y110.599 E602.59995
G1 X17.889 Y110.424 E602.60611
G1 X17.879 Y110.238 E602.61231
G1 X19.498 Y104.207 E602.82
G1 X19.58 Y104.068 E602.82537
G1 X19.751 Y103.92 E602.83289
G1 X19.938 Y103.85 E602.83953
G1 X20.208 Y103.86 E602.84852
G1 X24.569 Y105.032 E602.99871
G1 X35.681 Y82.654 E603.82972
G1 X35.964 Y82.034 E603.85238
G1 X35.976 Y82.026 E603.85286
G1 X36.242 Y81.277 E603.8793
G1 X36.437 Y80.551 E603.9043
G1 X48.666 Y27.025 E605.73046
G1 X48.801 Y26.183 E605.75882
G1 X48.826 Y25.34 E605.78687
G1 X48.735 Y24.503 E605.81487
G1 X48.541 Y23.687 E605.84277
G1 X48.238 Y22.902 E605.87076
G1 X47.832 Y22.159 E605.89892
G1 X47.327 Y21.471 E605.9273
G1 X46.753 Y20.872 E605.9549
G1 X46.087 Y20.338 E605.98329
G1 X45.372 Y19.907 E606.01106
G1 X44.604 Y19.574 E606.0389
G1 X43.776 Y19.336 E606.06755
G1 X42.958 Y19.216 E606.09505
G1 X42.111 Y19.201 E606.12323
G1 X41.274 Y19.3 E606.15126
G1 X40.45 Y19.508 E606.17953
G1 X39.679 Y19.815 E606.20713
G1 X38.933 Y20.232 E606.23555
G1 X38.265 Y20.736 E606.26338
G1 X37.661 Y21.329 E606.29154
G1 X37.138 Y21.999 E606.31981
G1 X36.718 Y22.714 E606.34739
G1 X36.385 Y23.504 E606.3759
G1 X6.884 Y108.566 E609.3704
G1 X6.884 Y112.864 E609.51335
G1 X20.683 Y112.864 E609.9723
G0 F11250 X20.931 Y113.264
;TYPE:WALL-OUTER
G1 F2250 X21.847 Y111.419 E610.04082
G1 X18.364 Y110.493 E610.16068
G1 X18.269 Y110.328 E610.16702
G1 X19.867 Y104.362 E610.37244
G1 X19.951 Y104.266 E610.37668
G1 X20.055 Y104.233 E610.38031
G1 X24.781 Y105.504 E610.54309
G1 X36.043 Y82.826 E611.38525
G1 X36.326 Y82.203 E611.40801
G1 X36.341 Y82.194 E611.40859
G1 X36.624 Y81.396 E611.43675
G1 X36.835 Y80.606 E611.46395
G1 X49.059 Y27.101 E613.28938
G1 X49.2 Y26.221 E613.31902
G1 X49.227 Y25.324 E613.34887
G1 X49.13 Y24.435 E613.37862
G1 X48.924 Y23.568 E613.40826
G1 X48.602 Y22.733 E613.43802
G1 X48.17 Y21.944 E613.46794
G1 X47.634 Y21.213 E613.49809
G1 X47.024 Y20.576 E613.52742
G1 X46.317 Y20.009 E613.55757
G1 X45.556 Y19.551 E613.58711
G1 X44.74 Y19.197 E613.61669
G1 X43.861 Y18.944 E613.64711
G1 X42.991 Y18.816 E613.67636
G1 X42.091 Y18.801 E613.7063
G1 X41.201 Y18.906 E613.73611
G1 X40.326 Y19.127 E613.76612
G1 X39.507 Y19.453 E613.79544
G1 X38.714 Y19.896 E613.82565
G1 X38.003 Y20.432 E613.85527
G1 X37.362 Y21.062 E613.88516
G1 X36.806 Y21.773 E613.91518
G1 X36.36 Y22.534 E613.94452
G1 X36.011 Y23.36 E613.97434
G1 X6.484 Y108.498 E616.97151
G1 X6.484 Y113.264 E617.13003
G1 X20.931 Y113.264 E617.61054
G1 F2700 E612.61054
G0 F11250 X20.508 Y112.579
G0 X17.468 Y110.905
G0 X19.471 Y103.424
G0 X30.48 Y83.411
G0 X30.06 Y82.849
G1 F2700 E617.61054
G1 F2250 X29.3 Y83.25 E617.63912
G1 X28.504 Y83.514 E617.66701
G1 X27.704 Y83.642 E617.69396
G1 X26.84 Y83.642 E617.72269
G1 X26.012 Y83.506 E617.7506
G1 X25.231 Y83.245 E617.77799
G1 X24.484 Y82.849 E617.80611
G1 X23.811 Y82.343 E617.83412
G1 X23.235 Y81.738 E617.8619
G1 X22.763 Y81.047 E617.88973
G1 X22.403 Y80.288 E617.91767
G1 X22.177 Y79.489 E617.94529
G1 X22.077 Y78.685 E617.97224
G1 X22.115 Y77.812 E618.0013
G1 X22.271 Y77.032 E618.02776
G1 X22.582 Y76.215 E618.05683
G1 X22.982 Y75.523 E618.08342
G1 X23.512 Y74.869 E618.11141
G1 X24.16 Y74.295 E618.14021
G1 X24.869 Y73.847 E618.1681
G1 X25.644 Y73.521 E618.19607
G1 X26.451 Y73.328 E618.22366
G1 X27.289 Y73.26 E618.25163
G1 X28.113 Y73.33 E618.27913
G1 X28.917 Y73.526 E618.30666
G1 X29.675 Y73.847 E618.33404
G1 X30.409 Y74.314 E618.36297
G1 X31.032 Y74.869 E618.39072
G1 X31.562 Y75.523 E618.41872
G1 X31.962 Y76.215 E618.4453
G1 X32.264 Y77.005 E618.47343
G1 X32.436 Y77.844 E618.50192
G1 X32.467 Y78.684 E618.52988
G1 X32.368 Y79.509 E618.55751
G1 X32.137 Y80.3 E618.58492
G1 X31.78 Y81.049 E618.61252
G1 X31.309 Y81.738 E618.64028
G1 X30.712 Y82.365 E618.66907
G1 X30.06 Y82.849 E618.69608
G0 F11250 X30.48 Y83.411
G0 X30.252 Y84.197
;TYPE:FILL
G1 F4500 X32.711 Y86.656 E618.81174
G0 F11250 X34.092 Y83.873
G1 F4500 X14.565 Y89.106 E619.48413
G0 F11250 X14.653 Y88.852
G1 F4500 X8.454 Y111.985 E620.28069
G0 F11250 X7.764 Y109.563
G1 F4500 X17.873 Y106.854 E620.62878
G0 F11250 X18.105 Y105.991
G1 F4500 X11.128 Y99.014 E620.95695
G0 F11250 X12.19 Y95.954
G1 F4500 X30.534 Y91.038 E621.5886
G0 F11250 X29.896 Y92.326
G1 F4500 X17.683 Y80.113 E622.16307
G0 F11250 X16.94 Y82.257
G1 F4500 X21.358 Y81.074 E622.31519
G0 F11250 X22.484 Y82.808
G1 F4500 X14.666 Y111.984 E623.31982
G0 F11250 X15.612 Y111.983
G1 F4500 X8.943 Y105.314 E623.63351
G0 F11250 X9.814 Y102.802
G1 F4500 X26.976 Y98.203 E624.22446
G0 F11250 X27.08 Y97.996
G1 F4500 X15.498 Y86.413 E624.76926
G0 F11250 X13.313 Y92.714
G1 F4500 X24.265 Y103.666 E625.28441
G0 F11250 X23.091 Y103.723
G1 F4500 X28.144 Y84.868 E625.93366
G0 F11250 X30.396 Y83.399
G0 X31.148 Y82.835
G0 X31.799 Y82.156
G0 X33.697 Y79.157
G1 F4500 X35.434 Y80.894 E626.01537
G0 F11250 X35.346 Y81.169
G1 F4500 X35.664 Y79.983 E626.05621
G0 F11250 X33.712 Y77.763
G1 F4500 X36.33 Y77.062 E626.14635
G0 F11250 X37.03 Y74.004
G1 F4500 X24.238 Y61.213 E626.74802
G0 F11250 X24.065 Y61.713
G1 F4500 X40.866 Y57.212 E627.32653
G0 F11250 X40.186 Y60.19
G1 F4500 X28.608 Y48.612 E627.87112
G0 F11250 X28.815 Y48.017
G1 F4500 X43.89 Y43.978 E628.3902
G0 F11250 X43.343 Y46.376
G1 F4500 X32.979 Y36.012 E628.87769
G0 F11250 X33.565 Y34.321
G1 F4500 X46.914 Y30.744 E629.33735
G0 F11250 X46.499 Y32.562
G1 F4500 X37.37 Y23.433 E629.76675
G0 F11250 X38.962 Y21.312
G1 F4500 X25.302 Y72.292 E631.52216
G0 F11250 X26.574 Y72.034
G1 F4500 X22.053 Y67.513 E631.73482
G0 F11250 X21.69 Y68.561
G1 F4500 X39.354 Y63.828 E632.34305
G0 F11250 X38.608 Y67.097
G1 F4500 X26.423 Y54.912 E632.91619
G1 X26.44 Y54.865
G1 X42.378 Y50.595 E633.46499
G0 F11250 X41.765 Y53.283
G1 F4500 X30.793 Y42.312 E633.98106
G0 F11250 X31.19 Y41.169
G1 F4500 X45.402 Y37.361 E634.47042
G0 F11250 X44.921 Y39.469
G1 F4500 X35.164 Y29.712 E634.92936
G0 F11250 X35.94 Y27.473
G1 F4500 X47.781 Y24.3 E635.33709
G0 F11250 X47.94 Y25.518
G1 F4500 X42.511 Y20.089 E635.59245
G0 F11250 X45.288 Y20.884
G1 F4500 X31.233 Y73.337 E637.39859
G0 F11250 X29.927 Y72.566
G1 F4500 X37.842 Y70.445 E637.67113
G0 F11250 X26.337 Y72.696
G0 X25.425 Y72.921
G0 X24.934 Y73.13
G0 X22.009 Y74.688
G1 F4500 X19.315 Y75.41 E637.7639
G0 F11250 X19.868 Y73.813
G1 F4500 X21.531 Y75.477 E637.84214
;MESH:NONMESH
G0 F300 X21.531 Y75.477 Z1.4
G0 F11250 X21.437 Y78.696
G0 X21.55 Y79.631
G0 X21.812 Y80.534
G0 X22.215 Y81.382
G0 X22.749 Y82.156
G0 X23.4 Y82.835
G0 X24.152 Y83.399
G0 X24.984 Y83.836
G0 X25.877 Y84.134
G0 X26.804 Y84.285
G0 X27.564 Y84.285
G0 X30.694 Y83.873
;TIME_ELAPSED:776.959564
;LAYER:6
;TYPE:WALL-INNER
;MESH:Sperrklinke
G1 F2250 X29.787 Y84.353 E637.87628
G1 X28.806 Y84.681 E637.91068
G1 X27.788 Y84.844 E637.94497
G1 X26.755 Y84.844 E637.97933
G1 X25.738 Y84.681 E638.01358
G1 X24.77 Y84.353 E638.04758
G1 X23.858 Y83.879 E638.08176
G1 X23.025 Y83.256 E638.11636
G1 X22.307 Y82.507 E638.15087
G1 X21.728 Y81.663 E638.18491
G1 X21.282 Y80.729 E638.21934
G1 X20.999 Y79.742 E638.25349
G1 X20.872 Y78.717 E638.28784
G1 X20.918 Y77.686 E638.32217
G1 X21.117 Y76.687 E638.35605
G1 X21.484 Y75.718 E638.39051
G1 X21.996 Y74.831 E638.42457
G1 X22.652 Y74.026 E638.45911
G1 X23.422 Y73.342 E638.49337
G1 X24.296 Y72.787 E638.5278
G1 X25.25 Y72.382 E638.56227
G1 X26.247 Y72.141 E638.59639
G1 X27.268 Y72.054 E638.63047
G1 X28.309 Y72.146 E638.66523
G1 X29.302 Y72.389 E638.69923
G1 X30.246 Y72.786 E638.73329
G1 X31.122 Y73.342 E638.7678
G1 X31.892 Y74.026 E638.80206
G1 X32.545 Y74.827 E638.83643
G1 X33.057 Y75.714 E638.87049
G1 X33.425 Y76.682 E638.90494
G1 X33.63 Y77.676 E638.93869
G1 X33.672 Y78.705 E638.97295
G1 X33.552 Y79.733 E639.00737
G1 X33.256 Y80.743 E639.04238
G1 X32.817 Y81.663 E639.07628
G1 X32.235 Y82.511 E639.11049
G1 X31.52 Y83.26 E639.14493
G1 X30.694 Y83.873 E639.17914
G0 F11250 X30.472 Y83.539
G1 F2250 X29.633 Y83.983 E639.21071
G1 X28.713 Y84.291 E639.24298
G1 X27.755 Y84.444 E639.27525
G1 X26.788 Y84.444 E639.30741
G1 X25.836 Y84.291 E639.33948
G1 X24.924 Y83.984 E639.37149
G1 X24.07 Y83.539 E639.40351
G1 X23.295 Y82.96 E639.43569
G1 X22.62 Y82.257 E639.46811
G1 X22.074 Y81.462 E639.50018
G1 X21.656 Y80.583 E639.53256
G1 X21.393 Y79.666 E639.56429
G1 X21.273 Y78.701 E639.59663
G1 X21.324 Y77.692 E639.63023
G1 X21.502 Y76.799 E639.66052
G1 X21.849 Y75.885 E639.69303
G1 X22.328 Y75.057 E639.72485
G1 X22.944 Y74.3 E639.75731
G1 X23.665 Y73.661 E639.78935
G1 X24.477 Y73.145 E639.82135
G1 X25.375 Y72.764 E639.8538
G1 X26.31 Y72.537 E639.8858
G1 X27.271 Y72.456 E639.91787
G1 X28.241 Y72.537 E639.95025
G1 X29.17 Y72.764 E639.98206
G1 X30.067 Y73.145 E640.01447
G1 X30.879 Y73.661 E640.04647
G1 X31.603 Y74.303 E640.07865
G1 X32.211 Y75.049 E640.11066
G1 X32.693 Y75.883 E640.1427
G1 X33.04 Y76.794 E640.17512
G1 X33.231 Y77.725 E640.20673
G1 X33.271 Y78.697 E640.23909
G1 X33.149 Y79.687 E640.27227
G1 X32.891 Y80.568 E640.3028
G1 X32.468 Y81.465 E640.33579
G1 X31.925 Y82.256 E640.3677
G1 X31.257 Y82.957 E640.3999
G1 X30.472 Y83.539 E640.43241
G0 F11250 X30.221 Y83.219
G1 F2250 X29.476 Y83.612 E640.46042
G1 X28.614 Y83.902 E640.49067
G1 X27.723 Y84.044 E640.52068
G1 X26.82 Y84.044 E640.55071
G1 X25.931 Y83.901 E640.58066
G1 X25.077 Y83.615 E640.61062
G1 X24.282 Y83.198 E640.64047
G1 X23.555 Y82.654 E640.67067
G1 X22.935 Y82.008 E640.70045
G1 X22.422 Y81.26 E640.73062
G1 X22.033 Y80.448 E640.76057
G1 X21.785 Y79.583 E640.7905
G1 X21.674 Y78.683 E640.82066
G1 X21.719 Y77.756 E640.85153
G1 X21.901 Y76.875 E640.88145
G1 X22.213 Y76.055 E640.91063
G1 X22.659 Y75.284 E640.94025
G1 X23.202 Y74.616 E640.96889
G1 X23.903 Y73.984 E641.00028
G1 X24.669 Y73.498 E641.03045
G1 X25.503 Y73.143 E641.0606
G1 X26.326 Y72.944 E641.08876
G1 X27.271 Y72.857 E641.12032
G1 X28.178 Y72.936 E641.1506
G1 X29.005 Y73.135 E641.1789
G1 X29.873 Y73.497 E641.21018
G1 X30.638 Y73.983 E641.24032
G1 X31.311 Y74.577 E641.27018
G1 X31.883 Y75.279 E641.30029
G1 X32.33 Y76.053 E641.33002
G1 X32.654 Y76.905 E641.36034
G1 X32.834 Y77.779 E641.39002
G1 X32.87 Y78.684 E641.42014
G1 X32.758 Y79.598 E641.45077
G1 X32.514 Y80.434 E641.47974
G1 X32.138 Y81.227 E641.50893
G1 X31.613 Y82.002 E641.54006
G1 X30.99 Y82.656 E641.5701
G1 X30.221 Y83.219 E641.6018
G1 F2700 E636.6018
G0 F11250 X30.36 Y83.486
G0 X19.527 Y103.217
G0 X17.412 Y111.109
G0 X18.737 Y112.063
G1 F2700 E641.6018
G1 F2250 X18.057 Y111.88 E641.62522
G1 X17.414 Y111.499 E641.65008
G1 X17.097 Y110.976 E641.67042
G1 X17.024 Y110.512 E641.68605
G1 X17.071 Y110.165 E641.69769
G1 X18.792 Y103.741 E641.91889
G1 X18.907 Y103.514 E641.92735
G1 X19.136 Y103.223 E641.93967
G1 X19.415 Y103.013 E641.95128
G1 X19.773 Y102.859 E641.96425
G1 X20.121 Y102.828 E641.97587
G1 X20.473 Y102.875 E641.98768
G1 X24.25 Y103.88 E642.11767
G1 X34.959 Y82.31 E642.91865
G1 X35.246 Y81.691 E642.94134
G1 X35.477 Y81.039 E642.96435
G1 X35.665 Y80.338 E642.98849
G1 X47.88 Y26.873 E644.81256
G1 X48.003 Y26.107 E644.83836
G1 X48.025 Y25.371 E644.86285
G1 X47.945 Y24.639 E644.88734
G1 X47.775 Y23.924 E644.91179
G1 X47.511 Y23.239 E644.9362
G1 X47.156 Y22.59 E644.96081
G1 X46.713 Y21.987 E644.98569
G1 X46.212 Y21.463 E645.00981
G1 X45.629 Y20.995 E645.03467
G1 X45.005 Y20.62 E645.05889
G1 X44.334 Y20.329 E645.08321
G1 X43.607 Y20.12 E645.10837
G1 X42.893 Y20.015 E645.13237
G1 X42.151 Y20.002 E645.15706
G1 X41.419 Y20.088 E645.18157
G1 X40.697 Y20.271 E645.20634
G1 X40.023 Y20.539 E645.23047
G1 X39.371 Y20.904 E645.25532
G1 X38.788 Y21.343 E645.27959
G1 X38.259 Y21.863 E645.30427
G1 X37.801 Y22.449 E645.329
G1 X37.435 Y23.074 E645.35309
G1 X37.132 Y23.791 E645.37898
G1 X7.684 Y108.7 E648.36809
G1 X7.684 Y112.064 E648.47998
G1 X18.737 Y112.063 E648.8476
G0 F11250 X20.435 Y112.463
G1 F2250 X20.589 Y112.152 E648.85914
G1 X18.162 Y111.494 E648.94278
G1 X17.703 Y111.222 E648.96053
G1 X17.476 Y110.848 E648.97508
G1 X17.424 Y110.517 E648.98622
G1 X17.458 Y110.269 E648.99455
G1 X19.167 Y103.9 E649.21388
G1 X19.251 Y103.718 E649.22054
G1 X19.415 Y103.51 E649.22935
G1 X19.614 Y103.36 E649.23764
G1 X20.024 Y103.231 E649.25194
G1 X20.275 Y103.236 E649.26029
G1 X24.463 Y104.351 E649.40443
G1 X35.32 Y82.482 E650.2165
G1 X35.601 Y81.864 E650.23908
G1 X35.611 Y81.859 E650.23945
G1 X35.86 Y81.158 E650.2642
G1 X36.049 Y80.454 E650.28844
G1 X48.273 Y26.949 E652.11388
G1 X48.402 Y26.145 E652.14096
G1 X48.426 Y25.356 E652.16721
G1 X48.34 Y24.571 E652.19348
G1 X48.158 Y23.806 E652.21963
G1 X47.874 Y23.07 E652.24587
G1 X47.494 Y22.375 E652.27222
G1 X47.02 Y21.729 E652.29887
G1 X46.483 Y21.167 E652.32472
G1 X45.858 Y20.667 E652.35134
G1 X45.189 Y20.264 E652.37732
G1 X44.469 Y19.952 E652.40342
G1 X43.691 Y19.728 E652.43035
G1 X42.926 Y19.615 E652.45607
G1 X42.131 Y19.602 E652.48251
G1 X41.347 Y19.694 E652.50877
G1 X40.574 Y19.89 E652.53529
G1 X39.851 Y20.177 E652.56116
G1 X39.152 Y20.568 E652.5878
G1 X38.527 Y21.04 E652.61385
G1 X37.96 Y21.596 E652.64026
G1 X37.469 Y22.224 E652.66678
G1 X37.076 Y22.894 E652.69261
G1 X36.759 Y23.647 E652.71979
G1 X7.284 Y108.633 E655.71161
G1 X7.284 Y112.464 E655.83903
G1 X20.435 Y112.463 E656.27643
G0 F11250 X20.683 Y112.863
G1 F2250 X21.165 Y111.893 E656.31246
G1 X18.266 Y111.108 E656.41235
G1 X17.991 Y110.944 E656.423
G1 X17.855 Y110.72 E656.43172
G1 X17.817 Y110.474 E656.43999
G1 X19.545 Y104.031 E656.66186
G1 X19.693 Y103.797 E656.67107
G1 X19.939 Y103.653 E656.68055
G1 X20.166 Y103.621 E656.68818
G1 X24.676 Y104.822 E656.84341
G1 X35.681 Y82.654 E657.66657
G1 X35.964 Y82.034 E657.68924
G1 X35.976 Y82.026 E657.68972
G1 X36.242 Y81.277 E657.71616
G1 X36.437 Y80.551 E657.74116
G1 X48.666 Y27.025 E659.56732
G1 X48.801 Y26.183 E659.59568
G1 X48.826 Y25.34 E659.62373
G1 X48.735 Y24.503 E659.65173
G1 X48.541 Y23.687 E659.67963
G1 X48.238 Y22.902 E659.70762
G1 X47.832 Y22.159 E659.73578
G1 X47.327 Y21.471 E659.76416
G1 X46.753 Y20.872 E659.79176
G1 X46.087 Y20.338 E659.82015
G1 X45.372 Y19.907 E659.84792
G1 X44.604 Y19.574 E659.87576
G1 X43.776 Y19.336 E659.90441
G1 X42.958 Y19.216 E659.93191
G1 X42.111 Y19.201 E659.96008
G1 X41.274 Y19.3 E659.98812
G1 X40.45 Y19.508 E660.01638
G1 X39.679 Y19.815 E660.04399
G1 X38.933 Y20.232 E660.07241
G1 X38.265 Y20.736 E660.10024
G1 X37.661 Y21.329 E660.1284
G1 X37.138 Y21.999 E660.15667
G1 X36.718 Y22.714 E660.18425
G1 X36.385 Y23.504 E660.21276
G1 X6.884 Y108.566 E663.20725
G1 X6.884 Y112.864 E663.35021
G1 X20.683 Y112.863 E663.80916
G0 F11250 X20.931 Y113.263
;TYPE:WALL-OUTER
G1 F2250 X21.74 Y111.634 E663.86966
G1 X18.371 Y110.722 E663.98574
G1 X18.279 Y110.667 E663.98931
G1 X18.221 Y110.508 E663.99494
G1 X19.927 Y104.15 E664.21389
G1 X19.992 Y104.067 E664.21739
G1 X20.113 Y104.021 E664.2217
G1 X24.889 Y105.292 E664.38608
G1 X36.043 Y82.826 E665.22032
G1 X36.326 Y82.203 E665.24308
G1 X36.341 Y82.194 E665.24367
G1 X36.624 Y81.396 E665.27183
G1 X36.835 Y80.606 E665.29902
G1 X49.059 Y27.101 E667.12446
G1 X49.2 Y26.221 E667.1541
G1 X49.227 Y25.324 E667.18395
G1 X49.13 Y24.435 E667.21369
G1 X48.924 Y23.568 E667.24333
G1 X48.602 Y22.733 E667.2731
G1 X48.17 Y21.944 E667.30302
G1 X47.634 Y21.213 E667.33317
G1 X47.024 Y20.576 E667.3625
G1 X46.317 Y20.009 E667.39264
G1 X45.556 Y19.551 E667.42218
G1 X44.74 Y19.197 E667.45177
G1 X43.861 Y18.944 E667.48219
G1 X42.991 Y18.816 E667.51144
G1 X42.091 Y18.801 E667.54138
G1 X41.201 Y18.906 E667.57118
G1 X40.326 Y19.127 E667.6012
G1 X39.507 Y19.453 E667.63052
G1 X38.714 Y19.896 E667.66073
G1 X38.003 Y20.432 E667.69035
G1 X37.362 Y21.062 E667.72024
G1 X36.806 Y21.773 E667.75026
G1 X36.36 Y22.534 E667.7796
G1 X36.011 Y23.36 E667.80942
G1 X6.484 Y108.498 E670.80659
G1 X6.484 Y113.264 E670.9651
G1 X20.931 Y113.263 E671.44561
G1 F2700 E666.44561
G0 F11250 X20.508 Y112.58
G0 X17.412 Y111.109
G0 X19.527 Y103.217
G0 X30.48 Y83.411
G0 X30.06 Y82.849
G1 F2700 E671.44561
G1 F2250 X29.3 Y83.25 E671.47419
G1 X28.504 Y83.514 E671.50209
G1 X27.704 Y83.642 E671.52903
G1 X26.84 Y83.642 E671.55777
G1 X26.012 Y83.506 E671.58568
G1 X25.231 Y83.245 E671.61307
G1 X24.484 Y82.849 E671.64119
G1 X23.811 Y82.343 E671.66919
G1 X23.235 Y81.738 E671.69698
G1 X22.763 Y81.047 E671.72481
G1 X22.403 Y80.288 E671.75275
G1 X22.177 Y79.489 E671.78037
G1 X22.077 Y78.685 E671.80731
G1 X22.115 Y77.812 E671.83638
G1 X22.271 Y77.032 E671.86283
G1 X22.582 Y76.215 E671.89191
G1 X22.982 Y75.523 E671.91849
G1 X23.512 Y74.869 E671.94649
G1 X24.16 Y74.295 E671.97528
G1 X24.869 Y73.847 E672.00318
G1 X25.644 Y73.521 E672.03114
G1 X26.451 Y73.328 E672.05874
G1 X27.289 Y73.26 E672.0867
G1 X28.113 Y73.33 E672.11421
G1 X28.917 Y73.526 E672.14173
G1 X29.675 Y73.847 E672.16911
G1 X30.409 Y74.314 E672.19805
G1 X31.032 Y74.869 E672.2258
G1 X31.562 Y75.523 E672.2538
G1 X31.962 Y76.215 E672.28038
G1 X32.264 Y77.005 E672.30851
G1 X32.436 Y77.844 E672.337
G1 X32.467 Y78.684 E672.36495
G1 X32.368 Y79.509 E672.39259
G1 X32.137 Y80.3 E672.42
G1 X31.78 Y81.049 E672.4476
G1 X31.309 Y81.738 E672.47535
G1 X30.712 Y82.365 E672.50415
G1 X30.06 Y82.849 E672.53116
G0 F11250 X30.48 Y83.411
G0 X30.383 Y84.129
;TYPE:FILL
G1 F4500 X32.777 Y86.523 E672.64376
G0 F11250 X34.008 Y84.042
G1 F4500 X14.509 Y89.266 E673.31517
G0 F11250 X14.011 Y90.703
G1 F4500 X8.308 Y111.985 E674.04799
G0 F11250 X7.764 Y109.709
G1 F4500 X17.833 Y107.011 E674.3947
G0 F11250 X18.149 Y105.836
G1 F4500 X11.179 Y98.866 E674.72255
G0 F11250 X12.134 Y96.115
G1 F4500 X30.452 Y91.206 E675.35331
G0 F11250 X29.962 Y92.193
G1 F4500 X17.734 Y79.965 E675.92847
G0 F11250 X16.884 Y82.418
G1 F4500 X21.42 Y81.203 E676.08466
G0 F11250 X22.37 Y82.689
G1 F4500 X14.52 Y111.984 E677.09339
G0 F11250 X15.812 Y111.984
G1 F4500 X8.994 Y105.166 E677.41409
G0 F11250 X9.759 Y102.962
G1 F4500 X26.896 Y98.371 E678.00417
G0 F11250 X27.148 Y97.864
G1 F4500 X15.549 Y86.266 E678.54973
G0 F11250 X13.364 Y92.566
G1 F4500 X24.333 Y103.535 E679.06567
G0 F11250 X23.014 Y103.468
G1 F4500 X27.991 Y84.892 E679.70531
G0 F11250 X34.929 Y82.183
G1 F4500 X36.509 Y76.284 E679.90842
G0 F11250 X36.295 Y77.217
G1 F4500 X33.72 Y77.907 E679.99709
G0 F11250 X33.719 Y78.98
G1 F4500 X35.476 Y80.737 E680.07973
G0 F11250 X37.067 Y73.842
G1 F4500 X24.289 Y61.064 E680.68077
G0 F11250 X24.009 Y61.874
G1 F4500 X40.831 Y57.367 E681.26001
G0 F11250 X40.224 Y60.028
G1 F4500 X28.66 Y48.464 E681.80394
G0 F11250 X28.759 Y48.178
G1 F4500 X43.854 Y44.134 E682.32371
G0 F11250 X43.38 Y46.214
G1 F4500 X33.03 Y35.864 E682.81054
G0 F11250 X33.509 Y34.482
G1 F4500 X46.878 Y30.9 E683.27088
G0 F11250 X46.537 Y32.4
G1 F4500 X37.429 Y23.293 E683.69927
G0 F11250 X38.773 Y21.47
G1 F4500 X25.141 Y72.345 E685.45107
G0 F11250 X26.758 Y72.018
G1 F4500 X22.104 Y67.365 E685.66996
G0 F11250 X21.634 Y68.722
G1 F4500 X39.319 Y63.984 E686.2789
G0 F11250 X38.646 Y66.935
G1 F4500 X26.475 Y54.765 E686.85137
G0 F11250 X26.384 Y55.026
G1 F4500 X42.342 Y50.75 E687.40086
G0 F11250 X41.802 Y53.121
G1 F4500 X30.845 Y42.164 E687.91624
G0 F11250 X31.134 Y41.33
G1 F4500 X45.366 Y37.517 E688.40629
G0 F11250 X44.959 Y39.307
G1 F4500 X35.215 Y29.563 E688.86462
G0 F11250 X35.884 Y27.634
G1 F4500 X47.814 Y24.437 E689.27541
G0 F11250 X47.939 Y25.317
G1 F4500 X42.714 Y20.092 E689.52118
G0 F11250 X45.162 Y20.808
G1 F4500 X31.112 Y73.245 E691.32676
G0 F11250 X30.139 Y72.655
G1 F4500 X37.807 Y70.6 E691.5908
G0 F11250 X26.337 Y72.696
G0 X25.425 Y72.921
G0 X24.724 Y73.219
G0 X21.886 Y74.867
G1 F4500 X19.259 Y75.57 E691.68125
G0 F11250 X19.919 Y73.665
G1 F4500 X21.604 Y75.35 E691.76051
;MESH:NONMESH
G0 F300 X21.604 Y75.35 Z1.6
G0 F11250 X21.437 Y78.696
G0 X21.55 Y79.631
G0 X21.812 Y80.534
G0 X22.215 Y81.382
G0 X22.749 Y82.156
G0 X23.4 Y82.835
G0 X24.152 Y83.399
G0 X24.984 Y83.836
G0 X25.877 Y84.134
G0 X26.804 Y84.285
G0 X27.564 Y84.285
G0 X30.691 Y83.875
;TIME_ELAPSED:825.010656
;LAYER:7
;TYPE:WALL-INNER
;MESH:Sperrklinke
G1 F2250 X29.79 Y84.352 E691.79442
G1 X28.806 Y84.681 E691.82893
G1 X27.788 Y84.844 E691.86322
G1 X26.755 Y84.844 E691.89757
G1 X25.738 Y84.681 E691.93183
G1 X24.77 Y84.353 E691.96582
G1 X23.858 Y83.879 E692.00001
G1 X23.025 Y83.256 E692.03461
G1 X22.307 Y82.507 E692.06912
G1 X21.728 Y81.663 E692.10316
G1 X21.282 Y80.729 E692.13758
G1 X20.999 Y79.742 E692.17173
G1 X20.872 Y78.717 E692.20609
G1 X20.918 Y77.686 E692.24041
G1 X21.117 Y76.687 E692.27429
G1 X21.484 Y75.718 E692.30876
G1 X21.996 Y74.831 E692.34282
G1 X22.652 Y74.026 E692.37736
G1 X23.422 Y73.342 E692.41161
G1 X24.296 Y72.787 E692.44605
G1 X25.25 Y72.382 E692.48052
G1 X26.247 Y72.141 E692.51463
G1 X27.268 Y72.054 E692.54872
G1 X28.309 Y72.146 E692.58348
G1 X29.302 Y72.389 E692.61748
G1 X30.246 Y72.786 E692.65154
G1 X31.122 Y73.342 E692.68605
G1 X31.892 Y74.026 E692.7203
G1 X32.545 Y74.827 E692.75468
G1 X33.057 Y75.714 E692.78874
G1 X33.425 Y76.682 E692.82318
G1 X33.63 Y77.676 E692.85694
G1 X33.672 Y78.705 E692.89119
G1 X33.552 Y79.733 E692.92562
G1 X33.256 Y80.743 E692.96062
G1 X32.817 Y81.663 E692.99453
G1 X32.235 Y82.51 E693.02871
G1 X31.525 Y83.257 E693.06298
G1 X30.691 Y83.875 E693.09751
G0 F11250 X30.472 Y83.539
G1 F2250 X29.633 Y83.983 E693.12908
G1 X28.713 Y84.291 E693.16135
G1 X27.756 Y84.444 E693.19358
G1 X26.788 Y84.444 E693.22578
G1 X25.836 Y84.291 E693.25785
G1 X24.924 Y83.984 E693.28986
G1 X24.07 Y83.539 E693.32188
G1 X23.295 Y82.96 E693.35406
G1 X22.62 Y82.257 E693.38648
G1 X22.074 Y81.462 E693.41855
G1 X21.656 Y80.583 E693.45093
G1 X21.393 Y79.666 E693.48266
G1 X21.273 Y78.701 E693.515
G1 X21.324 Y77.692 E693.5486
G1 X21.502 Y76.799 E693.57889
G1 X21.849 Y75.885 E693.6114
G1 X22.328 Y75.057 E693.64322
G1 X22.944 Y74.3 E693.67568
G1 X23.665 Y73.661 E693.70772
G1 X24.477 Y73.145 E693.73972
G1 X25.375 Y72.764 E693.77217
G1 X26.31 Y72.537 E693.80417
G1 X27.271 Y72.456 E693.83624
G1 X28.241 Y72.537 E693.86862
G1 X29.17 Y72.764 E693.90043
G1 X30.067 Y73.145 E693.93284
G1 X30.879 Y73.661 E693.96484
G1 X31.603 Y74.303 E693.99702
G1 X32.211 Y75.049 E694.02903
G1 X32.693 Y75.883 E694.06107
G1 X33.04 Y76.794 E694.09349
G1 X33.231 Y77.725 E694.1251
G1 X33.271 Y78.697 E694.15746
G1 X33.149 Y79.687 E694.19064
G1 X32.891 Y80.568 E694.22117
G1 X32.468 Y81.465 E694.25416
G1 X31.925 Y82.256 E694.28607
G1 X31.257 Y82.957 E694.31827
G1 X30.472 Y83.539 E694.35078
G0 F11250 X30.221 Y83.219
G1 F2250 X29.476 Y83.612 E694.37879
G1 X28.614 Y83.902 E694.40904
G1 X27.723 Y84.044 E694.43905
G1 X26.82 Y84.044 E694.46908
G1 X25.931 Y83.901 E694.49903
G1 X25.077 Y83.615 E694.52899
G1 X24.282 Y83.198 E694.55884
G1 X23.555 Y82.654 E694.58904
G1 X22.935 Y82.008 E694.61882
G1 X22.422 Y81.26 E694.64899
G1 X22.033 Y80.448 E694.67894
G1 X21.785 Y79.583 E694.70887
G1 X21.674 Y78.683 E694.73903
G1 X21.719 Y77.756 E694.7699
G1 X21.901 Y76.875 E694.79982
G1 X22.213 Y76.055 E694.829
G1 X22.659 Y75.284 E694.85862
G1 X23.202 Y74.616 E694.88726
G1 X23.903 Y73.984 E694.91865
G1 X24.669 Y73.498 E694.94882
G1 X25.503 Y73.143 E694.97897
G1 X26.326 Y72.944 E695.00713
G1 X27.271 Y72.857 E695.03869
G1 X28.178 Y72.936 E695.06897
G1 X29.005 Y73.135 E695.09727
G1 X29.873 Y73.497 E695.12855
G1 X30.638 Y73.983 E695.15869
G1 X31.311 Y74.577 E695.18855
G1 X31.883 Y75.279 E695.21866
G1 X32.33 Y76.053 E695.24839
G1 X32.654 Y76.905 E695.27871
G1 X32.834 Y77.779 E695.30839
G1 X32.87 Y78.684 E695.33851
G1 X32.758 Y79.598 E695.36914
G1 X32.514 Y80.434 E695.39811
G1 X32.138 Y81.227 E695.4273
G1 X31.613 Y82.002 E695.45843
G1 X30.99 Y82.656 E695.48847
G1 X30.221 Y83.219 E695.52017
G1 F2700 E690.52017
G0 F11250 X30.36 Y83.486
G0 X19.584 Y103.007
G0 X17.356 Y111.319
G0 X17.96 Y112.064
G1 F2700 E695.52017
G1 F2250 X17.356 Y111.705 E695.54354
G1 X17.041 Y111.182 E695.56385
G1 X16.968 Y110.72 E695.5794
G1 X17.015 Y110.373 E695.59105
G1 X18.848 Y103.528 E695.82674
G1 X18.964 Y103.301 E695.83522
G1 X19.248 Y102.941 E695.85047
G1 X19.688 Y102.688 E695.86735
G1 X20.051 Y102.62 E695.87963
G1 X20.399 Y102.627 E695.89121
G1 X24.344 Y103.689 E696.02709
G1 X34.959 Y82.31 E696.82099
G1 X35.246 Y81.691 E696.84368
G1 X35.477 Y81.039 E696.86668
G1 X35.665 Y80.338 E696.89082
G1 X47.88 Y26.873 E698.7149
G1 X48.003 Y26.107 E698.7407
G1 X48.025 Y25.371 E698.76519
G1 X47.945 Y24.639 E698.78968
G1 X47.775 Y23.924 E698.81413
G1 X47.511 Y23.239 E698.83854
G1 X47.156 Y22.59 E698.86315
G1 X46.713 Y21.987 E698.88803
G1 X46.212 Y21.463 E698.91215
G1 X45.629 Y20.995 E698.93701
G1 X45.005 Y20.62 E698.96123
G1 X44.334 Y20.329 E698.98555
G1 X43.607 Y20.12 E699.01071
G1 X42.893 Y20.015 E699.03471
G1 X42.151 Y20.002 E699.0594
G1 X41.419 Y20.088 E699.08391
G1 X40.697 Y20.271 E699.10868
G1 X40.023 Y20.539 E699.13281
G1 X39.371 Y20.904 E699.15766
G1 X38.788 Y21.343 E699.18193
G1 X38.259 Y21.863 E699.20661
G1 X37.801 Y22.449 E699.23134
G1 X37.435 Y23.074 E699.25543
G1 X37.132 Y23.791 E699.28132
G1 X7.684 Y108.7 E702.27043
G1 X7.684 Y112.064 E702.38232
G1 X17.96 Y112.064 E702.7241
G0 F11250 X20.435 Y112.464
G1 F2250 X20.495 Y112.344 E702.72856
G1 X19.327 Y112.037 E702.76873
G1 X18.103 Y111.701 E702.81094
G1 X17.645 Y111.428 E702.82868
G1 X17.42 Y111.055 E702.84317
G1 X17.368 Y110.724 E702.85431
G1 X17.401 Y110.477 E702.8626
G1 X19.223 Y103.688 E703.09639
G1 X19.384 Y103.394 E703.10754
G1 X19.57 Y103.214 E703.11615
G1 X19.778 Y103.095 E703.12412
G1 X20.179 Y103.016 E703.13771
G1 X20.428 Y103.05 E703.14607
G1 X24.556 Y104.161 E703.28826
G1 X35.32 Y82.482 E704.09329
G1 X35.601 Y81.864 E704.11587
G1 X35.611 Y81.859 E704.11624
G1 X35.86 Y81.158 E704.14099
G1 X36.049 Y80.454 E704.16523
G1 X48.273 Y26.949 E705.99067
G1 X48.402 Y26.145 E706.01775
G1 X48.426 Y25.356 E706.044
G1 X48.34 Y24.571 E706.07027
G1 X48.158 Y23.806 E706.09642
G1 X47.874 Y23.07 E706.12266
G1 X47.494 Y22.375 E706.14901
G1 X47.02 Y21.729 E706.17566
G1 X46.483 Y21.167 E706.20151
G1 X45.858 Y20.667 E706.22813
G1 X45.189 Y20.264 E706.25411
G1 X44.469 Y19.952 E706.28021
G1 X43.691 Y19.728 E706.30713
G1 X42.926 Y19.615 E706.33285
G1 X42.131 Y19.602 E706.3593
G1 X41.347 Y19.694 E706.38555
G1 X40.574 Y19.89 E706.41208
G1 X39.851 Y20.177 E706.43795
G1 X39.152 Y20.568 E706.46459
G1 X38.527 Y21.04 E706.49064
G1 X37.96 Y21.596 E706.51705
G1 X37.469 Y22.224 E706.54356
G1 X37.076 Y22.894 E706.5694
G1 X36.759 Y23.647 E706.59657
G1 X7.284 Y108.633 E709.5884
G1 X7.284 Y112.464 E709.71582
G1 X20.435 Y112.464 E710.15322
G0 F11250 X20.683 Y112.864
G1 F2250 X21.071 Y112.082 E710.18225
G1 X19.433 Y111.651 E710.23859
G1 X18.209 Y111.315 E710.2808
G1 X17.934 Y111.152 E710.29144
G1 X17.799 Y110.928 E710.30014
G1 X17.761 Y110.682 E710.30842
G1 X19.618 Y103.757 E710.54688
G1 X19.871 Y103.494 E710.55902
G1 X20.058 Y103.425 E710.56565
G1 X20.244 Y103.42 E710.57184
G1 X24.769 Y104.632 E710.72764
G1 X35.681 Y82.654 E711.54377
G1 X35.964 Y82.034 E711.56644
G1 X35.976 Y82.026 E711.56692
G1 X36.242 Y81.277 E711.59336
G1 X36.437 Y80.551 E711.61836
G1 X48.666 Y27.025 E713.44451
G1 X48.801 Y26.183 E713.47288
G1 X48.826 Y25.34 E713.50093
G1 X48.735 Y24.503 E713.52893
G1 X48.541 Y23.687 E713.55683
G1 X48.238 Y22.902 E713.58481
G1 X47.832 Y22.159 E713.61297
G1 X47.327 Y21.471 E713.64136
G1 X46.753 Y20.872 E713.66895
G1 X46.087 Y20.338 E713.69735
G1 X45.372 Y19.907 E713.72511
G1 X44.604 Y19.574 E713.75296
G1 X43.776 Y19.336 E713.78161
G1 X42.958 Y19.216 E713.80911
G1 X42.111 Y19.201 E713.83728
G1 X41.274 Y19.3 E713.86532
G1 X40.45 Y19.508 E713.89358
G1 X39.679 Y19.815 E713.92118
G1 X38.933 Y20.232 E713.94961
G1 X38.265 Y20.736 E713.97744
G1 X37.661 Y21.329 E714.00559
G1 X37.138 Y21.999 E714.03386
G1 X36.718 Y22.714 E714.06144
G1 X36.385 Y23.504 E714.08996
G1 X6.884 Y108.566 E717.08445
G1 X6.884 Y112.864 E717.2274
G1 X20.683 Y112.864 E717.68636
G0 F11250 X20.931 Y113.264
;TYPE:WALL-OUTER
G1 F2250 X21.647 Y111.82 E717.73997
G1 X19.539 Y111.265 E717.81247
G1 X18.235 Y110.907 E717.85745
G1 X18.165 Y110.716 E717.86421
G1 X19.983 Y103.938 E718.09762
G1 X20.09 Y103.831 E718.10265
G1 X20.194 Y103.817 E718.10614
G1 X24.981 Y105.104 E718.27101
G1 X36.043 Y82.826 E719.0983
G1 X36.326 Y82.203 E719.12106
G1 X36.341 Y82.194 E719.12164
G1 X36.624 Y81.396 E719.1498
G1 X36.835 Y80.606 E719.177
G1 X49.059 Y27.101 E721.00243
G1 X49.2 Y26.221 E721.03207
G1 X49.227 Y25.324 E721.06192
G1 X49.13 Y24.435 E721.09167
G1 X48.924 Y23.568 E721.12131
G1 X48.602 Y22.733 E721.15107
G1 X48.17 Y21.944 E721.18099
G1 X47.634 Y21.213 E721.21114
G1 X47.024 Y20.576 E721.24047
G1 X46.317 Y20.009 E721.27062
G1 X45.556 Y19.551 E721.30016
G1 X44.74 Y19.197 E721.32974
G1 X43.861 Y18.944 E721.36016
G1 X42.991 Y18.816 E721.38941
G1 X42.091 Y18.801 E721.41935
G1 X41.201 Y18.906 E721.44916
G1 X40.326 Y19.127 E721.47917
G1 X39.507 Y19.453 E721.50849
G1 X38.714 Y19.896 E721.5387
G1 X38.003 Y20.432 E721.56832
G1 X37.362 Y21.062 E721.59821
G1 X36.806 Y21.773 E721.62823
G1 X36.36 Y22.534 E721.65757
G1 X36.011 Y23.36 E721.68739
G1 X6.484 Y108.498 E724.68456
G1 X6.484 Y113.264 E724.84308
G1 X20.931 Y113.264 E725.32359
G1 F2700 E720.32359
G0 F11250 X20.508 Y112.579
G0 X17.356 Y111.319
G0 X19.584 Y103.007
G0 X30.48 Y83.411
G0 X30.06 Y82.849
G1 F2700 E725.32359
G1 F2250 X29.3 Y83.25 E725.35217
G1 X28.504 Y83.514 E725.38006
G1 X27.704 Y83.642 E725.40701
G1 X26.84 Y83.642 E725.43574
G1 X26.012 Y83.506 E725.46365
G1 X25.231 Y83.245 E725.49104
G1 X24.484 Y82.849 E725.51916
G1 X23.811 Y82.343 E725.54717
G1 X23.235 Y81.738 E725.57495
G1 X22.763 Y81.047 E725.60278
G1 X22.403 Y80.288 E725.63072
G1 X22.177 Y79.489 E725.65834
G1 X22.077 Y78.685 E725.68529
G1 X22.115 Y77.812 E725.71435
G1 X22.271 Y77.032 E725.74081
G1 X22.582 Y76.215 E725.76988
G1 X22.982 Y75.523 E725.79647
G1 X23.512 Y74.869 E725.82447
G1 X24.16 Y74.295 E725.85326
G1 X24.869 Y73.847 E725.88115
G1 X25.644 Y73.521 E725.90912
G1 X26.451 Y73.328 E725.93671
G1 X27.289 Y73.26 E725.96468
G1 X28.113 Y73.33 E725.99218
G1 X28.917 Y73.526 E726.01971
G1 X29.675 Y73.847 E726.04709
G1 X30.409 Y74.314 E726.07602
G1 X31.032 Y74.869 E726.10377
G1 X31.562 Y75.523 E726.13177
G1 X31.962 Y76.215 E726.15835
G1 X32.264 Y77.005 E726.18648
G1 X32.436 Y77.844 E726.21497
G1 X32.467 Y78.684 E726.24293
G1 X32.368 Y79.509 E726.27056
G1 X32.137 Y80.3 E726.29797
G1 X31.78 Y81.049 E726.32557
G1 X31.309 Y81.738 E726.35333
G1 X30.712 Y82.365 E726.38212
G1 X30.06 Y82.849 E726.40913
G0 F11250 X30.48 Y83.411
G0 X30.514 Y84.059
;TYPE:FILL
G1 F4500 X32.844 Y86.389 E726.51873
G0 F11250 X33.924 Y84.211
G1 F4500 X14.453 Y89.428 E727.18918
G0 F11250 X13.416 Y92.417
G1 F4500 X24.399 Y103.4 E727.70578
G0 F11250 X22.931 Y103.226
G1 F4500 X27.839 Y84.91 E728.33647
G0 F11250 X25.526 Y84.04
G0 X22.258 Y82.558
G1 F4500 X14.373 Y111.985 E729.34974
G0 F11250 X16.012 Y111.984
G1 F4500 X9.045 Y105.017 E729.67745
G0 F11250 X9.702 Y103.125
G1 F4500 X26.811 Y98.541 E730.26657
G0 F11250 X27.214 Y97.729
G1 F4500 X15.601 Y86.116 E730.81281
G0 F11250 X16.828 Y82.581
G1 F4500 X21.483 Y81.333 E730.9731
G0 F11250 X17.786 Y79.816
G1 F4500 X30.029 Y92.059 E731.54897
G0 F11250 X30.368 Y91.376
G1 F4500 X12.078 Y96.277 E732.17876
G0 F11250 X11.231 Y98.717
G1 F4500 X18.192 Y105.678 E732.50619
G0 F11250 X17.791 Y107.169
G1 F4500 X7.764 Y109.856 E732.85145
G0 F11250 X8.161 Y111.985
G1 F4500 X13.364 Y92.567 E733.52008
G0 F11250 X19.203 Y75.732
G1 F4500 X21.782 Y75.041 E733.60888
G0 F11250 X21.678 Y75.223
G1 F4500 X19.971 Y73.516 E733.68918
G0 F11250 X21.578 Y68.884
G1 F4500 X39.282 Y64.141 E734.29878
G0 F11250 X38.683 Y66.772
G1 F4500 X26.526 Y54.616 E734.87058
G0 F11250 X26.328 Y55.188
G1 F4500 X42.306 Y50.907 E735.42076
G0 F11250 X41.84 Y52.958
G1 F4500 X30.896 Y42.015 E735.93551
G0 F11250 X31.078 Y41.492
G1 F4500 X45.33 Y37.673 E736.42625
G0 F11250 X44.996 Y39.144
G1 F4500 X35.266 Y29.414 E736.88392
G0 F11250 X35.828 Y27.796
G1 F4500 X47.847 Y24.576 E737.29777
G0 F11250 X47.914 Y25.092
G1 F4500 X42.924 Y20.101 E737.53251
G0 F11250 X45.036 Y20.732
G1 F4500 X30.987 Y73.161 E739.33783
G0 F11250 X30.33 Y72.751
G1 F4500 X37.771 Y70.757 E739.59405
G0 F11250 X37.36 Y72.559
G1 F4500 X34.606 Y82.837 E739.94796
G0 F11250 X35.519 Y80.578
G1 F4500 X33.738 Y78.798 E740.03171
G0 F11250 X33.727 Y78.052
G1 F4500 X36.259 Y77.374 E740.11889
G0 F11250 X37.105 Y73.679
G1 F4500 X24.341 Y60.916 E740.71924
G0 F11250 X23.953 Y62.036
G1 F4500 X40.794 Y57.524 E741.29913
G0 F11250 X40.261 Y59.865
G1 F4500 X28.711 Y48.315 E741.84241
G1 X28.703 Y48.34
G1 X43.818 Y44.29 E742.36287
G0 F11250 X43.418 Y46.051
G1 F4500 X33.081 Y35.715 E742.84907
G0 F11250 X33.453 Y34.644
G1 F4500 X46.842 Y31.057 E743.31009
G0 F11250 X46.574 Y32.237
G1 F4500 X37.489 Y23.151 E743.73744
G0 F11250 X38.574 Y21.665
G1 F4500 X24.977 Y72.412 E745.48483
G0 F11250 X26.942 Y72.002
G1 F4500 X22.156 Y67.215 E745.70997
;MESH:NONMESH
G0 F300 X22.156 Y67.215 Z1.8
G0 F11250 X30.784 Y73.792
G0 X31.487 Y74.415
G0 X32.082 Y75.144
G0 X32.552 Y75.958
G0 X32.886 Y76.836
G0 X33.074 Y77.758
G0 X33.111 Y78.697
G0 X32.998 Y79.631
G0 X32.736 Y80.534
G0 X32.409 Y81.221
G0 X30.694 Y83.873
;TIME_ELAPSED:872.960675
;LAYER:8
;TYPE:WALL-INNER
;MESH:Sperrklinke
G1 F2250 X29.787 Y84.353 E745.74411
G1 X28.806 Y84.681 E745.77851
G1 X27.788 Y84.844 E745.8128
G1 X26.755 Y84.844 E745.84716
G1 X25.738 Y84.681 E745.88141
G1 X24.77 Y84.353 E745.91541
G1 X23.858 Y83.879 E745.94959
G1 X23.025 Y83.256 E745.98419
G1 X22.307 Y82.507 E746.0187
G1 X21.728 Y81.663 E746.05274
G1 X21.282 Y80.729 E746.08717
G1 X20.999 Y79.742 E746.12132
G1 X20.872 Y78.717 E746.15567
G1 X20.918 Y77.686 E746.19
G1 X21.117 Y76.687 E746.22388
G1 X21.484 Y75.718 E746.25834
G1 X21.996 Y74.831 E746.2924
G1 X22.652 Y74.026 E746.32694
G1 X23.422 Y73.342 E746.3612
G1 X24.296 Y72.787 E746.39563
G1 X25.25 Y72.382 E746.4301
G1 X26.247 Y72.141 E746.46422
G1 X27.268 Y72.054 E746.4983
G1 X28.309 Y72.146 E746.53306
G1 X29.302 Y72.389 E746.56706
G1 X30.246 Y72.786 E746.60112
G1 X31.122 Y73.342 E746.63563
G1 X31.892 Y74.026 E746.66989
G1 X32.545 Y74.827 E746.70426
G1 X33.057 Y75.714 E746.73832
G1 X33.425 Y76.682 E746.77277
G1 X33.63 Y77.676 E746.80652
G1 X33.672 Y78.705 E746.84078
G1 X33.552 Y79.733 E746.8752
G1 X33.256 Y80.743 E746.91021
G1 X32.817 Y81.663 E746.94411
G1 X32.235 Y82.511 E746.97832
G1 X31.52 Y83.26 E747.01276
G1 X30.694 Y83.873 E747.04697
G0 F11250 X30.472 Y83.539
G1 F2250 X29.633 Y83.983 E747.07854
G1 X28.713 Y84.291 E747.11081
G1 X27.755 Y84.444 E747.14308
G1 X26.788 Y84.444 E747.17524
G1 X25.836 Y84.291 E747.20731
G1 X24.924 Y83.984 E747.23932
G1 X24.07 Y83.539 E747.27134
G1 X23.295 Y82.96 E747.30352
G1 X22.62 Y82.257 E747.33594
G1 X22.074 Y81.462 E747.36801
G1 X21.656 Y80.583 E747.40039
G1 X21.393 Y79.666 E747.43212
G1 X21.273 Y78.701 E747.46446
G1 X21.324 Y77.692 E747.49806
G1 X21.502 Y76.799 E747.52835
G1 X21.849 Y75.885 E747.56086
G1 X22.328 Y75.057 E747.59268
G1 X22.944 Y74.3 E747.62514
G1 X23.665 Y73.661 E747.65718
G1 X24.477 Y73.145 E747.68918
G1 X25.375 Y72.764 E747.72163
G1 X26.31 Y72.537 E747.75363
G1 X27.271 Y72.456 E747.7857
G1 X28.241 Y72.537 E747.81808
G1 X29.17 Y72.764 E747.84989
G1 X30.067 Y73.145 E747.8823
G1 X30.879 Y73.661 E747.9143
G1 X31.603 Y74.303 E747.94648
G1 X32.211 Y75.049 E747.97849
G1 X32.693 Y75.883 E748.01053
G1 X33.04 Y76.794 E748.04295
G1 X33.231 Y77.725 E748.07456
G1 X33.271 Y78.697 E748.10692
G1 X33.149 Y79.687 E748.1401
G1 X32.891 Y80.568 E748.17063
G1 X32.468 Y81.465 E748.20362
G1 X31.925 Y82.256 E748.23553
G1 X31.257 Y82.957 E748.26773
G1 X30.472 Y83.539 E748.30024
G0 F11250 X30.221 Y83.219
G1 F2250 X29.476 Y83.612 E748.32825
G1 X28.614 Y83.902 E748.3585
G1 X27.723 Y84.044 E748.38851
G1 X26.82 Y84.044 E748.41854
G1 X25.931 Y83.901 E748.44849
G1 X25.077 Y83.615 E748.47845
G1 X24.282 Y83.198 E748.5083
G1 X23.555 Y82.654 E748.5385
G1 X22.935 Y82.008 E748.56828
G1 X22.422 Y81.26 E748.59845
G1 X22.033 Y80.448 E748.6284
G1 X21.785 Y79.583 E748.65833
G1 X21.674 Y78.683 E748.68849
G1 X21.719 Y77.756 E748.71936
G1 X21.901 Y76.875 E748.74928
G1 X22.213 Y76.055 E748.77846
G1 X22.659 Y75.284 E748.80808
G1 X23.202 Y74.616 E748.83672
G1 X23.903 Y73.984 E748.86811
G1 X24.669 Y73.498 E748.89828
G1 X25.503 Y73.143 E748.92843
G1 X26.326 Y72.944 E748.95659
G1 X27.271 Y72.857 E748.98815
G1 X28.178 Y72.936 E749.01843
G1 X29.005 Y73.135 E749.04673
G1 X29.873 Y73.497 E749.07801
G1 X30.638 Y73.983 E749.10815
G1 X31.311 Y74.577 E749.13801
G1 X31.883 Y75.279 E749.16812
G1 X32.33 Y76.053 E749.19785
G1 X32.654 Y76.905 E749.22817
G1 X32.834 Y77.779 E749.25785
G1 X32.87 Y78.684 E749.28797
G1 X32.758 Y79.598 E749.3186
G1 X32.514 Y80.434 E749.34757
G1 X32.138 Y81.227 E749.37676
G1 X31.613 Y82.002 E749.40789
G1 X30.99 Y82.656 E749.43793
G1 X30.221 Y83.219 E749.46963
G1 F2700 E744.46963
G0 F11250 X30.36 Y83.486
G0 X19.627 Y102.843
G0 X17.312 Y111.484
G0 X17.641 Y112.064
G1 F2700 E749.46963
G1 F2250 X17.311 Y111.868 E749.4824
G1 X16.996 Y111.346 E749.50267
G1 X16.924 Y110.884 E749.51823
G1 X16.971 Y110.537 E749.52987
G1 X18.859 Y103.489 E749.77256
G1 X19.008 Y103.136 E749.7853
G1 X19.24 Y102.843 E749.79773
G1 X19.522 Y102.633 E749.80942
G1 X19.882 Y102.481 E749.82242
G1 X20.232 Y102.452 E749.8341
G1 X20.576 Y102.5 E749.84565
G1 X24.423 Y103.534 E749.97815
G1 X34.959 Y82.31 E750.76626
G1 X35.246 Y81.691 E750.78895
G1 X35.477 Y81.039 E750.81195
G1 X35.665 Y80.338 E750.83609
G1 X47.88 Y26.873 E752.66017
G1 X48.003 Y26.107 E752.68597
G1 X48.025 Y25.371 E752.71046
G1 X47.945 Y24.639 E752.73495
G1 X47.775 Y23.924 E752.7594
G1 X47.511 Y23.239 E752.78381
G1 X47.156 Y22.59 E752.80842
G1 X46.713 Y21.987 E752.8333
G1 X46.212 Y21.463 E752.85742
G1 X45.629 Y20.995 E752.88228
G1 X45.005 Y20.62 E752.9065
G1 X44.334 Y20.329 E752.93082
G1 X43.607 Y20.12 E752.95598
G1 X42.893 Y20.015 E752.97998
G1 X42.151 Y20.002 E753.00467
G1 X41.419 Y20.088 E753.02918
G1 X40.697 Y20.271 E753.05395
G1 X40.023 Y20.539 E753.07808
G1 X39.371 Y20.904 E753.10293
G1 X38.788 Y21.343 E753.1272
G1 X38.259 Y21.863 E753.15188
G1 X37.801 Y22.449 E753.17661
G1 X37.435 Y23.074 E753.2007
G1 X37.132 Y23.791 E753.22659
G1 X7.684 Y108.7 E756.2157
G1 X7.684 Y112.064 E756.32759
G1 X17.641 Y112.064 E756.65876
G0 F11250 X20.284 Y112.463
G1 F2250 X19.289 Y112.204 E756.69295
G1 X18.058 Y111.865 E756.73542
G1 X17.601 Y111.592 E756.75313
G1 X17.375 Y111.219 E756.76763
G1 X17.324 Y110.888 E756.77877
G1 X17.358 Y110.641 E756.78706
G1 X19.267 Y103.524 E757.03214
G1 X19.352 Y103.34 E757.03889
G1 X19.518 Y103.131 E757.04776
G1 X19.719 Y102.981 E757.05611
G1 X20.033 Y102.868 E757.0672
G1 X20.472 Y102.886 E757.08182
G1 X24.636 Y104.005 E757.22523
G1 X35.32 Y82.482 E758.02443
G1 X35.601 Y81.864 E758.04701
G1 X35.611 Y81.859 E758.04738
G1 X35.86 Y81.158 E758.07213
G1 X36.049 Y80.454 E758.09637
G1 X48.273 Y26.949 E759.92181
G1 X48.402 Y26.145 E759.94889
G1 X48.426 Y25.356 E759.97514
G1 X48.34 Y24.571 E760.00141
G1 X48.158 Y23.806 E760.02756
G1 X47.874 Y23.07 E760.0538
G1 X47.494 Y22.375 E760.08015
G1 X47.02 Y21.729 E760.1068
G1 X46.483 Y21.167 E760.13265
G1 X45.858 Y20.667 E760.15927
G1 X45.189 Y20.264 E760.18525
G1 X44.469 Y19.952 E760.21135
G1 X43.691 Y19.728 E760.23827
G1 X42.926 Y19.615 E760.26399
G1 X42.131 Y19.602 E760.29044
G1 X41.347 Y19.694 E760.31669
G1 X40.574 Y19.89 E760.34322
G1 X39.851 Y20.177 E760.36909
G1 X39.152 Y20.568 E760.39573
G1 X38.527 Y21.04 E760.42178
G1 X37.96 Y21.596 E760.44819
G1 X37.469 Y22.224 E760.4747
G1 X37.076 Y22.894 E760.50054
G1 X36.759 Y23.647 E760.52771
G1 X7.284 Y108.633 E763.51954
G1 X7.284 Y112.464 E763.64696
G1 X20.284 Y112.463 E764.07934
G0 F11250 X20.683 Y112.864
G1 F2250 X20.993 Y112.237 E764.1026
G1 X19.384 Y111.815 E764.15793
G1 X18.164 Y111.479 E764.20001
G1 X17.89 Y111.315 E764.21064
G1 X17.755 Y111.091 E764.21933
G1 X17.717 Y110.846 E764.22758
G1 X19.662 Y103.593 E764.47734
G1 X19.795 Y103.419 E764.48462
G1 X19.979 Y103.298 E764.49195
G1 X20.289 Y103.256 E764.50235
G1 X24.849 Y104.477 E764.65936
G1 X35.681 Y82.654 E765.46969
G1 X35.964 Y82.034 E765.49236
G1 X35.976 Y82.026 E765.49284
G1 X36.242 Y81.277 E765.51928
G1 X36.437 Y80.551 E765.54428
G1 X48.666 Y27.025 E767.37043
G1 X48.801 Y26.183 E767.3988
G1 X48.826 Y25.34 E767.42685
G1 X48.735 Y24.503 E767.45485
G1 X48.541 Y23.687 E767.48275
G1 X48.238 Y22.902 E767.51073
G1 X47.832 Y22.159 E767.53889
G1 X47.327 Y21.471 E767.56728
G1 X46.753 Y20.872 E767.59487
G1 X46.087 Y20.338 E767.62327
G1 X45.372 Y19.907 E767.65103
G1 X44.604 Y19.574 E767.67887
G1 X43.776 Y19.336 E767.70753
G1 X42.958 Y19.216 E767.73503
G1 X42.111 Y19.201 E767.7632
G1 X41.274 Y19.3 E767.79124
G1 X40.45 Y19.508 E767.8195
G1 X39.679 Y19.815 E767.8471
G1 X38.933 Y20.232 E767.87553
G1 X38.265 Y20.736 E767.90336
G1 X37.661 Y21.329 E767.93151
G1 X37.138 Y21.999 E767.95978
G1 X36.718 Y22.714 E767.98736
G1 X36.385 Y23.504 E768.01588
G1 X6.884 Y108.566 E771.01037
G1 X6.884 Y112.864 E771.15332
G1 X20.683 Y112.864 E771.61228
G0 F11250 X20.931 Y113.264
;TYPE:WALL-OUTER
G1 F2250 X21.568 Y111.975 E771.6601
G1 X19.49 Y111.429 E771.73156
G1 X18.191 Y111.071 E771.77638
G1 X18.121 Y110.88 E771.78314
G1 X20.027 Y103.774 E772.02784
G1 X20.134 Y103.667 E772.03288
G1 X20.238 Y103.653 E772.03637
G1 X25.061 Y104.948 E772.20246
G1 X36.043 Y82.826 E773.02392
G1 X36.326 Y82.203 E773.04668
G1 X36.341 Y82.194 E773.04726
G1 X36.624 Y81.396 E773.07542
G1 X36.835 Y80.606 E773.10262
G1 X49.059 Y27.101 E774.92805
G1 X49.2 Y26.221 E774.9577
G1 X49.227 Y25.324 E774.98754
G1 X49.13 Y24.435 E775.01729
G1 X48.924 Y23.568 E775.04693
G1 X48.602 Y22.733 E775.07669
G1 X48.17 Y21.944 E775.10661
G1 X47.634 Y21.213 E775.13676
G1 X47.024 Y20.576 E775.16609
G1 X46.317 Y20.009 E775.19624
G1 X45.556 Y19.551 E775.22578
G1 X44.74 Y19.197 E775.25536
G1 X43.861 Y18.944 E775.28579
G1 X42.991 Y18.816 E775.31503
G1 X42.091 Y18.801 E775.34497
G1 X41.201 Y18.906 E775.37478
G1 X40.326 Y19.127 E775.40479
G1 X39.507 Y19.453 E775.43411
G1 X38.714 Y19.896 E775.46433
G1 X38.003 Y20.432 E775.49394
G1 X37.362 Y21.062 E775.52383
G1 X36.806 Y21.773 E775.55385
G1 X36.36 Y22.534 E775.58319
G1 X36.011 Y23.36 E775.61302
G1 X6.484 Y108.498 E778.61018
G1 X6.484 Y113.264 E778.7687
G1 X20.931 Y113.264 E779.24921
G1 F2700 E774.24921
G0 F11250 X20.509 Y112.58
G0 X17.312 Y111.484
G0 X19.627 Y102.843
G0 X30.48 Y83.411
G0 X30.06 Y82.849
G1 F2700 E779.24921
G1 F2250 X29.3 Y83.25 E779.27779
G1 X28.504 Y83.514 E779.30568
G1 X27.704 Y83.642 E779.33263
G1 X26.84 Y83.642 E779.36136
G1 X26.012 Y83.506 E779.38927
G1 X25.231 Y83.245 E779.41666
G1 X24.484 Y82.849 E779.44478
G1 X23.811 Y82.343 E779.47279
G1 X23.235 Y81.738 E779.50057
G1 X22.763 Y81.047 E779.5284
G1 X22.403 Y80.288 E779.55634
G1 X22.177 Y79.489 E779.58396
G1 X22.077 Y78.685 E779.61091
G1 X22.115 Y77.812 E779.63997
G1 X22.271 Y77.032 E779.66643
G1 X22.582 Y76.215 E779.6955
G1 X22.982 Y75.523 E779.72209
G1 X23.512 Y74.869 E779.75009
G1 X24.16 Y74.295 E779.77888
G1 X24.869 Y73.847 E779.80677
G1 X25.644 Y73.521 E779.83474
G1 X26.451 Y73.328 E779.86234
G1 X27.289 Y73.26 E779.8903
G1 X28.113 Y73.33 E779.9178
G1 X28.917 Y73.526 E779.94533
G1 X29.675 Y73.847 E779.97271
G1 X30.409 Y74.314 E780.00164
G1 X31.032 Y74.869 E780.02939
G1 X31.562 Y75.523 E780.05739
G1 X31.962 Y76.215 E780.08398
G1 X32.264 Y77.005 E780.11211
G1 X32.436 Y77.844 E780.14059
G1 X32.467 Y78.684 E780.16855
G1 X32.368 Y79.509 E780.19619
G1 X32.137 Y80.3 E780.22359
G1 X31.78 Y81.049 E780.25119
G1 X31.309 Y81.738 E780.27895
G1 X30.712 Y82.365 E780.30774
G1 X30.06 Y82.849 E780.33475
G0 F11250 X30.48 Y83.411
G0 X30.645 Y83.99
;TYPE:FILL
G1 F4500 X32.91 Y86.256 E780.44131
G0 F11250 X33.841 Y84.379
G1 F4500 X14.397 Y89.589 E781.11084
G0 F11250 X13.467 Y92.268
G1 F4500 X24.467 Y103.268 E781.62824
G0 F11250 X22.84 Y103.024
G1 F4500 X27.69 Y84.921 E782.25159
G0 F11250 X25.498 Y84.043
G0 X22.149 Y82.418
G1 F4500 X14.227 Y111.984 E783.26964
G0 F11250 X16.212 Y111.984
G1 F4500 X9.097 Y104.869 E783.60431
G0 F11250 X9.647 Y103.286
G1 F4500 X26.728 Y98.709 E784.19247
G0 F11250 X27.281 Y97.597
G1 F4500 X15.653 Y85.969 E784.73942
G0 F11250 X16.772 Y82.742
G1 F4500 X21.544 Y81.463 E784.90373
G0 F11250 X17.837 Y79.668
G1 F4500 X30.095 Y91.926 E785.48031
G0 F11250 X30.284 Y91.544
G1 F4500 X12.022 Y96.438 E786.10914
G0 F11250 X12.722 Y94.418
G1 F4500 X8.015 Y111.984 E786.714
G0 F11250 X7.764 Y110.002
G1 F4500 X17.748 Y107.327 E787.05778
G0 F11250 X18.233 Y105.52
G1 F4500 X11.282 Y98.569 E787.38474
G0 F11250 X19.147 Y75.893
G1 F4500 X21.683 Y75.214 E787.47206
G1 X21.751 Y75.097
G1 X20.022 Y73.368 E787.55338
G0 F11250 X21.523 Y69.045
G1 F4500 X39.247 Y64.296 E788.16368
G0 F11250 X38.72 Y66.609
G1 F4500 X26.577 Y54.467 E788.73483
G0 F11250 X26.273 Y55.349
G1 F4500 X42.271 Y51.062 E789.28569
G0 F11250 X41.876 Y52.795
G1 F4500 X30.948 Y41.867 E789.79971
G0 F11250 X31.023 Y41.653
G1 F4500 X45.295 Y37.829 E790.29115
G0 F11250 X45.033 Y38.981
G1 F4500 X35.318 Y29.266 E790.74811
G0 F11250 X35.773 Y27.957
G1 F4500 X47.872 Y24.715 E791.16472
G1 X47.89 Y24.868
G1 X43.157 Y20.135 E791.38735
G0 F11250 X41.844 Y20.119
G1 F4500 X40.164 Y20.569 E791.44519
G0 F11250 X38.376 Y21.859
G1 F4500 X24.812 Y72.482 E793.18831
G0 F11250 X27.126 Y71.986
G1 F4500 X22.207 Y67.068 E793.41966
G0 F11250 X23.897 Y62.197
G1 F4500 X40.759 Y57.679 E794.00028
G0 F11250 X40.298 Y59.702
G1 F4500 X28.763 Y48.167 E794.54285
G0 F11250 X28.647 Y48.501
G1 F4500 X43.783 Y44.446 E795.06403
G0 F11250 X43.455 Y45.888
G1 F4500 X33.133 Y35.567 E795.54952
G0 F11250 X33.397 Y34.805
G1 F4500 X46.807 Y31.212 E796.01127
G0 F11250 X46.611 Y32.074
G1 F4500 X37.558 Y23.021 E796.4371
G0 F11250 X44.908 Y20.665
G1 F4500 X30.863 Y73.081 E798.24196
G0 F11250 X30.5 Y72.851
G1 F4500 X37.735 Y70.913 E798.49108
G0 F11250 X38.206 Y68.86
G1 F4500 X34.289 Y83.477 E798.9944
G0 F11250 X35.56 Y80.421
G1 F4500 X33.747 Y78.607 E799.0797
G0 F11250 X33.732 Y78.197
G1 F4500 X36.223 Y77.529 E799.16548
G0 F11250 X37.141 Y73.516
G1 F4500 X24.392 Y60.767 E799.76515
;MESH:NONMESH
G0 F300 X24.392 Y60.767 Z2
G0 F11250 X32.552 Y75.958
G0 X32.886 Y76.836
G0 X33.074 Y77.758
G0 X33.111 Y78.697
G0 X32.998 Y79.631
G0 X32.736 Y80.534
G0 X32.409 Y81.221
G0 X30.694 Y83.873
;TIME_ELAPSED:921.216506
;LAYER:9
;TYPE:WALL-INNER
;MESH:Sperrklinke
G1 F2250 X29.787 Y84.353 E799.79928
G1 X28.806 Y84.681 E799.83369
G1 X27.788 Y84.844 E799.86798
G1 X26.755 Y84.844 E799.90233
G1 X25.738 Y84.681 E799.93659
G1 X24.77 Y84.353 E799.97059
G1 X23.858 Y83.879 E800.00477
G1 X23.025 Y83.256 E800.03937
G1 X22.307 Y82.507 E800.07388
G1 X21.728 Y81.663 E800.10792
G1 X21.282 Y80.729 E800.14234
G1 X20.999 Y79.742 E800.1765
G1 X20.872 Y78.717 E800.21085
G1 X20.918 Y77.686 E800.24517
G1 X21.117 Y76.687 E800.27905
G1 X21.484 Y75.718 E800.31352
G1 X21.996 Y74.831 E800.34758
G1 X22.652 Y74.026 E800.38212
G1 X23.422 Y73.342 E800.41637
G1 X24.296 Y72.787 E800.45081
G1 X25.25 Y72.382 E800.48528
G1 X26.247 Y72.141 E800.5194
G1 X27.268 Y72.054 E800.55348
G1 X28.309 Y72.146 E800.58824
G1 X29.302 Y72.389 E800.62224
G1 X30.246 Y72.786 E800.6563
G1 X31.122 Y73.342 E800.69081
G1 X31.892 Y74.026 E800.72506
G1 X32.545 Y74.827 E800.75944
G1 X33.057 Y75.714 E800.7935
G1 X33.425 Y76.682 E800.82794
G1 X33.63 Y77.676 E800.8617
G1 X33.672 Y78.705 E800.89595
G1 X33.552 Y79.733 E800.93038
G1 X33.256 Y80.743 E800.96538
G1 X32.817 Y81.663 E800.99929
G1 X32.235 Y82.511 E801.0335
G1 X31.52 Y83.26 E801.06794
G1 X30.694 Y83.873 E801.10215
G0 F11250 X30.472 Y83.539
G1 F2250 X29.633 Y83.983 E801.13372
G1 X28.713 Y84.291 E801.16599
G1 X27.755 Y84.444 E801.19826
G1 X26.788 Y84.444 E801.23042
G1 X25.836 Y84.291 E801.26249
G1 X24.924 Y83.984 E801.29449
G1 X24.07 Y83.539 E801.32652
G1 X23.295 Y82.96 E801.3587
G1 X22.62 Y82.257 E801.39111
G1 X22.074 Y81.462 E801.42319
G1 X21.656 Y80.583 E801.45556
G1 X21.393 Y79.666 E801.48729
G1 X21.273 Y78.701 E801.51964
G1 X21.324 Y77.692 E801.55324
G1 X21.502 Y76.799 E801.58352
G1 X21.849 Y75.885 E801.61604
G1 X22.328 Y75.057 E801.64786
G1 X22.944 Y74.3 E801.68032
G1 X23.665 Y73.661 E801.71236
G1 X24.477 Y73.145 E801.74436
G1 X25.375 Y72.764 E801.7768
G1 X26.31 Y72.537 E801.80881
G1 X27.271 Y72.456 E801.84088
G1 X28.241 Y72.537 E801.87326
G1 X29.17 Y72.764 E801.90506
G1 X30.067 Y73.145 E801.93748
G1 X30.879 Y73.661 E801.96948
G1 X31.603 Y74.303 E802.00166
G1 X32.211 Y75.049 E802.03367
G1 X32.693 Y75.883 E802.06571
G1 X33.04 Y76.794 E802.09813
G1 X33.231 Y77.725 E802.12974
G1 X33.271 Y78.697 E802.1621
G1 X33.149 Y79.687 E802.19528
G1 X32.891 Y80.568 E802.22581
G1 X32.468 Y81.465 E802.25879
G1 X31.925 Y82.256 E802.2907
G1 X31.257 Y82.957 E802.32291
G1 X30.472 Y83.539 E802.35541
G0 F11250 X30.221 Y83.219
G1 F2250 X29.476 Y83.612 E802.38343
G1 X28.614 Y83.902 E802.41368
G1 X27.723 Y84.044 E802.44369
G1 X26.82 Y84.044 E802.47372
G1 X25.931 Y83.901 E802.50367
G1 X25.077 Y83.615 E802.53362
G1 X24.282 Y83.198 E802.56348
G1 X23.555 Y82.654 E802.59368
G1 X22.935 Y82.008 E802.62346
G1 X22.422 Y81.26 E802.65363
G1 X22.033 Y80.448 E802.68358
G1 X21.785 Y79.583 E802.71351
G1 X21.674 Y78.683 E802.74367
G1 X21.719 Y77.756 E802.77453
G1 X21.901 Y76.875 E802.80446
G1 X22.213 Y76.055 E802.83364
G1 X22.659 Y75.284 E802.86326
G1 X23.202 Y74.616 E802.89189
G1 X23.903 Y73.984 E802.92329
G1 X24.669 Y73.498 E802.95346
G1 X25.503 Y73.143 E802.98361
G1 X26.326 Y72.944 E803.01177
G1 X27.271 Y72.857 E803.04333
G1 X28.178 Y72.936 E803.07361
G1 X29.005 Y73.135 E803.1019
G1 X29.873 Y73.497 E803.13318
G1 X30.638 Y73.983 E803.16333
G1 X31.311 Y74.577 E803.19318
G1 X31.883 Y75.279 E803.2233
G1 X32.33 Y76.053 E803.25303
G1 X32.654 Y76.905 E803.28335
G1 X32.834 Y77.779 E803.31303
G1 X32.87 Y78.684 E803.34315
G1 X32.758 Y79.598 E803.37378
G1 X32.514 Y80.434 E803.40274
G1 X32.138 Y81.227 E803.43193
G1 X31.613 Y82.002 E803.46307
G1 X30.99 Y82.656 E803.49311
G1 X30.221 Y83.219 E803.52481
G1 F2700 E798.52481
G0 F11250 X30.36 Y83.486
G0 X19.667 Y102.692
G0 X17.272 Y111.635
G0 X17.346 Y112.065
G1 F2700 E803.52481
G1 F2250 X17.275 Y112.023 E803.52755
G1 X16.957 Y111.501 E803.54788
G1 X16.884 Y111.037 E803.5635
G1 X16.931 Y110.689 E803.57518
G1 X18.932 Y103.219 E803.8324
G1 X19.1 Y102.886 E803.8448
G1 X19.419 Y102.578 E803.85955
G1 X19.713 Y102.411 E803.8708
G1 X20.005 Y102.325 E803.88092
G1 X20.276 Y102.304 E803.88996
G1 X20.611 Y102.35 E803.90121
G1 X24.498 Y103.381 E804.03496
G1 X34.959 Y82.31 E804.8174
G1 X35.246 Y81.691 E804.84009
G1 X35.477 Y81.039 E804.8631
G1 X35.665 Y80.338 E804.88724
G1 X47.88 Y26.873 E806.71131
G1 X48.003 Y26.107 E806.73712
G1 X48.025 Y25.371 E806.76161
G1 X47.945 Y24.639 E806.7861
G1 X47.775 Y23.924 E806.81054
G1 X47.511 Y23.239 E806.83496
G1 X47.156 Y22.59 E806.85956
G1 X46.713 Y21.987 E806.88445
G1 X46.212 Y21.463 E806.90856
G1 X45.629 Y20.995 E806.93343
G1 X45.005 Y20.62 E806.95764
G1 X44.334 Y20.329 E806.98197
G1 X43.607 Y20.12 E807.00713
G1 X42.893 Y20.015 E807.03113
G1 X42.151 Y20.002 E807.05581
G1 X41.419 Y20.088 E807.08033
G1 X40.697 Y20.271 E807.1051
G1 X40.023 Y20.539 E807.12922
G1 X39.371 Y20.904 E807.15408
G1 X38.788 Y21.343 E807.17835
G1 X38.259 Y21.863 E807.20302
G1 X37.801 Y22.449 E807.22776
G1 X37.435 Y23.074 E807.25185
G1 X37.132 Y23.791 E807.27774
G1 X7.684 Y108.7 E810.26685
G1 X7.684 Y112.064 E810.37873
G1 X17.346 Y112.065 E810.70009
G0 F11250 X19.671 Y112.464
G1 F2250 X18.022 Y112.017 E810.75692
G1 X17.563 Y111.746 E810.77465
G1 X17.336 Y111.373 E810.78917
G1 X17.284 Y111.041 E810.80035
G1 X17.318 Y110.793 E810.80867
G1 X19.333 Y103.267 E811.0678
G1 X19.559 Y102.982 E811.0799
G1 X19.761 Y102.832 E811.08827
G1 X19.972 Y102.743 E811.09589
G1 X20.269 Y102.704 E811.10585
G1 X20.509 Y102.737 E811.11391
G1 X24.711 Y103.852 E811.2585
G1 X35.32 Y82.482 E812.05204
G1 X35.601 Y81.864 E812.07462
G1 X35.611 Y81.859 E812.07499
G1 X35.86 Y81.158 E812.09973
G1 X36.049 Y80.454 E812.12398
G1 X48.273 Y26.949 E813.94941
G1 X48.402 Y26.145 E813.9765
G1 X48.426 Y25.356 E814.00275
G1 X48.34 Y24.571 E814.02902
G1 X48.158 Y23.806 E814.05517
G1 X47.874 Y23.07 E814.08141
G1 X47.494 Y22.375 E814.10776
G1 X47.02 Y21.729 E814.13441
G1 X46.483 Y21.167 E814.16026
G1 X45.858 Y20.667 E814.18688
G1 X45.189 Y20.264 E814.21286
G1 X44.469 Y19.952 E814.23896
G1 X43.691 Y19.728 E814.26588
G1 X42.926 Y19.615 E814.2916
G1 X42.131 Y19.602 E814.31805
G1 X41.347 Y19.694 E814.3443
G1 X40.574 Y19.89 E814.37083
G1 X39.851 Y20.177 E814.3967
G1 X39.152 Y20.568 E814.42334
G1 X38.527 Y21.04 E814.44939
G1 X37.96 Y21.596 E814.4758
G1 X37.469 Y22.224 E814.50231
G1 X37.076 Y22.894 E814.52815
G1 X36.759 Y23.647 E814.55532
G1 X7.284 Y108.633 E817.54714
G1 X7.284 Y112.464 E817.67456
G1 X19.671 Y112.464 E818.08656
G0 F11250 X20.508 Y112.579
G0 X20.683 Y112.864
G1 F2250 X20.918 Y112.389 E818.10418
G1 X18.127 Y111.631 E818.20038
G1 X17.851 Y111.468 E818.21104
G1 X17.715 Y111.245 E818.21972
G1 X17.677 Y110.998 E818.22804
G1 X19.685 Y103.507 E818.48598
G1 X19.782 Y103.33 E818.4927
G1 X19.895 Y103.221 E818.49792
G1 X20.084 Y103.127 E818.50494
G1 X20.329 Y103.109 E818.51311
G1 X24.924 Y104.322 E818.67118
G1 X35.681 Y82.654 E819.47578
G1 X35.964 Y82.034 E819.49845
G1 X35.976 Y82.026 E819.49893
G1 X36.242 Y81.277 E819.52536
G1 X36.437 Y80.551 E819.55037
G1 X48.666 Y27.025 E821.37652
G1 X48.801 Y26.183 E821.40488
G1 X48.826 Y25.34 E821.43293
G1 X48.735 Y24.503 E821.46094
G1 X48.541 Y23.687 E821.48883
G1 X48.238 Y22.902 E821.51682
G1 X47.832 Y22.159 E821.54498
G1 X47.327 Y21.471 E821.57337
G1 X46.753 Y20.872 E821.60096
G1 X46.087 Y20.338 E821.62935
G1 X45.372 Y19.907 E821.65712
G1 X44.604 Y19.574 E821.68496
G1 X43.776 Y19.336 E821.71362
G1 X42.958 Y19.216 E821.74111
G1 X42.111 Y19.201 E821.76929
G1 X41.274 Y19.3 E821.79732
G1 X40.45 Y19.508 E821.82559
G1 X39.679 Y19.815 E821.85319
G1 X38.933 Y20.232 E821.88162
G1 X38.265 Y20.736 E821.90945
G1 X37.661 Y21.329 E821.9376
G1 X37.138 Y21.999 E821.96587
G1 X36.718 Y22.714 E821.99345
G1 X36.385 Y23.504 E822.02196
G1 X6.884 Y108.566 E825.01646
G1 X6.884 Y112.864 E825.15941
G1 X20.683 Y112.864 E825.61837
G0 F11250 X20.931 Y113.264
;TYPE:WALL-OUTER
G1 F2250 X21.492 Y112.13 E825.66045
G1 X18.231 Y111.245 E825.77283
G1 X18.139 Y111.191 E825.77638
G1 X18.081 Y111.032 E825.78201
G1 X20.067 Y103.626 E826.03704
G1 X20.153 Y103.529 E826.04135
G1 X20.278 Y103.505 E826.04558
G1 X25.137 Y104.792 E826.21277
G1 X36.043 Y82.826 E827.02845
G1 X36.326 Y82.203 E827.05121
G1 X36.341 Y82.194 E827.05179
G1 X36.624 Y81.396 E827.07995
G1 X36.835 Y80.606 E827.10715
G1 X49.059 Y27.101 E828.93258
G1 X49.2 Y26.221 E828.96223
G1 X49.227 Y25.324 E828.99207
G1 X49.13 Y24.435 E829.02182
G1 X48.924 Y23.568 E829.05146
G1 X48.602 Y22.733 E829.08122
G1 X48.17 Y21.944 E829.11114
G1 X47.634 Y21.213 E829.14129
G1 X47.024 Y20.576 E829.17063
G1 X46.317 Y20.009 E829.20077
G1 X45.556 Y19.551 E829.23031
G1 X44.74 Y19.197 E829.25989
G1 X43.861 Y18.944 E829.29032
G1 X42.991 Y18.816 E829.31956
G1 X42.091 Y18.801 E829.3495
G1 X41.201 Y18.906 E829.37931
G1 X40.326 Y19.127 E829.40933
G1 X39.507 Y19.453 E829.43864
G1 X38.714 Y19.896 E829.46886
G1 X38.003 Y20.432 E829.49847
G1 X37.362 Y21.062 E829.52836
G1 X36.806 Y21.773 E829.55838
G1 X36.36 Y22.534 E829.58772
G1 X36.011 Y23.36 E829.61755
G1 X6.484 Y108.498 E832.61471
G1 X6.484 Y113.264 E832.77323
G1 X20.931 Y113.264 E833.25374
G1 F2700 E828.25374
G0 F11250 X20.508 Y112.579
G0 X17.272 Y111.635
G0 X19.667 Y102.692
G0 X30.48 Y83.411
G0 X30.06 Y82.849
G1 F2700 E833.25374
G1 F2250 X29.3 Y83.25 E833.28232
G1 X28.504 Y83.514 E833.31021
G1 X27.704 Y83.642 E833.33716
G1 X26.84 Y83.642 E833.3659
G1 X26.012 Y83.506 E833.3938
G1 X25.231 Y83.245 E833.42119
G1 X24.484 Y82.849 E833.44931
G1 X23.811 Y82.343 E833.47732
G1 X23.235 Y81.738 E833.5051
G1 X22.763 Y81.047 E833.53293
G1 X22.403 Y80.288 E833.56087
G1 X22.177 Y79.489 E833.58849
G1 X22.077 Y78.685 E833.61544
G1 X22.115 Y77.812 E833.6445
G1 X22.271 Y77.032 E833.67096
G1 X22.582 Y76.215 E833.70003
G1 X22.982 Y75.523 E833.72662
G1 X23.512 Y74.869 E833.75462
G1 X24.16 Y74.295 E833.78341
G1 X24.869 Y73.847 E833.8113
G1 X25.644 Y73.521 E833.83927
G1 X26.451 Y73.328 E833.86687
G1 X27.289 Y73.26 E833.89483
G1 X28.113 Y73.33 E833.92233
G1 X28.917 Y73.526 E833.94986
G1 X29.675 Y73.847 E833.97724
G1 X30.409 Y74.314 E834.00617
G1 X31.032 Y74.869 E834.03392
G1 X31.562 Y75.523 E834.06192
G1 X31.962 Y76.215 E834.08851
G1 X32.264 Y77.005 E834.11664
G1 X32.436 Y77.844 E834.14512
G1 X32.468 Y78.652 E834.17202
G1 X32.368 Y79.509 E834.20071
G1 X32.137 Y80.3 E834.22812
G1 X31.78 Y81.049 E834.25572
G1 X31.309 Y81.738 E834.28348
G1 X30.712 Y82.365 E834.31227
G1 X30.06 Y82.849 E834.33928
G0 F11250 X30.48 Y83.411
G0 X30.771 Y83.916
;TYPE:FILL
G1 F4500 X32.977 Y86.121 E834.44302
G0 F11250 X33.756 Y84.549
G1 F4500 X14.341 Y89.751 E835.11154
G0 F11250 X13.518 Y92.119
G1 F4500 X24.532 Y103.132 E835.62959
G0 F11250 X22.744 Y102.833
G1 F4500 X27.542 Y84.924 E836.24625
G0 F11250 X25.24 Y83.945
G0 X22.044 Y82.263
G1 F4500 X14.08 Y111.985 E837.26968
G0 F11250 X16.413 Y111.985
G1 F4500 X9.149 Y104.72 E837.61138
G0 F11250 X9.591 Y103.448
G1 F4500 X26.643 Y98.878 E838.19854
G0 F11250 X27.347 Y97.462
G1 F4500 X15.704 Y85.819 E838.7462
G0 F11250 X16.716 Y82.904
G1 F4500 X21.607 Y81.593 E838.91461
G0 F11250 X17.889 Y79.519
G1 F4500 X30.162 Y91.792 E839.4919
G1 X30.199 Y91.714
G1 X11.966 Y96.6 E840.11973
G0 F11250 X12.076 Y96.282
G1 F4500 X7.868 Y111.984 E840.66041
G1 X7.928 Y111.985
G1 X7.764 Y111.82 E840.66814
G0 F11250 X7.764 Y110.149
G1 F4500 X17.708 Y107.484 E841.01055
G0 F11250 X18.278 Y105.364
G1 F4500 X11.334 Y98.419 E841.3372
G0 F11250 X19.091 Y76.055
G1 F4500 X21.582 Y75.388 E841.42297
G0 F11250 X21.825 Y74.97
G1 F4500 X20.074 Y73.219 E841.50533
G0 F11250 X21.466 Y69.207
G1 F4500 X39.212 Y64.452 E842.11639
G0 F11250 X39.057 Y65.134
G1 F4500 X33.97 Y84.12 E842.77014
G0 F11250 X35.601 Y80.26
G1 F4500 X33.74 Y78.399 E842.85767
G1 X33.738 Y78.342
G1 X36.188 Y77.686 E842.94203
G0 F11250 X37.179 Y73.353
G1 F4500 X24.444 Y60.618 E843.54105
G0 F11250 X23.841 Y62.359
G1 F4500 X40.724 Y57.836 E844.12238
G0 F11250 X40.335 Y59.539
G1 F4500 X28.815 Y48.018 E844.66427
G0 F11250 X28.591 Y48.663
G1 F4500 X43.748 Y44.602 E845.18617
G0 F11250 X43.492 Y45.725
G1 F4500 X33.185 Y35.418 E845.67098
G0 F11250 X33.341 Y34.967
G1 F4500 X46.771 Y31.369 E846.13342
G0 F11250 X46.649 Y31.911
G1 F4500 X37.632 Y22.895 E846.55753
G0 F11250 X38.159 Y22.121
G1 F4500 X24.646 Y72.552 E848.29404
G0 F11250 X27.325 Y71.985
G1 F4500 X22.259 Y66.918 E848.53235
G0 F11250 X30.663 Y72.955
G1 F4500 X37.7 Y71.069 E848.77467
G0 F11250 X38.757 Y66.446
G1 F4500 X26.63 Y54.319 E849.34508
G0 F11250 X26.216 Y55.511
G1 F4500 X42.236 Y51.219 E849.8967
G0 F11250 X41.914 Y52.632
G1 F4500 X31 Y41.718 E850.41006
G1 X30.966 Y41.815
G1 X45.259 Y37.985 E850.90222
G0 F11250 X45.07 Y38.818
G1 F4500 X35.369 Y29.117 E851.35853
G0 F11250 X35.716 Y28.119
G1 F4500 X47.887 Y24.858 E851.77761
G0 F11250 X47.863 Y24.641
G1 F4500 X43.392 Y20.17 E851.98792
G0 F11250 X42.507 Y20.088
G1 F4500 X39.603 Y20.866 E852.08791
G0 F11250 X44.776 Y20.608
G1 F4500 X30.737 Y73.002 E853.89202
;MESH:NONMESH
G0 F300 X30.737 Y73.002 Z2.2
G0 F11250 X32.552 Y75.958
G0 X32.886 Y76.836
G0 X33.074 Y77.758
G0 X33.111 Y78.697
G0 X32.998 Y79.631
G0 X32.736 Y80.534
G0 X32.409 Y81.221
G0 X30.694 Y83.873
;TIME_ELAPSED:969.247020
;LAYER:10
;TYPE:WALL-INNER
;MESH:Sperrklinke
G1 F2250 X29.787 Y84.353 E853.92615
G1 X28.806 Y84.681 E853.96055
G1 X27.788 Y84.844 E853.99484
G1 X26.755 Y84.844 E854.0292
G1 X25.738 Y84.681 E854.06345
G1 X24.77 Y84.353 E854.09745
G1 X23.858 Y83.879 E854.13163
G1 X23.025 Y83.256 E854.16623
G1 X22.307 Y82.507 E854.20074
G1 X21.728 Y81.663 E854.23478
G1 X21.282 Y80.729 E854.26921
G1 X20.999 Y79.742 E854.30336
G1 X20.872 Y78.717 E854.33771
G1 X20.918 Y77.686 E854.37204
G1 X21.117 Y76.687 E854.40592
G1 X21.484 Y75.718 E854.44038
G1 X21.996 Y74.831 E854.47444
G1 X22.652 Y74.026 E854.50898
G1 X23.422 Y73.342 E854.54324
G1 X24.296 Y72.787 E854.57767
G1 X25.25 Y72.382 E854.61214
G1 X26.247 Y72.141 E854.64626
G1 X27.268 Y72.054 E854.68034
G1 X28.309 Y72.146 E854.7151
G1 X29.302 Y72.389 E854.7491
G1 X30.246 Y72.786 E854.78316
G1 X31.122 Y73.342 E854.81767
G1 X31.892 Y74.026 E854.85193
G1 X32.545 Y74.827 E854.8863
G1 X33.057 Y75.714 E854.92036
G1 X33.425 Y76.682 E854.95481
G1 X33.63 Y77.676 E854.98856
G1 X33.672 Y78.705 E855.02282
G1 X33.552 Y79.733 E855.05724
G1 X33.256 Y80.743 E855.09225
G1 X32.817 Y81.663 E855.12615
G1 X32.235 Y82.511 E855.16036
G1 X31.52 Y83.26 E855.1948
G1 X30.694 Y83.873 E855.22901
G0 F11250 X30.472 Y83.539
G1 F2250 X29.633 Y83.983 E855.26058
G1 X28.713 Y84.291 E855.29285
G1 X27.755 Y84.444 E855.32512
G1 X26.788 Y84.444 E855.35728
G1 X25.836 Y84.291 E855.38935
G1 X24.924 Y83.984 E855.42136
G1 X24.07 Y83.539 E855.45339
G1 X23.295 Y82.96 E855.48556
G1 X22.62 Y82.257 E855.51798
G1 X22.074 Y81.462 E855.55005
G1 X21.656 Y80.583 E855.58243
G1 X21.393 Y79.666 E855.61416
G1 X21.273 Y78.701 E855.6465
G1 X21.324 Y77.692 E855.6801
G1 X21.502 Y76.799 E855.71039
G1 X21.849 Y75.885 E855.7429
G1 X22.328 Y75.057 E855.77472
G1 X22.944 Y74.3 E855.80718
G1 X23.665 Y73.661 E855.83922
G1 X24.477 Y73.145 E855.87122
G1 X25.375 Y72.764 E855.90367
G1 X26.31 Y72.537 E855.93567
G1 X27.271 Y72.456 E855.96775
G1 X28.241 Y72.537 E856.00012
G1 X29.17 Y72.764 E856.03193
G1 X30.067 Y73.145 E856.06434
G1 X30.879 Y73.661 E856.09634
G1 X31.603 Y74.303 E856.12852
G1 X32.211 Y75.049 E856.16053
G1 X32.693 Y75.883 E856.19257
G1 X33.04 Y76.794 E856.225
G1 X33.231 Y77.725 E856.25661
G1 X33.271 Y78.697 E856.28896
G1 X33.149 Y79.687 E856.32214
G1 X32.891 Y80.568 E856.35267
G1 X32.468 Y81.465 E856.38566
G1 X31.925 Y82.256 E856.41757
G1 X31.257 Y82.957 E856.44977
G1 X30.472 Y83.539 E856.48228
G0 F11250 X30.221 Y83.219
G1 F2250 X29.476 Y83.612 E856.51029
G1 X28.614 Y83.902 E856.54054
G1 X27.723 Y84.044 E856.57055
G1 X26.82 Y84.044 E856.60058
G1 X25.932 Y83.901 E856.6305
G1 X25.071 Y83.614 E856.66068
G1 X24.282 Y83.197 E856.69037
G1 X23.555 Y82.654 E856.72055
G1 X22.935 Y82.008 E856.75033
G1 X22.422 Y81.26 E856.78049
G1 X22.033 Y80.448 E856.81044
G1 X21.785 Y79.583 E856.84037
G1 X21.674 Y78.683 E856.87053
G1 X21.719 Y77.756 E856.9014
G1 X21.901 Y76.875 E856.93132
G1 X22.213 Y76.055 E856.9605
G1 X22.659 Y75.284 E856.99013
G1 X23.202 Y74.616 E857.01876
G1 X23.903 Y73.984 E857.05015
G1 X24.669 Y73.498 E857.08032
G1 X25.503 Y73.143 E857.11047
G1 X26.326 Y72.944 E857.13863
G1 X27.271 Y72.857 E857.1702
G1 X28.178 Y72.936 E857.20048
G1 X29.005 Y73.135 E857.22877
G1 X29.873 Y73.497 E857.26005
G1 X30.638 Y73.983 E857.29019
G1 X31.311 Y74.577 E857.32005
G1 X31.883 Y75.279 E857.35017
G1 X32.33 Y76.053 E857.37989
G1 X32.654 Y76.905 E857.41021
G1 X32.834 Y77.779 E857.43989
G1 X32.87 Y78.684 E857.47002
G1 X32.758 Y79.598 E857.50064
G1 X32.514 Y80.434 E857.52961
G1 X32.138 Y81.227 E857.5588
G1 X31.613 Y82.002 E857.58993
G1 X30.99 Y82.656 E857.61997
G1 X30.221 Y83.219 E857.65167
G1 F2700 E852.65167
G0 F11250 X30.36 Y83.486
G0 X19.709 Y102.542
G0 X17.702 Y110.028
G0 X17.187 Y112.064
G1 F2700 E857.65167
G1 F2250 X17.092 Y111.997 E857.65554
G1 X16.849 Y111.327 E857.67925
G1 X16.891 Y110.837 E857.6956
G1 X18.972 Y103.065 E857.96321
G1 X19.141 Y102.732 E857.97563
G1 X19.522 Y102.365 E857.99322
G1 X19.905 Y102.206 E858.00701
G1 X20.188 Y102.155 E858.01658
G1 X20.533 Y102.166 E858.02806
G1 X24.563 Y103.25 E858.16686
G1 X34.959 Y82.31 E858.94444
G1 X35.246 Y81.691 E858.96713
G1 X35.477 Y81.039 E858.99014
G1 X35.665 Y80.338 E859.01428
G1 X47.88 Y26.873 E860.83835
G1 X48.003 Y26.107 E860.86415
G1 X48.025 Y25.371 E860.88864
G1 X47.945 Y24.639 E860.91314
G1 X47.775 Y23.924 E860.93758
G1 X47.511 Y23.239 E860.962
G1 X47.156 Y22.59 E860.9866
G1 X46.713 Y21.987 E861.01149
G1 X46.212 Y21.463 E861.0356
G1 X45.629 Y20.995 E861.06046
G1 X45.005 Y20.62 E861.08468
G1 X44.334 Y20.329 E861.109
G1 X43.607 Y20.12 E861.13416
G1 X42.893 Y20.015 E861.15817
G1 X42.151 Y20.002 E861.18285
G1 X41.419 Y20.088 E861.20736
G1 X40.697 Y20.271 E861.23214
G1 X40.023 Y20.539 E861.25626
G1 X39.371 Y20.904 E861.28111
G1 X38.788 Y21.343 E861.30539
G1 X38.259 Y21.863 E861.33006
G1 X37.801 Y22.449 E861.3548
G1 X37.435 Y23.074 E861.37889
G1 X37.132 Y23.791 E861.40477
G1 X7.684 Y108.7 E864.39388
G1 X7.684 Y112.064 E864.50577
G1 X17.187 Y112.064 E864.82184
G0 F11250 X19.071 Y112.464
G1 F2250 X17.979 Y112.165 E864.8595
G1 X17.421 Y111.769 E864.88226
G1 X17.247 Y111.291 E864.89917
G1 X17.278 Y110.941 E864.91086
G1 X19.347 Y103.224 E865.17659
G1 X19.417 Y103.066 E865.18234
G1 X19.6 Y102.829 E865.1923
G1 X19.803 Y102.679 E865.2007
G1 X20.015 Y102.59 E865.20834
G1 X20.459 Y102.561 E865.22314
G1 X24.776 Y103.721 E865.37182
G1 X35.32 Y82.482 E866.16049
G1 X35.601 Y81.864 E866.18307
G1 X35.611 Y81.859 E866.18344
G1 X35.86 Y81.158 E866.20819
G1 X36.049 Y80.454 E866.23243
G1 X48.273 Y26.949 E868.05787
G1 X48.402 Y26.145 E868.08495
G1 X48.426 Y25.356 E868.11121
G1 X48.34 Y24.571 E868.13747
G1 X48.158 Y23.806 E868.16362
G1 X47.874 Y23.07 E868.18986
G1 X47.494 Y22.375 E868.21621
G1 X47.02 Y21.729 E868.24286
G1 X46.483 Y21.167 E868.26871
G1 X45.858 Y20.667 E868.29533
G1 X45.189 Y20.264 E868.32131
G1 X44.469 Y19.952 E868.34741
G1 X43.691 Y19.728 E868.37434
G1 X42.926 Y19.615 E868.40006
G1 X42.131 Y19.602 E868.4265
G1 X41.347 Y19.694 E868.45276
G1 X40.574 Y19.89 E868.47928
G1 X39.851 Y20.177 E868.50515
G1 X39.152 Y20.568 E868.53179
G1 X38.527 Y21.04 E868.55784
G1 X37.96 Y21.596 E868.58425
G1 X37.469 Y22.224 E868.61077
G1 X37.076 Y22.894 E868.6366
G1 X36.759 Y23.647 E868.66378
G1 X7.284 Y108.633 E871.6556
G1 X7.284 Y112.464 E871.78302
G1 X19.071 Y112.464 E872.17505
G0 F11250 X20.212 Y112.614
G0 X20.683 Y112.863
G1 F2250 X20.851 Y112.525 E872.18761
G1 X18.085 Y111.779 E872.28289
G1 X17.75 Y111.542 E872.29654
G1 X17.646 Y111.255 E872.30669
G1 X17.664 Y111.044 E872.31374
G1 X19.725 Y103.355 E872.5785
G1 X19.823 Y103.177 E872.58526
G1 X20.062 Y102.997 E872.59521
G1 X20.371 Y102.957 E872.60558
G1 X24.989 Y104.192 E872.76457
G1 X35.681 Y82.654 E873.56434
G1 X35.964 Y82.034 E873.58701
G1 X35.976 Y82.026 E873.58749
G1 X36.242 Y81.277 E873.61392
G1 X36.437 Y80.551 E873.63892
G1 X48.666 Y27.025 E875.46508
G1 X48.801 Y26.183 E875.49344
G1 X48.826 Y25.34 E875.52149
G1 X48.735 Y24.503 E875.54949
G1 X48.541 Y23.687 E875.57739
G1 X48.238 Y22.902 E875.60538
G1 X47.832 Y22.159 E875.63354
G1 X47.327 Y21.471 E875.66193
G1 X46.753 Y20.872 E875.68952
G1 X46.087 Y20.338 E875.71791
G1 X45.372 Y19.907 E875.74568
G1 X44.604 Y19.574 E875.77352
G1 X43.776 Y19.336 E875.80217
G1 X42.958 Y19.216 E875.82967
G1 X42.111 Y19.201 E875.85785
G1 X41.274 Y19.3 E875.88588
G1 X40.45 Y19.508 E875.91415
G1 X39.679 Y19.815 E875.94175
G1 X38.933 Y20.232 E875.97017
G1 X38.265 Y20.736 E875.99801
G1 X37.661 Y21.329 E876.02616
G1 X37.138 Y21.999 E876.05443
G1 X36.718 Y22.714 E876.08201
G1 X36.385 Y23.504 E876.11052
G1 X6.884 Y108.566 E879.10502
G1 X6.884 Y112.864 E879.24797
G1 X20.683 Y112.863 E879.70693
G0 F11250 X20.931 Y113.263
;TYPE:WALL-OUTER
G1 F2250 X21.427 Y112.263 E879.74405
G1 X19.519 Y111.757 E879.80971
G1 X18.191 Y111.393 E879.8555
G1 X18.079 Y111.314 E879.86006
G1 X18.036 Y111.199 E879.86415
G1 X20.107 Y103.474 E880.13015
G1 X20.173 Y103.39 E880.13371
G1 X20.319 Y103.353 E880.13872
G1 X25.201 Y104.664 E880.30685
G1 X36.043 Y82.826 E881.11777
G1 X36.326 Y82.203 E881.14053
G1 X36.341 Y82.194 E881.14111
G1 X36.624 Y81.396 E881.16927
G1 X36.835 Y80.606 E881.19647
G1 X49.059 Y27.101 E883.02191
G1 X49.2 Y26.221 E883.05155
G1 X49.227 Y25.324 E883.0814
G1 X49.13 Y24.435 E883.11114
G1 X48.924 Y23.568 E883.14078
G1 X48.602 Y22.733 E883.17054
G1 X48.17 Y21.944 E883.20046
G1 X47.634 Y21.213 E883.23061
G1 X47.024 Y20.576 E883.25995
G1 X46.317 Y20.009 E883.29009
G1 X45.556 Y19.551 E883.31963
G1 X44.74 Y19.197 E883.34921
G1 X43.861 Y18.944 E883.37964
G1 X42.991 Y18.816 E883.40888
G1 X42.091 Y18.801 E883.43882
G1 X41.201 Y18.906 E883.46863
G1 X40.326 Y19.127 E883.49865
G1 X39.507 Y19.453 E883.52797
G1 X38.714 Y19.896 E883.55818
G1 X38.003 Y20.432 E883.58779
G1 X37.362 Y21.062 E883.61768
G1 X36.806 Y21.773 E883.64771
G1 X36.36 Y22.534 E883.67704
G1 X36.011 Y23.36 E883.70687
G1 X6.484 Y108.498 E886.70403
G1 X6.484 Y113.264 E886.86255
G1 X20.931 Y113.263 E887.34306
G1 F2700 E882.34306
G0 F11250 X20.212 Y112.614
G0 X17.231 Y111.784
G0 X19.709 Y102.542
G0 X30.48 Y83.411
G0 X30.06 Y82.849
G1 F2700 E887.34306
G1 F2250 X29.3 Y83.25 E887.37164
G1 X28.504 Y83.514 E887.39953
G1 X27.704 Y83.642 E887.42648
G1 X26.84 Y83.642 E887.45522
G1 X26.012 Y83.506 E887.48312
G1 X25.231 Y83.245 E887.51051
G1 X24.484 Y82.849 E887.53863
G1 X23.811 Y82.343 E887.56664
G1 X23.235 Y81.738 E887.59442
G1 X22.763 Y81.047 E887.62225
G1 X22.403 Y80.288 E887.65019
G1 X22.177 Y79.489 E887.67781
G1 X22.077 Y78.685 E887.70476
G1 X22.115 Y77.812 E887.73382
G1 X22.271 Y77.032 E887.76028
G1 X22.582 Y76.215 E887.78936
G1 X22.982 Y75.523 E887.81594
G1 X23.512 Y74.869 E887.84394
G1 X24.16 Y74.295 E887.87273
G1 X24.869 Y73.847 E887.90063
G1 X25.644 Y73.521 E887.92859
G1 X26.451 Y73.328 E887.95619
G1 X27.289 Y73.26 E887.98415
G1 X28.113 Y73.33 E888.01166
G1 X28.917 Y73.526 E888.03918
G1 X29.675 Y73.847 E888.06656
G1 X30.409 Y74.314 E888.09549
G1 X31.032 Y74.869 E888.12324
G1 X31.562 Y75.523 E888.15124
G1 X31.962 Y76.215 E888.17783
G1 X32.264 Y77.005 E888.20596
G1 X32.436 Y77.844 E888.23444
G1 X32.467 Y78.684 E888.2624
G1 X32.368 Y79.509 E888.29004
G1 X32.137 Y80.3 E888.31744
G1 X31.78 Y81.049 E888.34504
G1 X31.309 Y81.738 E888.3728
G1 X30.712 Y82.365 E888.4016
G1 X30.06 Y82.849 E888.4286
G0 F11250 X30.48 Y83.411
G0 X30.886 Y83.831
;TYPE:FILL
G1 F4500 X33.042 Y85.988 E888.53004
G0 F11250 X33.652 Y84.76
G1 F4500 X39.902 Y61.436 E889.33317
G0 F11250 X40.372 Y59.376
G1 F4500 X28.866 Y47.87 E889.87437
G0 F11250 X28.535 Y48.824
G1 F4500 X43.712 Y44.758 E890.39696
G0 F11250 X43.529 Y45.562
G1 F4500 X33.236 Y35.27 E890.88109
G1 X33.285 Y35.128
G1 X46.736 Y31.524 E891.34425
G0 F11250 X46.685 Y31.748
G1 F4500 X37.706 Y22.769 E891.7666
G0 F11250 X37.936 Y22.407
G1 F4500 X24.481 Y72.622 E893.49567
G0 F11250 X27.538 Y71.998
G1 F4500 X22.311 Y66.771 E893.74153
G0 F11250 X21.41 Y69.368
G1 F4500 X39.176 Y64.608 E894.35328
G0 F11250 X38.794 Y66.283
G1 F4500 X26.681 Y54.17 E894.92303
G0 F11250 X26.16 Y55.672
G1 F4500 X42.2 Y51.374 E895.47535
G0 F11250 X41.951 Y52.469
G1 F4500 X31.05 Y41.569 E895.98807
G0 F11250 X30.91 Y41.976
G1 F4500 X45.224 Y38.141 E896.48095
G0 F11250 X45.107 Y38.655
G1 F4500 X35.421 Y28.969 E896.93655
G0 F11250 X35.661 Y28.28
G1 F4500 X47.904 Y24.999 E897.35812
G0 F11250 X47.801 Y24.379
G1 F4500 X43.633 Y20.211 E897.55417
G0 F11250 X42.978 Y20.108
G1 F4500 X39.228 Y21.112 E897.68329
G0 F11250 X44.645 Y20.551
G1 F4500 X30.613 Y72.922 E899.4866
G0 F11250 X30.824 Y73.058
G1 F4500 X37.664 Y71.225 E899.72212
G0 F11250 X37.216 Y73.191
G1 F4500 X24.496 Y60.47 E900.32046
G0 F11250 X23.785 Y62.52
G1 F4500 X40.688 Y57.991 E900.90248
G0 F11250 X36.152 Y77.842
G1 F4500 X33.744 Y78.487 E900.9854
G0 F11250 X33.731 Y78.191
G1 F4500 X35.637 Y80.098 E901.07507
G0 F11250 X33.673 Y84.717
G1 F4500 X14.285 Y89.913 E901.74268
G0 F11250 X13.57 Y91.971
G1 F4500 X24.599 Y103 E902.26145
G0 F11250 X22.647 Y102.651
G1 F4500 X27.397 Y84.923 E902.87188
G0 F11250 X24.984 Y83.836
G0 X21.939 Y82.111
G1 F4500 X13.934 Y111.984 E903.90052
G0 F11250 X16.612 Y111.984
G1 F4500 X9.2 Y104.572 E904.24915
G0 F11250 X9.535 Y103.609
G1 F4500 X26.56 Y99.047 E904.83538
G0 F11250 X27.413 Y97.329
G1 F4500 X15.755 Y85.671 E905.38374
G0 F11250 X16.66 Y83.064
G1 F4500 X21.673 Y81.721 E905.55635
G0 F11250 X17.94 Y79.371
G1 F4500 X30.228 Y91.659 E906.13434
G0 F11250 X30.116 Y91.882
G1 F4500 X11.91 Y96.76 E906.76124
G0 F11250 X11.434 Y98.133
G1 F4500 X7.764 Y111.829 E907.23284
G0 F11250 X7.764 Y111.621
G1 F4500 X8.127 Y111.984 E907.24991
G0 F11250 X7.765 Y110.294
G1 F4500 X17.664 Y107.642 E907.59076
G0 F11250 X18.318 Y105.204
G1 F4500 X11.385 Y98.272 E907.91685
G0 F11250 X19.035 Y76.216
G1 F4500 X21.483 Y75.561 E908.00113
G0 F11250 X21.901 Y74.846
G1 F4500 X20.126 Y73.071 E908.08462
;MESH:NONMESH
G0 F300 X20.126 Y73.071 Z2.4
G0 F11250 X21.55 Y79.631
G0 X21.812 Y80.534
G0 X22.215 Y81.382
G0 X22.749 Y82.156
G0 X23.4 Y82.835
G0 X24.152 Y83.399
G0 X24.984 Y83.836
G0 X25.877 Y84.134
G0 X26.804 Y84.285
G0 X27.564 Y84.285
G0 X30.694 Y83.873
;TIME_ELAPSED:1017.404698
;LAYER:11
;TYPE:WALL-INNER
;MESH:Sperrklinke
G1 F2250 X29.787 Y84.353 E908.11875
G1 X28.806 Y84.681 E908.15316
G1 X27.788 Y84.844 E908.18745
G1 X26.755 Y84.844 E908.22181
G1 X25.738 Y84.681 E908.25606
G1 X24.77 Y84.353 E908.29006
G1 X23.858 Y83.879 E908.32424
G1 X23.025 Y83.256 E908.35884
G1 X22.307 Y82.507 E908.39335
G1 X21.728 Y81.663 E908.42739
G1 X21.282 Y80.729 E908.46182
G1 X20.999 Y79.742 E908.49597
G1 X20.872 Y78.717 E908.53032
G1 X20.918 Y77.686 E908.56464
G1 X21.117 Y76.687 E908.59852
G1 X21.484 Y75.718 E908.63299
G1 X21.996 Y74.831 E908.66705
G1 X22.652 Y74.026 E908.70159
G1 X23.422 Y73.342 E908.73585
G1 X24.296 Y72.787 E908.77028
G1 X25.25 Y72.382 E908.80475
G1 X26.247 Y72.141 E908.83887
G1 X27.268 Y72.054 E908.87295
G1 X28.309 Y72.146 E908.90771
G1 X29.302 Y72.389 E908.94171
G1 X30.246 Y72.786 E908.97577
G1 X31.122 Y73.342 E909.01028
G1 X31.892 Y74.026 E909.04454
G1 X32.545 Y74.827 E909.07891
G1 X33.057 Y75.714 E909.11297
G1 X33.425 Y76.682 E909.14742
G1 X33.63 Y77.676 E909.18117
G1 X33.672 Y78.705 E909.21543
G1 X33.552 Y79.733 E909.24985
G1 X33.256 Y80.743 E909.28485
G1 X32.817 Y81.663 E909.31876
G1 X32.235 Y82.511 E909.35297
G1 X31.52 Y83.26 E909.38741
G1 X30.694 Y83.873 E909.42162
G0 F11250 X30.472 Y83.539
G1 F2250 X29.633 Y83.983 E909.45319
G1 X28.713 Y84.291 E909.48546
G1 X27.755 Y84.444 E909.51773
G1 X26.788 Y84.444 E909.54989
G1 X25.836 Y84.291 E909.58196
G1 X24.924 Y83.984 E909.61397
G1 X24.07 Y83.539 E909.64599
G1 X23.295 Y82.96 E909.67817
G1 X22.62 Y82.257 E909.71059
G1 X22.074 Y81.462 E909.74266
G1 X21.656 Y80.583 E909.77504
G1 X21.393 Y79.666 E909.80676
G1 X21.273 Y78.701 E909.83911
G1 X21.324 Y77.692 E909.87271
G1 X21.502 Y76.799 E909.903
G1 X21.849 Y75.885 E909.93551
G1 X22.328 Y75.057 E909.96733
G1 X22.944 Y74.3 E909.99979
G1 X23.665 Y73.661 E910.03183
G1 X24.477 Y73.145 E910.06383
G1 X25.375 Y72.764 E910.09628
G1 X26.31 Y72.537 E910.12828
G1 X27.271 Y72.456 E910.16035
G1 X28.241 Y72.537 E910.19273
G1 X29.17 Y72.764 E910.22454
G1 X30.067 Y73.145 E910.25695
G1 X30.879 Y73.661 E910.28895
G1 X31.603 Y74.303 E910.32113
G1 X32.211 Y75.049 E910.35314
G1 X32.693 Y75.883 E910.38518
G1 X33.04 Y76.794 E910.4176
G1 X33.231 Y77.725 E910.44921
G1 X33.271 Y78.697 E910.48157
G1 X33.149 Y79.687 E910.51475
G1 X32.891 Y80.568 E910.54528
G1 X32.468 Y81.465 E910.57827
G1 X31.925 Y82.256 E910.61018
G1 X31.257 Y82.957 E910.64238
G1 X30.472 Y83.539 E910.67488
G0 F11250 X30.221 Y83.219
G1 F2250 X29.476 Y83.612 E910.7029
G1 X28.614 Y83.902 E910.73315
G1 X27.723 Y84.044 E910.76316
G1 X26.82 Y84.044 E910.79319
G1 X25.932 Y83.901 E910.82311
G1 X25.071 Y83.614 E910.85329
G1 X24.282 Y83.197 E910.88298
G1 X23.555 Y82.654 E910.91316
G1 X22.935 Y82.008 E910.94294
G1 X22.422 Y81.26 E910.9731
G1 X22.033 Y80.448 E911.00305
G1 X21.785 Y79.583 E911.03298
G1 X21.674 Y78.683 E911.06314
G1 X21.719 Y77.756 E911.09401
G1 X21.901 Y76.875 E911.12393
G1 X22.213 Y76.055 E911.15311
G1 X22.659 Y75.284 E911.18274
G1 X23.202 Y74.616 E911.21137
G1 X23.903 Y73.984 E911.24276
G1 X24.669 Y73.498 E911.27293
G1 X25.503 Y73.143 E911.30308
G1 X26.326 Y72.944 E911.33124
G1 X27.271 Y72.857 E911.3628
G1 X28.178 Y72.936 E911.39309
G1 X29.005 Y73.135 E911.42138
G1 X29.873 Y73.497 E911.45266
G1 X30.638 Y73.983 E911.4828
G1 X31.311 Y74.577 E911.51266
G1 X31.883 Y75.279 E911.54278
G1 X32.33 Y76.053 E911.5725
G1 X32.654 Y76.905 E911.60282
G1 X32.834 Y77.779 E911.6325
G1 X32.87 Y78.684 E911.66262
G1 X32.758 Y79.598 E911.69325
G1 X32.514 Y80.434 E911.72222
G1 X32.138 Y81.227 E911.75141
G1 X31.613 Y82.002 E911.78254
G1 X30.99 Y82.656 E911.81258
G1 X30.221 Y83.219 E911.84428
G1 F2700 E906.84428
G0 F11250 X30.36 Y83.486
G0 X19.74 Y102.421
G0 X17.041 Y112.064
G1 F2700 E911.84428
G1 F2250 X16.817 Y111.452 E911.86596
G1 X16.859 Y110.962 E911.88232
G1 X19.001 Y102.969 E912.15754
G1 X19.166 Y102.614 E912.17056
G1 X19.495 Y102.299 E912.18571
G1 X19.791 Y102.133 E912.197
G1 X20.085 Y102.048 E912.20718
G1 X20.356 Y102.028 E912.21622
G1 X20.689 Y102.076 E912.22741
G1 X24.62 Y103.137 E912.36283
G1 X34.959 Y82.31 E913.1362
G1 X35.246 Y81.691 E913.15889
G1 X35.477 Y81.039 E913.1819
G1 X35.665 Y80.338 E913.20604
G1 X47.88 Y26.873 E915.03011
G1 X48.003 Y26.107 E915.05592
G1 X48.025 Y25.371 E915.08041
G1 X47.945 Y24.639 E915.1049
G1 X47.775 Y23.924 E915.12934
G1 X47.511 Y23.239 E915.15376
G1 X47.156 Y22.59 E915.17836
G1 X46.713 Y21.987 E915.20325
G1 X46.212 Y21.463 E915.22736
G1 X45.629 Y20.995 E915.25223
G1 X45.005 Y20.62 E915.27644
G1 X44.334 Y20.329 E915.30077
G1 X43.607 Y20.12 E915.32593
G1 X42.893 Y20.015 E915.34993
G1 X42.151 Y20.002 E915.37461
G1 X41.419 Y20.088 E915.39913
G1 X40.697 Y20.271 E915.4239
G1 X40.023 Y20.539 E915.44802
G1 X39.371 Y20.904 E915.47288
G1 X38.788 Y21.343 E915.49715
G1 X38.259 Y21.863 E915.52182
G1 X37.801 Y22.449 E915.54656
G1 X37.435 Y23.074 E915.57065
G1 X37.132 Y23.791 E915.59654
G1 X7.684 Y108.7 E918.58564
G1 X7.684 Y112.064 E918.69753
G1 X17.041 Y112.064 E919.00875
G0 F11250 X18.603 Y112.464
G1 F2250 X17.953 Y112.291 E919.03112
G1 X17.391 Y111.896 E919.05397
G1 X17.216 Y111.416 E919.07096
G1 X17.245 Y111.065 E919.08267
G1 X19.379 Y103.1 E919.35693
G1 X19.465 Y102.914 E919.36375
G1 X19.633 Y102.704 E919.37269
G1 X19.836 Y102.554 E919.38109
G1 X20.153 Y102.442 E919.39227
G1 X20.585 Y102.462 E919.40665
G1 X24.832 Y103.608 E919.55296
G1 X35.32 Y82.482 E920.33744
G1 X35.601 Y81.864 E920.36002
G1 X35.611 Y81.859 E920.36039
G1 X35.86 Y81.158 E920.38514
G1 X36.049 Y80.454 E920.40938
G1 X48.273 Y26.949 E922.23482
G1 X48.402 Y26.145 E922.2619
G1 X48.426 Y25.356 E922.28815
G1 X48.34 Y24.571 E922.31442
G1 X48.158 Y23.806 E922.34057
G1 X47.874 Y23.07 E922.36681
G1 X47.494 Y22.375 E922.39316
G1 X47.02 Y21.729 E922.41981
G1 X46.483 Y21.167 E922.44566
G1 X45.858 Y20.667 E922.47228
G1 X45.189 Y20.264 E922.49826
G1 X44.469 Y19.952 E922.52436
G1 X43.691 Y19.728 E922.55128
G1 X42.926 Y19.615 E922.577
G1 X42.131 Y19.602 E922.60345
G1 X41.347 Y19.694 E922.6297
G1 X40.574 Y19.89 E922.65623
G1 X39.851 Y20.177 E922.6821
G1 X39.152 Y20.568 E922.70874
G1 X38.527 Y21.04 E922.73479
G1 X37.96 Y21.596 E922.7612
G1 X37.469 Y22.224 E922.78771
G1 X37.076 Y22.894 E922.81355
G1 X36.759 Y23.647 E922.84072
G1 X7.284 Y108.633 E925.83255
G1 X7.284 Y112.464 E925.95997
G1 X18.603 Y112.464 E926.33644
G0 F11250 X20.016 Y112.651
G0 X20.683 Y112.864
G1 F2250 X20.796 Y112.635 E926.34493
G1 X18.057 Y111.905 E926.43921
G1 X17.719 Y111.668 E926.45294
G1 X17.614 Y111.379 E926.46317
G1 X17.632 Y111.168 E926.47021
G1 X19.757 Y103.231 E926.74349
G1 X19.855 Y103.052 E926.75028
G1 X20.095 Y102.873 E926.76024
G1 X20.379 Y102.82 E926.76985
G1 X25.045 Y104.08 E926.9306
G1 X35.681 Y82.654 E927.7262
G1 X35.964 Y82.034 E927.74887
G1 X35.976 Y82.026 E927.74935
G1 X36.242 Y81.277 E927.77579
G1 X36.437 Y80.551 E927.80079
G1 X48.666 Y27.025 E929.62694
G1 X48.801 Y26.183 E929.65531
G1 X48.826 Y25.34 E929.68336
G1 X48.735 Y24.503 E929.71136
G1 X48.541 Y23.687 E929.73926
G1 X48.238 Y22.902 E929.76724
G1 X47.832 Y22.159 E929.7954
G1 X47.327 Y21.471 E929.82379
G1 X46.753 Y20.872 E929.85138
G1 X46.087 Y20.338 E929.87978
G1 X45.372 Y19.907 E929.90754
G1 X44.604 Y19.574 E929.93538
G1 X43.776 Y19.336 E929.96404
G1 X42.958 Y19.216 E929.99154
G1 X42.111 Y19.201 E930.01971
G1 X41.274 Y19.3 E930.04775
G1 X40.45 Y19.508 E930.07601
G1 X39.679 Y19.815 E930.10361
G1 X38.933 Y20.232 E930.13204
G1 X38.265 Y20.736 E930.15987
G1 X37.661 Y21.329 E930.18802
G1 X37.138 Y21.999 E930.21629
G1 X36.718 Y22.714 E930.24387
G1 X36.385 Y23.504 E930.27239
G1 X6.884 Y108.566 E933.26688
G1 X6.884 Y112.864 E933.40983
G1 X20.683 Y112.864 E933.86879
G0 F11250 X20.931 Y113.264
;TYPE:WALL-OUTER
G1 F2250 X21.372 Y112.375 E933.9018
G1 X18.16 Y111.518 E934.01237
G1 X18.047 Y111.439 E934.01695
G1 X18.004 Y111.322 E934.0211
G1 X20.139 Y103.35 E934.29559
G1 X20.205 Y103.266 E934.29914
G1 X20.351 Y103.229 E934.30415
G1 X25.257 Y104.552 E934.47316
G1 X36.043 Y82.826 E935.27992
G1 X36.326 Y82.203 E935.30268
G1 X36.341 Y82.194 E935.30326
G1 X36.624 Y81.396 E935.33142
G1 X36.835 Y80.606 E935.35862
G1 X49.059 Y27.101 E937.18405
G1 X49.2 Y26.221 E937.21369
G1 X49.227 Y25.324 E937.24354
G1 X49.13 Y24.435 E937.27329
G1 X48.924 Y23.568 E937.30293
G1 X48.602 Y22.733 E937.33269
G1 X48.17 Y21.944 E937.36261
G1 X47.634 Y21.213 E937.39276
G1 X47.024 Y20.576 E937.42209
G1 X46.317 Y20.009 E937.45224
G1 X45.556 Y19.551 E937.48178
G1 X44.74 Y19.197 E937.51136
G1 X43.861 Y18.944 E937.54178
G1 X42.991 Y18.816 E937.57103
G1 X42.091 Y18.801 E937.60097
G1 X41.201 Y18.906 E937.63078
G1 X40.326 Y19.127 E937.66079
G1 X39.507 Y19.453 E937.69011
G1 X38.714 Y19.896 E937.72032
G1 X38.003 Y20.432 E937.74994
G1 X37.362 Y21.062 E937.77983
G1 X36.806 Y21.773 E937.80985
G1 X36.36 Y22.534 E937.83919
G1 X36.011 Y23.36 E937.86901
G1 X6.484 Y108.498 E940.86618
G1 X6.484 Y113.264 E941.0247
G1 X20.931 Y113.264 E941.50521
G1 F2700 E936.50521
G0 F11250 X20.757 Y112.979
G0 X17.689 Y111.625
G0 X20.023 Y102.909
G0 X30.48 Y83.411
G0 X30.06 Y82.849
G1 F2700 E941.50521
G1 F2250 X29.3 Y83.25 E941.53379
G1 X28.504 Y83.514 E941.56168
G1 X27.704 Y83.642 E941.58863
G1 X26.84 Y83.642 E941.61736
G1 X26.012 Y83.506 E941.64527
G1 X25.231 Y83.245 E941.67266
G1 X24.484 Y82.849 E941.70078
G1 X23.811 Y82.343 E941.72878
G1 X23.235 Y81.738 E941.75657
G1 X22.763 Y81.047 E941.7844
G1 X22.403 Y80.288 E941.81234
G1 X22.177 Y79.489 E941.83996
G1 X22.077 Y78.685 E941.86691
G1 X22.115 Y77.812 E941.89597
G1 X22.271 Y77.032 E941.92243
G1 X22.582 Y76.215 E941.9515
G1 X22.982 Y75.523 E941.97809
G1 X23.512 Y74.869 E942.00608
G1 X24.16 Y74.295 E942.03488
G1 X24.869 Y73.847 E942.06277
G1 X25.644 Y73.521 E942.09074
G1 X26.451 Y73.328 E942.11833
G1 X27.289 Y73.26 E942.1463
G1 X28.113 Y73.33 E942.1738
G1 X28.917 Y73.526 E942.20133
G1 X29.675 Y73.847 E942.22871
G1 X30.409 Y74.314 E942.25764
G1 X31.032 Y74.869 E942.28539
G1 X31.562 Y75.523 E942.31339
G1 X31.962 Y76.215 E942.33997
G1 X32.264 Y77.005 E942.3681
G1 X32.436 Y77.844 E942.39659
G1 X32.467 Y78.684 E942.42455
G1 X32.368 Y79.509 E942.45218
G1 X32.137 Y80.3 E942.47959
G1 X31.78 Y81.049 E942.50719
G1 X31.309 Y81.738 E942.53495
G1 X30.712 Y82.365 E942.56374
G1 X30.06 Y82.849 E942.59075
G0 F11250 X30.48 Y83.411
G0 X31.001 Y83.745
;TYPE:FILL
G1 F4500 X33.11 Y85.854 E942.68995
G0 F11250 X33.333 Y85.404
G1 F4500 X40.753 Y57.71 E943.64355
G0 F11250 X40.652 Y58.148
G1 F4500 X23.729 Y62.682 E944.22626
G0 F11250 X24.547 Y60.321
G1 F4500 X37.253 Y73.027 E944.82391
G0 F11250 X37.628 Y71.381
G1 F4500 X30.987 Y73.161 E945.05259
G0 F11250 X30.487 Y72.843
G1 F4500 X44.513 Y20.494 E946.85513
G0 F11250 X43.916 Y20.293
G1 F4500 X47.739 Y24.116 E947.03496
G0 F11250 X47.919 Y25.142
G1 F4500 X35.605 Y28.442 E947.45897
G0 F11250 X35.473 Y28.82
G1 F4500 X45.145 Y38.492 E947.91391
G1 X45.188 Y38.297
G1 X30.854 Y42.138 E948.40749
G0 F11250 X31.103 Y41.421
G1 F4500 X41.988 Y52.306 E948.91948
G0 F11250 X42.164 Y51.531
G1 F4500 X26.104 Y55.834 E949.47248
G0 F11250 X26.732 Y54.021
G1 F4500 X38.831 Y66.12 E950.04158
G0 F11250 X39.14 Y64.765
G1 F4500 X21.353 Y69.531 E950.65405
G0 F11250 X22.362 Y66.621
G1 F4500 X27.758 Y72.017 E950.90786
G0 F11250 X24.314 Y72.699
G1 F4500 X37.68 Y22.814 E952.62557
G1 X37.78 Y22.642
G1 X46.723 Y31.585 E953.04622
G1 X46.7 Y31.681
G1 X33.229 Y35.29 E953.51006
G1 X33.288 Y35.121
G1 X43.566 Y45.399 E953.99351
G0 F11250 X43.676 Y44.914
G1 F4500 X28.479 Y48.986 E954.51679
G0 F11250 X28.917 Y47.721
G1 F4500 X40.41 Y59.213 E955.05737
G0 F11250 X36.116 Y77.998
G1 F4500 X33.747 Y78.633 E955.13894
G0 F11250 X33.723 Y77.982
G1 F4500 X35.675 Y79.934 E955.23076
G0 F11250 X33.589 Y84.887
G1 F4500 X14.229 Y90.075 E955.89739
G0 F11250 X13.622 Y91.822
G1 F4500 X24.666 Y102.866 E956.41687
G0 F11250 X22.542 Y102.493
G1 F4500 X27.25 Y84.923 E957.02187
G0 F11250 X24.462 Y83.551
G0 X21.833 Y81.956
G1 F4500 X13.787 Y111.984 E958.05583
G0 F11250 X16.813 Y111.984
G1 F4500 X9.252 Y104.423 E958.41148
G0 F11250 X9.479 Y103.771
G1 F4500 X26.476 Y99.216 E958.99675
G0 F11250 X27.48 Y97.195
G1 F4500 X15.807 Y85.522 E959.54581
G0 F11250 X16.603 Y83.227
G1 F4500 X21.758 Y81.846 E959.72331
G0 F11250 X17.992 Y79.222
G1 F4500 X30.295 Y91.524 E960.30199
G0 F11250 X30.032 Y92.052
G1 F4500 X11.853 Y96.923 E960.92795
G0 F11250 X11.437 Y98.122
G1 F4500 X18.359 Y105.045 E961.25356
G0 F11250 X17.621 Y107.8
G1 F4500 X7.765 Y110.441 E961.59294
G0 F11250 X7.764 Y111.28
G1 F4500 X10.787 Y99.997 E961.98145
G0 F11250 X7.764 Y111.42
G1 F4500 X8.328 Y111.984 E962.00798
G1 F2700 E957.00798
G0 F11250 X18.979 Y76.378
G1 F2700 E962.00798
G1 F4500 X21.399 Y75.73 E962.0913
G0 F11250 X21.983 Y74.727
G1 F4500 X20.177 Y72.922 E962.17623
G1 F2700 E957.17623
G0 F11250 X38.925 Y21.341
G1 F2700 E962.17623
G1 F4500 X43.332 Y20.16 E962.32798
G1 F2700 E957.32798
;MESH:NONMESH
G0 F300 X43.332 Y20.16 Z2.6
G0 F11250 X32.998 Y79.631
G0 X32.736 Y80.534
G0 X32.409 Y81.221
G0 X30.694 Y83.873
;TIME_ELAPSED:1067.487575
;LAYER:12
;TYPE:WALL-INNER
;MESH:Sperrklinke
G1 F2700 E962.32798
G1 F2250 X29.787 Y84.353 E962.36211
G1 X28.806 Y84.681 E962.39651
G1 X27.788 Y84.844 E962.4308
G1 X26.755 Y84.844 E962.46516
G1 X25.738 Y84.681 E962.49942
G1 X24.77 Y84.353 E962.53341
G1 X23.858 Y83.879 E962.5676
G1 X23.025 Y83.256 E962.60219
G1 X22.307 Y82.507 E962.6367
G1 X21.728 Y81.663 E962.67075
G1 X21.282 Y80.729 E962.70517
G1 X20.999 Y79.742 E962.73932
G1 X20.872 Y78.717 E962.77367
G1 X20.918 Y77.686 E962.808
G1 X21.117 Y76.687 E962.84188
G1 X21.484 Y75.718 E962.87634
G1 X21.996 Y74.831 E962.91041
G1 X22.652 Y74.026 E962.94494
G1 X23.422 Y73.342 E962.9792
G1 X24.296 Y72.787 E963.01364
G1 X25.25 Y72.382 E963.04811
G1 X26.247 Y72.141 E963.08222
G1 X27.268 Y72.054 E963.1163
G1 X28.309 Y72.146 E963.15106
G1 X29.302 Y72.389 E963.18506
G1 X30.246 Y72.786 E963.21913
G1 X31.122 Y73.342 E963.25363
G1 X31.892 Y74.026 E963.28789
G1 X32.545 Y74.827 E963.32226
G1 X33.057 Y75.714 E963.35633
G1 X33.425 Y76.682 E963.39077
G1 X33.63 Y77.676 E963.42453
G1 X33.672 Y78.705 E963.45878
G1 X33.552 Y79.733 E963.4932
G1 X33.256 Y80.743 E963.52821
G1 X32.817 Y81.663 E963.56211
G1 X32.235 Y82.511 E963.59632
G1 X31.52 Y83.26 E963.63076
G1 X30.694 Y83.873 E963.66497
G0 F11250 X30.472 Y83.539
G1 F2250 X29.633 Y83.983 E963.69655
G1 X28.713 Y84.291 E963.72881
G1 X27.756 Y84.444 E963.76105
G1 X26.788 Y84.444 E963.79324
G1 X25.836 Y84.291 E963.82531
G1 X24.924 Y83.984 E963.85732
G1 X24.07 Y83.539 E963.88935
G1 X23.295 Y82.96 E963.92152
G1 X22.62 Y82.257 E963.95394
G1 X22.074 Y81.462 E963.98602
G1 X21.656 Y80.583 E964.01839
G1 X21.393 Y79.666 E964.05012
G1 X21.273 Y78.701 E964.08246
G1 X21.324 Y77.692 E964.11606
G1 X21.502 Y76.799 E964.14635
G1 X21.849 Y75.885 E964.17887
G1 X22.328 Y75.057 E964.21068
G1 X22.944 Y74.3 E964.24314
G1 X23.665 Y73.661 E964.27519
G1 X24.477 Y73.145 E964.30719
G1 X25.375 Y72.764 E964.33963
G1 X26.31 Y72.537 E964.37163
G1 X27.271 Y72.456 E964.40371
G1 X28.241 Y72.537 E964.43608
G1 X29.17 Y72.764 E964.46789
G1 X30.067 Y73.145 E964.5003
G1 X30.879 Y73.661 E964.5323
G1 X31.603 Y74.303 E964.56449
G1 X32.211 Y75.049 E964.5965
G1 X32.693 Y75.883 E964.62854
G1 X33.04 Y76.794 E964.66096
G1 X33.231 Y77.725 E964.69257
G1 X33.271 Y78.697 E964.72493
G1 X33.149 Y79.687 E964.7581
G1 X32.891 Y80.568 E964.78863
G1 X32.468 Y81.465 E964.82162
G1 X31.925 Y82.256 E964.85353
G1 X31.257 Y82.957 E964.88574
G1 X30.472 Y83.539 E964.91824
G0 F11250 X30.221 Y83.219
G1 F2250 X29.476 Y83.612 E964.94625
G1 X28.614 Y83.902 E964.9765
G1 X27.723 Y84.044 E965.00651
G1 X26.82 Y84.044 E965.03655
G1 X25.931 Y83.901 E965.06649
G1 X25.077 Y83.615 E965.09645
G1 X24.282 Y83.198 E965.12631
G1 X23.555 Y82.654 E965.15651
G1 X22.935 Y82.008 E965.18629
G1 X22.422 Y81.26 E965.21646
G1 X22.033 Y80.448 E965.2464
G1 X21.785 Y79.583 E965.27633
G1 X21.674 Y78.683 E965.30649
G1 X21.719 Y77.756 E965.33736
G1 X21.901 Y76.875 E965.36728
G1 X22.213 Y76.055 E965.39646
G1 X22.659 Y75.284 E965.42609
G1 X23.202 Y74.616 E965.45472
G1 X23.903 Y73.984 E965.48611
G1 X24.669 Y73.498 E965.51628
G1 X25.503 Y73.143 E965.54643
G1 X26.326 Y72.944 E965.57459
G1 X27.271 Y72.857 E965.60616
G1 X28.178 Y72.936 E965.63644
G1 X29.005 Y73.135 E965.66473
G1 X29.873 Y73.497 E965.69601
G1 X30.638 Y73.983 E965.72615
G1 X31.311 Y74.577 E965.75601
G1 X31.883 Y75.279 E965.78613
G1 X32.33 Y76.053 E965.81586
G1 X32.654 Y76.905 E965.84617
G1 X32.834 Y77.779 E965.87585
G1 X32.87 Y78.684 E965.90598
G1 X32.758 Y79.598 E965.9366
G1 X32.514 Y80.434 E965.96557
G1 X32.138 Y81.227 E965.99476
G1 X31.613 Y82.002 E966.02589
G1 X30.99 Y82.656 E966.05594
G1 X30.221 Y83.219 E966.08764
G1 F2700 E961.08764
G0 F11250 X30.36 Y83.486
G0 X19.768 Y102.316
G0 X16.975 Y112.065
G1 F2700 E966.08764
G1 F2250 X16.789 Y111.556 E966.10566
G1 X16.831 Y111.066 E966.12202
G1 X19.033 Y102.838 E966.40531
G1 X19.15 Y102.608 E966.41389
G1 X19.386 Y102.314 E966.42643
G1 X19.736 Y102.056 E966.4409
G1 X20.115 Y101.948 E966.454
G1 X20.387 Y101.928 E966.46307
G1 X20.711 Y101.974 E966.47396
G1 X24.674 Y103.025 E966.61033
G1 X34.959 Y82.31 E967.37956
G1 X35.246 Y81.691 E967.40225
G1 X35.477 Y81.039 E967.42526
G1 X35.665 Y80.338 E967.4494
G1 X47.88 Y26.873 E969.27347
G1 X48.003 Y26.107 E969.29927
G1 X48.025 Y25.371 E969.32376
G1 X47.945 Y24.639 E969.34825
G1 X47.775 Y23.924 E969.3727
G1 X47.511 Y23.239 E969.39711
G1 X47.156 Y22.59 E969.42172
G1 X46.713 Y21.987 E969.44661
G1 X46.212 Y21.463 E969.47072
G1 X45.629 Y20.995 E969.49558
G1 X45.005 Y20.62 E969.5198
G1 X44.334 Y20.329 E969.54412
G1 X43.607 Y20.12 E969.56928
G1 X42.893 Y20.015 E969.59329
G1 X42.151 Y20.002 E969.61797
G1 X41.419 Y20.088 E969.64248
G1 X40.697 Y20.271 E969.66726
G1 X40.023 Y20.539 E969.69138
G1 X39.371 Y20.904 E969.71623
G1 X38.788 Y21.343 E969.74051
G1 X38.259 Y21.863 E969.76518
G1 X37.801 Y22.449 E969.78991
G1 X37.435 Y23.074 E969.814
G1 X37.132 Y23.791 E969.83989
G1 X7.684 Y108.7 E972.829
G1 X7.684 Y112.064 E972.94089
G1 X16.975 Y112.065 E973.24991
G0 F11250 X18.176 Y112.463
G1 F2250 X17.922 Y112.395 E973.25865
G1 X17.362 Y111.999 E973.28147
G1 X17.188 Y111.52 E973.29842
G1 X17.217 Y111.169 E973.31013
G1 X19.407 Y103 E973.59143
G1 X19.493 Y102.814 E973.59824
G1 X19.662 Y102.604 E973.60721
G1 X19.865 Y102.454 E973.6156
G1 X20.079 Y102.365 E973.62331
G1 X20.519 Y102.337 E973.63798
G1 X24.887 Y103.496 E973.78828
G1 X35.32 Y82.482 E974.56861
G1 X35.601 Y81.864 E974.59119
G1 X35.611 Y81.859 E974.59156
G1 X35.86 Y81.158 E974.61631
G1 X36.049 Y80.454 E974.64055
G1 X48.273 Y26.949 E976.46599
G1 X48.402 Y26.145 E976.49307
G1 X48.426 Y25.356 E976.51932
G1 X48.34 Y24.571 E976.54559
G1 X48.158 Y23.806 E976.57174
G1 X47.874 Y23.07 E976.59798
G1 X47.494 Y22.375 E976.62433
G1 X47.02 Y21.729 E976.65098
G1 X46.483 Y21.167 E976.67683
G1 X45.858 Y20.667 E976.70345
G1 X45.189 Y20.264 E976.72943
G1 X44.469 Y19.952 E976.75553
G1 X43.691 Y19.728 E976.78245
G1 X42.926 Y19.615 E976.80817
G1 X42.131 Y19.602 E976.83462
G1 X41.347 Y19.694 E976.86088
G1 X40.574 Y19.89 E976.8874
G1 X39.851 Y20.177 E976.91327
G1 X39.152 Y20.568 E976.93991
G1 X38.527 Y21.04 E976.96596
G1 X37.96 Y21.596 E976.99237
G1 X37.469 Y22.224 E977.01889
G1 X37.076 Y22.894 E977.04472
G1 X36.759 Y23.647 E977.07189
G1 X7.284 Y108.633 E980.06372
G1 X7.284 Y112.464 E980.19114
G1 X18.176 Y112.463 E980.55341
G0 F11250 X20.683 Y112.864
G1 F2250 X20.742 Y112.744 E980.55785
G1 X18.026 Y112.008 E980.65145
G1 X17.691 Y111.771 E980.66509
G1 X17.586 Y111.483 E980.67529
G1 X17.604 Y111.272 E980.68233
G1 X19.799 Y103.093 E980.96399
G1 X19.883 Y102.952 E980.96945
G1 X20.124 Y102.772 E980.97946
G1 X20.407 Y102.721 E980.98902
G1 X25.1 Y103.966 E981.15051
G1 X35.681 Y82.654 E981.94191
G1 X35.964 Y82.034 E981.96457
G1 X35.976 Y82.026 E981.96505
G1 X36.242 Y81.277 E981.99149
G1 X36.437 Y80.551 E982.01649
G1 X48.666 Y27.025 E983.84265
G1 X48.801 Y26.183 E983.87101
G1 X48.826 Y25.34 E983.89906
G1 X48.735 Y24.503 E983.92706
G1 X48.541 Y23.687 E983.95496
G1 X48.238 Y22.902 E983.98295
G1 X47.832 Y22.159 E984.01111
G1 X47.327 Y21.471 E984.03949
G1 X46.753 Y20.872 E984.06709
G1 X46.087 Y20.338 E984.09548
G1 X45.372 Y19.907 E984.12325
G1 X44.604 Y19.574 E984.15109
G1 X43.776 Y19.336 E984.17974
G1 X42.958 Y19.216 E984.20724
G1 X42.111 Y19.201 E984.23542
G1 X41.274 Y19.3 E984.26345
G1 X40.45 Y19.508 E984.29171
G1 X39.679 Y19.815 E984.31932
G1 X38.933 Y20.232 E984.34774
G1 X38.265 Y20.736 E984.37557
G1 X37.661 Y21.329 E984.40373
G1 X37.138 Y21.999 E984.432
G1 X36.718 Y22.714 E984.45958
G1 X36.385 Y23.504 E984.48809
G1 X6.884 Y108.566 E987.48258
G1 X6.884 Y112.864 E987.62554
G1 X20.683 Y112.864 E988.08449
G0 F11250 X20.931 Y113.264
;TYPE:WALL-OUTER
G1 F2250 X21.316 Y112.486 E988.11336
G1 X18.131 Y111.622 E988.22313
G1 X18.019 Y111.543 E988.22769
G1 X17.976 Y111.426 E988.23183
G1 X20.167 Y103.249 E988.51339
G1 X20.233 Y103.166 E988.51692
G1 X20.379 Y103.129 E988.52193
G1 X25.313 Y104.436 E988.6917
G1 X36.043 Y82.826 E989.49417
G1 X36.326 Y82.203 E989.51693
G1 X36.341 Y82.194 E989.51751
G1 X36.624 Y81.396 E989.54567
G1 X36.835 Y80.606 E989.57287
G1 X49.059 Y27.101 E991.39831
G1 X49.2 Y26.221 E991.42795
G1 X49.227 Y25.324 E991.4578
G1 X49.13 Y24.435 E991.48754
G1 X48.924 Y23.568 E991.51718
G1 X48.602 Y22.733 E991.54694
G1 X48.17 Y21.944 E991.57686
G1 X47.634 Y21.213 E991.60701
G1 X47.024 Y20.576 E991.63635
G1 X46.317 Y20.009 E991.66649
G1 X45.556 Y19.551 E991.69603
G1 X44.74 Y19.197 E991.72561
G1 X43.861 Y18.944 E991.75604
G1 X42.991 Y18.816 E991.78529
G1 X42.091 Y18.801 E991.81522
G1 X41.201 Y18.906 E991.84503
G1 X40.326 Y19.127 E991.87505
G1 X39.507 Y19.453 E991.90437
G1 X38.714 Y19.896 E991.93458
G1 X38.003 Y20.432 E991.96419
G1 X37.362 Y21.062 E991.99409
G1 X36.806 Y21.773 E992.02411
G1 X36.36 Y22.534 E992.05344
G1 X36.011 Y23.36 E992.08327
G1 X6.484 Y108.498 E995.08043
G1 X6.484 Y113.264 E995.23895
G1 X20.931 Y113.264 E995.71946
G1 F2700 E990.71946
G0 F11250 X20.757 Y112.98
G0 X17.66 Y111.73
G0 X20.051 Y102.805
G0 X30.48 Y83.411
G0 X30.06 Y82.849
G1 F2700 E995.71946
G1 F2250 X29.33 Y83.237 E995.74696
G1 X28.504 Y83.514 E995.77593
G1 X27.704 Y83.642 E995.80288
G1 X26.84 Y83.642 E995.83162
G1 X26.012 Y83.506 E995.85952
G1 X25.231 Y83.245 E995.88691
G1 X24.484 Y82.849 E995.91503
G1 X23.811 Y82.343 E995.94304
G1 X23.235 Y81.738 E995.97082
G1 X22.763 Y81.047 E995.99865
G1 X22.403 Y80.288 E996.02659
G1 X22.177 Y79.489 E996.05421
G1 X22.077 Y78.685 E996.08116
G1 X22.115 Y77.812 E996.11022
G1 X22.271 Y77.032 E996.13668
G1 X22.582 Y76.215 E996.16576
G1 X22.982 Y75.523 E996.19234
G1 X23.512 Y74.869 E996.22034
G1 X24.16 Y74.295 E996.24913
G1 X24.869 Y73.847 E996.27702
G1 X25.644 Y73.521 E996.30499
G1 X26.451 Y73.328 E996.33259
G1 X27.289 Y73.26 E996.36055
G1 X28.113 Y73.33 E996.38806
G1 X28.917 Y73.526 E996.41558
G1 X29.675 Y73.847 E996.44296
G1 X30.409 Y74.314 E996.47189
G1 X31.032 Y74.869 E996.49964
G1 X31.562 Y75.523 E996.52764
G1 X31.962 Y76.215 E996.55423
G1 X32.264 Y77.005 E996.58236
G1 X32.436 Y77.844 E996.61084
G1 X32.467 Y78.684 E996.6388
G1 X32.368 Y79.509 E996.66644
G1 X32.137 Y80.3 E996.69384
G1 X31.78 Y81.049 E996.72144
G1 X31.309 Y81.738 E996.7492
G1 X30.712 Y82.365 E996.778
G1 X30.06 Y82.849 E996.805
G0 F11250 X30.48 Y83.411
G0 X31.116 Y83.661
;TYPE:FILL
G1 F4500 X33.175 Y85.72 E996.90185
G0 F11250 X33.016 Y86.041
G1 F4500 X41.598 Y54.011 E998.00475
G0 F11250 X42.025 Y52.144
G1 F4500 X31.154 Y41.272 E998.51611
G0 F11250 X30.798 Y42.299
G1 F4500 X45.152 Y38.453 E999.01037
G1 X45.182 Y38.33
G1 X35.524 Y28.672 E999.46465
G1 X35.548 Y28.603
G1 X47.934 Y25.284 E999.89115
G0 F11250 X47.654 Y23.832
G1 F4500 X44.196 Y20.373 E1000.05382
G1 X44.382 Y20.438
G1 X30.361 Y72.767 E1001.85569
G0 F11250 X31.139 Y73.266
G1 F4500 X37.593 Y71.537 E1002.07792
G0 F11250 X37.291 Y72.865
G1 F4500 X24.599 Y60.173 E1002.67491
G0 F11250 X23.673 Y62.843
G1 F4500 X40.617 Y58.303 E1003.25835
G0 F11250 X40.447 Y59.051
G1 F4500 X28.969 Y47.573 E1003.79824
G0 F11250 X28.423 Y49.147
G1 F4500 X43.64 Y45.07 E1004.32221
G1 X43.604 Y45.237
G1 X33.339 Y34.972 E1004.80504
G0 F11250 X33.174 Y35.451
G1 F4500 X46.664 Y31.836 E1005.26955
G0 F11250 X46.76 Y31.423
G1 F4500 X37.854 Y22.516 E1005.68849
G0 F11250 X37.366 Y23.444
G1 F4500 X24.143 Y72.789 E1007.38761
G0 F11250 X22.07 Y74.615
G1 F4500 X20.228 Y72.773 E1007.47425
G0 F11250 X21.298 Y69.691
G1 F4500 X39.105 Y64.92 E1008.08741
G0 F11250 X38.869 Y65.958
G1 F4500 X26.784 Y53.873 E1008.65585
G0 F11250 X26.048 Y55.995
G1 F4500 X42.129 Y51.686 E1009.20957
G0 F11250 X22.414 Y66.474
G1 F4500 X27.977 Y72.037 E1009.47124
G0 F11250 X25.425 Y72.921
G0 X24.559 Y73.289
G0 X23.915 Y73.697
G0 X21.332 Y75.894
G1 F4500 X18.923 Y76.539 E1009.55419
G0 F11250 X18.043 Y79.074
G1 F4500 X30.36 Y91.391 E1010.13354
G0 F11250 X29.948 Y92.22
G1 F4500 X11.798 Y97.083 E1010.7585
G0 F11250 X11.488 Y97.975
G1 F4500 X18.402 Y104.889 E1011.08372
G0 F11250 X17.58 Y107.957
G1 F4500 X7.765 Y110.588 E1011.42169
G1 X7.764 Y110.735
G1 X10.145 Y101.848 E1011.7277
G0 F11250 X9.423 Y103.932
G1 F4500 X26.391 Y99.385 E1012.31197
G0 F11250 X27.545 Y97.061
G1 F4500 X15.858 Y85.374 E1012.86169
G0 F11250 X16.548 Y83.387
G1 F4500 X21.842 Y81.969 E1013.04398
G0 F11250 X21.728 Y81.804
G1 F4500 X13.641 Y111.985 E1014.08321
G0 F11250 X16.784 Y111.755
G1 F4500 X9.303 Y104.275 E1014.43507
G0 F11250 X7.764 Y111.221
G1 F4500 X8.528 Y111.985 E1014.47101
G0 F11250 X19.768 Y102.316
G0 X22.434 Y102.35
G1 F4500 X27.104 Y84.924 E1015.07105
G0 F11250 X33.505 Y85.056
G1 F4500 X14.173 Y90.236 E1015.73672
G0 F11250 X13.673 Y91.674
G1 F4500 X24.73 Y102.731 E1016.2568
G0 F11250 X35.712 Y79.772
G1 F4500 X33.712 Y77.772 E1016.35088
G0 F11250 X33.741 Y78.781
G1 F4500 X36.081 Y78.154 E1016.43145
G1 F2700 E1011.43145
G0 F11250 X38.694 Y21.549
G1 F2700 E1016.43145
G1 F4500 X43.66 Y20.218 E1016.60245
G1 F2700 E1011.60245
;MESH:NONMESH
G0 F300 X43.66 Y20.218 Z2.8
G0 F11250 X32.998 Y79.631
G0 X32.736 Y80.534
G0 X32.409 Y81.221
G0 X30.694 Y83.873
;TIME_ELAPSED:1117.661656
;LAYER:13
;TYPE:WALL-INNER
;MESH:Sperrklinke
G1 F2700 E1016.60245
G1 F2250 X29.787 Y84.353 E1016.63658
G1 X28.806 Y84.681 E1016.67099
G1 X27.788 Y84.844 E1016.70528
G1 X26.755 Y84.844 E1016.73963
G1 X25.738 Y84.681 E1016.77389
G1 X24.77 Y84.353 E1016.80789
G1 X23.858 Y83.879 E1016.84207
G1 X23.025 Y83.256 E1016.87667
G1 X22.307 Y82.507 E1016.91118
G1 X21.728 Y81.663 E1016.94522
G1 X21.282 Y80.729 E1016.97964
G1 X20.999 Y79.742 E1017.0138
G1 X20.872 Y78.717 E1017.04815
G1 X20.918 Y77.686 E1017.08247
G1 X21.117 Y76.687 E1017.11635
G1 X21.484 Y75.718 E1017.15082
G1 X21.996 Y74.831 E1017.18488
G1 X22.652 Y74.026 E1017.21942
G1 X23.422 Y73.342 E1017.25367
G1 X24.296 Y72.787 E1017.28811
G1 X25.25 Y72.382 E1017.32258
G1 X26.247 Y72.141 E1017.3567
G1 X27.268 Y72.054 E1017.39078
G1 X28.309 Y72.146 E1017.42554
G1 X29.302 Y72.389 E1017.45954
G1 X30.246 Y72.786 E1017.4936
G1 X31.122 Y73.342 E1017.52811
G1 X31.892 Y74.026 E1017.56236
G1 X32.545 Y74.827 E1017.59674
G1 X33.057 Y75.714 E1017.6308
G1 X33.425 Y76.682 E1017.66524
G1 X33.63 Y77.676 E1017.699
G1 X33.672 Y78.705 E1017.73325
G1 X33.552 Y79.733 E1017.76768
G1 X33.256 Y80.743 E1017.80268
G1 X32.817 Y81.663 E1017.83659
G1 X32.235 Y82.511 E1017.8708
G1 X31.52 Y83.26 E1017.90524
G1 X30.694 Y83.873 E1017.93945
G0 F11250 X30.472 Y83.539
G1 F2250 X29.633 Y83.983 E1017.97102
G1 X28.713 Y84.291 E1018.00329
G1 X27.756 Y84.444 E1018.03552
G1 X26.788 Y84.444 E1018.06772
G1 X25.836 Y84.291 E1018.09979
G1 X24.924 Y83.984 E1018.13179
G1 X24.07 Y83.539 E1018.16382
G1 X23.295 Y82.96 E1018.196
G1 X22.62 Y82.257 E1018.22841
G1 X22.074 Y81.462 E1018.26049
G1 X21.655 Y80.583 E1018.29288
G1 X21.393 Y79.665 E1018.32463
G1 X21.273 Y78.701 E1018.35694
G1 X21.324 Y77.692 E1018.39054
G1 X21.502 Y76.799 E1018.42083
G1 X21.849 Y75.885 E1018.45335
G1 X22.328 Y75.057 E1018.48516
G1 X22.944 Y74.3 E1018.51762
G1 X23.665 Y73.661 E1018.54966
G1 X24.477 Y73.145 E1018.58166
G1 X25.375 Y72.764 E1018.61411
G1 X26.31 Y72.537 E1018.64611
G1 X27.271 Y72.456 E1018.67819
G1 X28.241 Y72.537 E1018.71056
G1 X29.17 Y72.764 E1018.74237
G1 X30.067 Y73.145 E1018.77478
G1 X30.879 Y73.661 E1018.80678
G1 X31.603 Y74.303 E1018.83897
G1 X32.211 Y75.049 E1018.87097
G1 X32.693 Y75.883 E1018.90301
G1 X33.04 Y76.794 E1018.93544
G1 X33.231 Y77.725 E1018.96705
G1 X33.271 Y78.697 E1018.9994
G1 X33.149 Y79.687 E1019.03258
G1 X32.891 Y80.568 E1019.06311
G1 X32.468 Y81.465 E1019.0961
G1 X31.925 Y82.256 E1019.12801
G1 X31.257 Y82.957 E1019.16021
G1 X30.472 Y83.539 E1019.19272
G0 F11250 X30.221 Y83.219
G1 F2250 X29.476 Y83.612 E1019.22073
G1 X28.614 Y83.902 E1019.25098
G1 X27.723 Y84.044 E1019.28099
G1 X26.82 Y84.044 E1019.31102
G1 X25.931 Y83.901 E1019.34097
G1 X25.077 Y83.615 E1019.37093
G1 X24.282 Y83.198 E1019.40079
G1 X23.555 Y82.654 E1019.43099
G1 X22.935 Y82.008 E1019.46077
G1 X22.422 Y81.26 E1019.49093
G1 X22.033 Y80.448 E1019.52088
G1 X21.785 Y79.583 E1019.55081
G1 X21.674 Y78.683 E1019.58097
G1 X21.719 Y77.756 E1019.61184
G1 X21.901 Y76.875 E1019.64176
G1 X22.213 Y76.055 E1019.67094
G1 X22.659 Y75.284 E1019.70057
G1 X23.202 Y74.616 E1019.7292
G1 X23.903 Y73.984 E1019.76059
G1 X24.669 Y73.498 E1019.79076
G1 X25.503 Y73.143 E1019.82091
G1 X26.326 Y72.944 E1019.84907
G1 X27.271 Y72.857 E1019.88064
G1 X28.178 Y72.936 E1019.91092
G1 X29.005 Y73.135 E1019.93921
G1 X29.873 Y73.497 E1019.97049
G1 X30.638 Y73.983 E1020.00063
G1 X31.311 Y74.577 E1020.03049
G1 X31.883 Y75.279 E1020.06061
G1 X32.33 Y76.053 E1020.09033
G1 X32.654 Y76.905 E1020.12065
G1 X32.834 Y77.779 E1020.15033
G1 X32.87 Y78.684 E1020.18046
G1 X32.758 Y79.598 E1020.21108
G1 X32.514 Y80.434 E1020.24005
G1 X32.138 Y81.227 E1020.26924
G1 X31.613 Y82.002 E1020.30037
G1 X30.99 Y82.656 E1020.33041
G1 X30.221 Y83.219 E1020.36211
G1 F2700 E1015.36211
G0 F11250 X30.36 Y83.486
G0 X19.798 Y102.211
G0 X16.905 Y112.064
G1 F2700 E1020.36211
G1 F2250 X16.757 Y111.659 E1020.37645
G1 X16.799 Y111.169 E1020.39281
G1 X19.064 Y102.733 E1020.68333
G1 X19.183 Y102.499 E1020.69206
G1 X19.475 Y102.134 E1020.70761
G1 X19.855 Y101.923 E1020.72207
G1 X20.149 Y101.839 E1020.73224
G1 X20.421 Y101.82 E1020.7413
G1 X20.745 Y101.867 E1020.75219
G1 X24.722 Y102.928 E1020.8891
G1 X34.959 Y82.31 E1021.65473
G1 X35.246 Y81.691 E1021.67742
G1 X35.477 Y81.039 E1021.70043
G1 X35.665 Y80.338 E1021.72457
G1 X47.88 Y26.873 E1023.54864
G1 X48.003 Y26.107 E1023.57444
G1 X48.025 Y25.371 E1023.59893
G1 X47.945 Y24.639 E1023.62343
G1 X47.775 Y23.924 E1023.64787
G1 X47.511 Y23.239 E1023.67229
G1 X47.156 Y22.59 E1023.69689
G1 X46.713 Y21.987 E1023.72178
G1 X46.212 Y21.463 E1023.74589
G1 X45.629 Y20.995 E1023.77075
G1 X45.005 Y20.62 E1023.79497
G1 X44.334 Y20.329 E1023.81929
G1 X43.607 Y20.12 E1023.84445
G1 X42.893 Y20.015 E1023.86846
G1 X42.151 Y20.002 E1023.89314
G1 X41.419 Y20.088 E1023.91765
G1 X40.697 Y20.271 E1023.94243
G1 X40.023 Y20.539 E1023.96655
G1 X39.371 Y20.904 E1023.9914
G1 X38.788 Y21.343 E1024.01568
G1 X38.259 Y21.863 E1024.04035
G1 X37.801 Y22.449 E1024.06509
G1 X37.435 Y23.074 E1024.08918
G1 X37.132 Y23.791 E1024.11506
G1 X7.684 Y108.7 E1027.10417
G1 X7.684 Y112.064 E1027.21606
G1 X16.905 Y112.064 E1027.52275
G0 F11250 X17.841 Y112.463
G1 F2250 X17.33 Y112.103 E1027.54354
G1 X17.155 Y111.623 E1027.56053
G1 X17.186 Y111.272 E1027.57225
G1 X19.439 Y102.892 E1027.86087
G1 X19.526 Y102.705 E1027.86773
G1 X19.695 Y102.494 E1027.87672
G1 X19.899 Y102.345 E1027.88513
G1 X20.216 Y102.234 E1027.8963
G1 X20.642 Y102.253 E1027.91048
G1 X24.935 Y103.399 E1028.05827
G1 X35.32 Y82.482 E1028.83499
G1 X35.601 Y81.864 E1028.85757
G1 X35.611 Y81.859 E1028.85795
G1 X35.86 Y81.158 E1028.88269
G1 X36.049 Y80.454 E1028.90693
G1 X48.273 Y26.949 E1030.73237
G1 X48.402 Y26.145 E1030.75945
G1 X48.426 Y25.356 E1030.78571
G1 X48.34 Y24.571 E1030.81197
G1 X48.158 Y23.806 E1030.83813
G1 X47.874 Y23.07 E1030.86436
G1 X47.494 Y22.375 E1030.89071
G1 X47.02 Y21.729 E1030.91736
G1 X46.483 Y21.167 E1030.94321
G1 X45.858 Y20.667 E1030.96983
G1 X45.189 Y20.264 E1030.99581
G1 X44.469 Y19.952 E1031.02191
G1 X43.691 Y19.728 E1031.04884
G1 X42.926 Y19.615 E1031.07456
G1 X42.131 Y19.602 E1031.101
G1 X41.347 Y19.694 E1031.12726
G1 X40.574 Y19.89 E1031.15378
G1 X39.851 Y20.177 E1031.17965
G1 X39.152 Y20.568 E1031.20629
G1 X38.527 Y21.04 E1031.23234
G1 X37.96 Y21.596 E1031.25875
G1 X37.469 Y22.224 E1031.28527
G1 X37.076 Y22.894 E1031.3111
G1 X36.759 Y23.647 E1031.33828
G1 X7.284 Y108.633 E1034.3301
G1 X7.284 Y112.464 E1034.45752
G1 X17.841 Y112.463 E1034.80865
G0 F11250 X20.682 Y112.864
G1 F2250 X20.694 Y112.841 E1034.80951
G1 X17.995 Y112.112 E1034.90249
G1 X17.659 Y111.875 E1034.91617
G1 X17.554 Y111.587 E1034.92637
G1 X17.572 Y111.376 E1034.93341
G1 X19.831 Y102.985 E1035.22243
G1 X19.97 Y102.784 E1035.23056
G1 X20.283 Y102.628 E1035.24219
G1 X20.539 Y102.64 E1035.25072
G1 X25.148 Y103.869 E1035.40937
G1 X35.681 Y82.654 E1036.19716
G1 X35.964 Y82.034 E1036.21983
G1 X35.976 Y82.026 E1036.22031
G1 X36.242 Y81.277 E1036.24675
G1 X36.437 Y80.551 E1036.27175
G1 X48.666 Y27.025 E1038.0979
G1 X48.801 Y26.183 E1038.12627
G1 X48.826 Y25.34 E1038.15432
G1 X48.735 Y24.503 E1038.18232
G1 X48.541 Y23.687 E1038.21022
G1 X48.238 Y22.902 E1038.2382
G1 X47.832 Y22.159 E1038.26636
G1 X47.327 Y21.471 E1038.29475
G1 X46.753 Y20.872 E1038.32234
G1 X46.087 Y20.338 E1038.35074
G1 X45.372 Y19.907 E1038.3785
G1 X44.604 Y19.574 E1038.40634
G1 X43.776 Y19.336 E1038.435
G1 X42.958 Y19.216 E1038.4625
G1 X42.111 Y19.201 E1038.49067
G1 X41.274 Y19.3 E1038.51871
G1 X40.45 Y19.508 E1038.54697
G1 X39.679 Y19.815 E1038.57457
G1 X38.933 Y20.232 E1038.603
G1 X38.265 Y20.736 E1038.63083
G1 X37.661 Y21.329 E1038.65898
G1 X37.138 Y21.999 E1038.68725
G1 X36.718 Y22.714 E1038.71483
G1 X36.385 Y23.504 E1038.74335
G1 X6.884 Y108.566 E1041.73784
G1 X6.884 Y112.864 E1041.88079
G1 X20.682 Y112.864 E1042.33972
G0 F11250 X20.931 Y113.264
;TYPE:WALL-OUTER
G1 F2250 X21.268 Y112.582 E1042.36502
G1 X18.099 Y111.726 E1042.4742
G1 X17.987 Y111.647 E1042.47876
G1 X17.944 Y111.53 E1042.4829
G1 X20.199 Y103.141 E1042.77183
G1 X20.266 Y103.058 E1042.77537
G1 X20.411 Y103.021 E1042.78035
G1 X25.361 Y104.34 E1042.95073
G1 X36.043 Y82.826 E1043.74964
G1 X36.326 Y82.203 E1043.7724
G1 X36.341 Y82.194 E1043.77298
G1 X36.624 Y81.396 E1043.80114
G1 X36.835 Y80.606 E1043.82834
G1 X49.059 Y27.101 E1045.65377
G1 X49.2 Y26.221 E1045.68342
G1 X49.227 Y25.324 E1045.71326
G1 X49.13 Y24.435 E1045.74301
G1 X48.924 Y23.568 E1045.77265
G1 X48.602 Y22.733 E1045.80241
G1 X48.17 Y21.944 E1045.83233
G1 X47.634 Y21.213 E1045.86248
G1 X47.024 Y20.576 E1045.89181
G1 X46.317 Y20.009 E1045.92196
G1 X45.556 Y19.551 E1045.9515
G1 X44.74 Y19.197 E1045.98108
G1 X43.861 Y18.944 E1046.01151
G1 X42.991 Y18.816 E1046.04075
G1 X42.091 Y18.801 E1046.07069
G1 X41.201 Y18.906 E1046.1005
G1 X40.326 Y19.127 E1046.13052
G1 X39.507 Y19.453 E1046.15983
G1 X38.714 Y19.896 E1046.19005
G1 X38.003 Y20.432 E1046.21966
G1 X37.362 Y21.062 E1046.24955
G1 X36.806 Y21.773 E1046.27957
G1 X36.36 Y22.534 E1046.30891
G1 X36.011 Y23.36 E1046.33874
G1 X6.484 Y108.498 E1049.3359
G1 X6.484 Y113.264 E1049.49442
G1 X20.931 Y113.264 E1049.97493
G1 F2700 E1044.97493
G0 F11250 X20.757 Y112.98
G0 X17.631 Y111.835
G0 X20.081 Y102.699
G0 X30.48 Y83.411
G0 X30.06 Y82.849
G1 F2700 E1049.97493
G1 F2250 X29.3 Y83.25 E1050.00351
G1 X28.504 Y83.514 E1050.0314
G1 X27.704 Y83.642 E1050.05835
G1 X26.84 Y83.642 E1050.08708
G1 X26.012 Y83.506 E1050.11499
G1 X25.231 Y83.245 E1050.14238
G1 X24.484 Y82.849 E1050.1705
G1 X23.811 Y82.343 E1050.19851
G1 X23.235 Y81.738 E1050.22629
G1 X22.763 Y81.047 E1050.25412
G1 X22.403 Y80.288 E1050.28206
G1 X22.177 Y79.489 E1050.30968
G1 X22.077 Y78.685 E1050.33663
G1 X22.115 Y77.812 E1050.36569
G1 X22.271 Y77.032 E1050.39215
G1 X22.582 Y76.215 E1050.42122
G1 X22.982 Y75.523 E1050.44781
G1 X23.512 Y74.869 E1050.47581
G1 X24.16 Y74.295 E1050.5046
G1 X24.869 Y73.847 E1050.53249
G1 X25.644 Y73.521 E1050.56046
G1 X26.451 Y73.328 E1050.58806
G1 X27.289 Y73.26 E1050.61602
G1 X28.113 Y73.33 E1050.64352
G1 X28.917 Y73.526 E1050.67105
G1 X29.675 Y73.847 E1050.69843
G1 X30.409 Y74.314 E1050.72736
G1 X31.032 Y74.869 E1050.75511
G1 X31.562 Y75.523 E1050.78311
G1 X31.962 Y76.215 E1050.8097
G1 X32.264 Y77.005 E1050.83783
G1 X32.436 Y77.844 E1050.86631
G1 X32.467 Y78.684 E1050.89427
G1 X32.368 Y79.509 E1050.92191
G1 X32.137 Y80.3 E1050.94931
G1 X31.78 Y81.049 E1050.97691
G1 X31.309 Y81.738 E1051.00467
G1 X30.712 Y82.365 E1051.03346
G1 X30.06 Y82.849 E1051.06047
G0 F11250 X30.48 Y83.411
G0 X31.23 Y83.576
;TYPE:FILL
G1 F4500 X33.241 Y85.587 E1051.15506
G0 F11250 X33.421 Y85.224
G1 F4500 X14.117 Y90.396 E1051.81976
G0 F11250 X13.724 Y91.526
G1 F4500 X24.797 Y102.598 E1052.34058
G0 F11250 X22.327 Y102.206
G1 F4500 X26.958 Y84.924 E1052.93566
G0 F11250 X25.368 Y84.06
G0 X21.927 Y82.092
G1 F4500 X16.492 Y83.548 E1053.1228
G0 F11250 X15.91 Y85.226
G1 F4500 X27.612 Y96.928 E1053.67323
G0 F11250 X26.308 Y99.553
G1 F4500 X9.367 Y104.092 E1054.25656
G1 X9.354 Y104.126
G1 X16.697 Y111.469 E1054.60196
G0 F11250 X13.495 Y111.985
G1 F4500 X21.627 Y81.637 E1055.64694
G0 F11250 X18.095 Y78.926
G1 F4500 X30.426 Y91.257 E1056.22696
G0 F11250 X29.865 Y92.389
G1 F4500 X11.742 Y97.245 E1056.85099
G0 F11250 X11.539 Y97.826
G1 F4500 X18.446 Y104.732 E1057.17585
G0 F11250 X17.536 Y108.115
G1 F4500 X7.765 Y110.734 E1057.51231
G0 F11250 X7.764 Y111.021
G1 F4500 X8.726 Y111.984 E1057.55758
G0 F11250 X7.764 Y110.19
G1 F4500 X9.504 Y103.699 E1057.7811
G0 F11250 X18.867 Y76.7
G1 F4500 X21.27 Y76.057 E1057.86383
G0 F11250 X22.159 Y74.504
G1 F4500 X20.28 Y72.626 E1057.95219
G0 F11250 X21.242 Y69.852
G1 F4500 X39.069 Y65.076 E1058.56603
G0 F11250 X38.906 Y65.796
G1 F4500 X26.835 Y53.725 E1059.13381
G0 F11250 X25.992 Y56.156
G1 F4500 X42.093 Y51.842 E1059.68822
G1 X42.062 Y51.982
G1 X31.205 Y41.125 E1060.1989
G0 F11250 X30.742 Y42.46
G1 F4500 X45.117 Y38.608 E1060.69388
G0 F11250 X45.219 Y38.168
G1 F4500 X35.575 Y28.524 E1061.14751
G0 F11250 X35.492 Y28.764
G1 F4500 X47.943 Y25.428 E1061.57624
G0 F11250 X47.529 Y23.507
G1 F4500 X44.519 Y20.497 E1061.71782
G0 F11250 X44.25 Y20.388
G1 F4500 X30.233 Y72.7 E1063.5191
G0 F11250 X31.279 Y73.375
G1 F4500 X37.557 Y71.692 E1063.73528
G0 F11250 X37.327 Y72.703
G1 F4500 X24.65 Y60.025 E1064.33159
G0 F11250 X23.617 Y63.004
G1 F4500 X40.581 Y58.459 E1064.91572
G0 F11250 X40.484 Y58.889
G1 F4500 X29.02 Y47.425 E1065.45495
G0 F11250 X28.367 Y49.308
G1 F4500 X43.605 Y45.225 E1065.97964
G1 X43.641 Y45.075
G1 X33.39 Y34.824 E1066.46182
G0 F11250 X33.118 Y35.612
G1 F4500 X46.629 Y31.992 E1066.92705
G0 F11250 X46.797 Y31.26
G1 F4500 X37.938 Y22.402 E1067.34372
G0 F11250 X38.489 Y21.749
G1 F4500 X43.922 Y20.294 E1067.53079
G0 F11250 X36.82 Y24.934
G1 F4500 X23.968 Y72.9 E1069.18242
G0 F11250 X28.197 Y72.057
G1 F4500 X22.465 Y66.325 E1069.45204
G0 F11250 X31.487 Y74.415
G0 X31.824 Y74.828
G0 X33.684 Y77.544
G1 F4500 X35.749 Y79.61 E1069.54919
G0 F11250 X36.045 Y78.309
G1 F4500 X33.727 Y78.93 E1069.62901
G0 F11250 X32.699 Y86.68
G1 F4500 X42.443 Y50.313 E1070.88125
G1 F2700 E1065.88125
;MESH:NONMESH
G0 F300 X42.443 Y50.313 Z3
G0 F11250 X32.736 Y80.534
G0 X32.409 Y81.221
G0 X30.691 Y83.875
;TIME_ELAPSED:1166.457382
;LAYER:14
;TYPE:WALL-INNER
;MESH:Sperrklinke
G1 F2700 E1070.88125
G1 F2250 X29.79 Y84.352 E1070.91515
G1 X28.806 Y84.681 E1070.94966
G1 X27.788 Y84.844 E1070.98395
G1 X26.755 Y84.844 E1071.01831
G1 X25.738 Y84.681 E1071.05257
G1 X24.77 Y84.353 E1071.08656
G1 X23.858 Y83.879 E1071.12075
G1 X23.025 Y83.256 E1071.15534
G1 X22.307 Y82.507 E1071.18985
G1 X21.728 Y81.663 E1071.2239
G1 X21.282 Y80.729 E1071.25832
G1 X20.999 Y79.742 E1071.29247
G1 X20.872 Y78.717 E1071.32682
G1 X20.918 Y77.686 E1071.36115
G1 X21.117 Y76.687 E1071.39503
G1 X21.484 Y75.718 E1071.42949
G1 X21.996 Y74.831 E1071.46356
G1 X22.651 Y74.026 E1071.49807
G1 X23.422 Y73.342 E1071.53235
G1 X24.296 Y72.787 E1071.56679
G1 X25.25 Y72.382 E1071.60126
G1 X26.247 Y72.141 E1071.63538
G1 X27.268 Y72.054 E1071.66946
G1 X28.309 Y72.146 E1071.70422
G1 X29.302 Y72.389 E1071.73822
G1 X30.246 Y72.786 E1071.77228
G1 X31.122 Y73.342 E1071.80679
G1 X31.892 Y74.026 E1071.84104
G1 X32.545 Y74.827 E1071.87542
G1 X33.057 Y75.714 E1071.90948
G1 X33.425 Y76.682 E1071.94392
G1 X33.63 Y77.676 E1071.97768
G1 X33.672 Y78.705 E1072.01193
G1 X33.552 Y79.733 E1072.04636
G1 X33.256 Y80.743 E1072.08136
G1 X32.817 Y81.663 E1072.11527
G1 X32.235 Y82.51 E1072.14945
G1 X31.525 Y83.257 E1072.18373
G1 X30.691 Y83.875 E1072.21825
G0 F11250 X30.468 Y83.541
G1 F2250 X29.633 Y83.983 E1072.24967
G1 X28.713 Y84.291 E1072.28194
G1 X27.756 Y84.444 E1072.31418
G1 X26.788 Y84.444 E1072.34637
G1 X25.836 Y84.291 E1072.37844
G1 X24.924 Y83.984 E1072.41045
G1 X24.07 Y83.539 E1072.44248
G1 X23.295 Y82.96 E1072.47465
G1 X22.62 Y82.257 E1072.50707
G1 X22.074 Y81.462 E1072.53914
G1 X21.656 Y80.583 E1072.57152
G1 X21.393 Y79.666 E1072.60325
G1 X21.273 Y78.701 E1072.63559
G1 X21.324 Y77.692 E1072.66919
G1 X21.502 Y76.799 E1072.69948
G1 X21.849 Y75.885 E1072.732
G1 X22.328 Y75.057 E1072.76381
G1 X22.944 Y74.3 E1072.79627
G1 X23.665 Y73.661 E1072.82831
G1 X24.477 Y73.145 E1072.86031
G1 X25.375 Y72.764 E1072.89276
G1 X26.31 Y72.537 E1072.92476
G1 X27.271 Y72.456 E1072.95684
G1 X28.241 Y72.537 E1072.98921
G1 X29.17 Y72.764 E1073.02102
G1 X30.067 Y73.145 E1073.05343
G1 X30.879 Y73.661 E1073.08543
G1 X31.603 Y74.303 E1073.11762
G1 X32.211 Y75.049 E1073.14962
G1 X32.693 Y75.883 E1073.18166
G1 X33.04 Y76.794 E1073.21409
G1 X33.231 Y77.725 E1073.2457
G1 X33.271 Y78.697 E1073.27805
G1 X33.149 Y79.687 E1073.31123
G1 X32.891 Y80.568 E1073.34176
G1 X32.468 Y81.465 E1073.37475
G1 X31.925 Y82.256 E1073.40666
G1 X31.257 Y82.957 E1073.43886
G1 X30.468 Y83.541 E1073.47151
G0 F11250 X30.221 Y83.219
G1 F2250 X29.476 Y83.612 E1073.49953
G1 X28.614 Y83.902 E1073.52978
G1 X27.723 Y84.044 E1073.55979
G1 X26.82 Y84.044 E1073.58982
G1 X25.931 Y83.901 E1073.61977
G1 X25.077 Y83.615 E1073.64972
G1 X24.282 Y83.198 E1073.67958
G1 X23.555 Y82.654 E1073.70978
G1 X22.935 Y82.008 E1073.73956
G1 X22.422 Y81.26 E1073.76973
G1 X22.033 Y80.448 E1073.79968
G1 X21.785 Y79.583 E1073.82961
G1 X21.674 Y78.683 E1073.85977
G1 X21.719 Y77.756 E1073.89064
G1 X21.901 Y76.875 E1073.92056
G1 X22.213 Y76.055 E1073.94974
G1 X22.659 Y75.284 E1073.97936
G1 X23.202 Y74.616 E1074.00799
G1 X23.903 Y73.984 E1074.03939
G1 X24.669 Y73.498 E1074.06956
G1 X25.503 Y73.143 E1074.09971
G1 X26.326 Y72.944 E1074.12787
G1 X27.271 Y72.857 E1074.15943
G1 X28.178 Y72.936 E1074.18971
G1 X29.005 Y73.135 E1074.218
G1 X29.873 Y73.497 E1074.24928
G1 X30.638 Y73.983 E1074.27943
G1 X31.311 Y74.577 E1074.30928
G1 X31.883 Y75.279 E1074.3394
G1 X32.33 Y76.053 E1074.36913
G1 X32.654 Y76.905 E1074.39945
G1 X32.834 Y77.779 E1074.42913
G1 X32.87 Y78.684 E1074.45925
G1 X32.758 Y79.598 E1074.48988
G1 X32.514 Y80.434 E1074.51884
G1 X32.138 Y81.227 E1074.54803
G1 X31.613 Y82.002 E1074.57917
G1 X30.99 Y82.656 E1074.60921
G1 X30.221 Y83.219 E1074.64091
G1 F2700 E1069.64091
G0 F11250 X30.36 Y83.486
G0 X19.825 Y102.109
G0 X16.845 Y112.065
G1 F2700 E1074.64091
G1 F2250 X16.733 Y111.761 E1074.65168
G1 X16.775 Y111.269 E1074.66811
G1 X19.089 Y102.636 E1074.96538
G1 X19.207 Y102.403 E1074.97407
G1 X19.444 Y102.108 E1074.98665
G1 X19.797 Y101.85 E1075.00119
G1 X20.176 Y101.743 E1075.01429
G1 X20.448 Y101.724 E1075.02336
G1 X20.773 Y101.772 E1075.03429
G1 X24.76 Y102.849 E1075.17165
G1 X34.959 Y82.31 E1075.93437
G1 X35.246 Y81.691 E1075.95706
G1 X35.477 Y81.039 E1075.98007
G1 X35.665 Y80.338 E1076.0042
G1 X47.88 Y26.873 E1077.82828
G1 X48.003 Y26.107 E1077.85408
G1 X48.025 Y25.371 E1077.87857
G1 X47.945 Y24.639 E1077.90306
G1 X47.775 Y23.924 E1077.92751
G1 X47.511 Y23.239 E1077.95192
G1 X47.156 Y22.59 E1077.97653
G1 X46.713 Y21.987 E1078.00141
G1 X46.212 Y21.463 E1078.02553
G1 X45.629 Y20.995 E1078.05039
G1 X45.005 Y20.62 E1078.07461
G1 X44.334 Y20.329 E1078.09893
G1 X43.607 Y20.12 E1078.12409
G1 X42.893 Y20.015 E1078.14809
G1 X42.151 Y20.002 E1078.17278
G1 X41.419 Y20.088 E1078.19729
G1 X40.697 Y20.271 E1078.22206
G1 X40.023 Y20.539 E1078.24619
G1 X39.371 Y20.904 E1078.27104
G1 X38.788 Y21.343 E1078.29531
G1 X38.259 Y21.863 E1078.31999
G1 X37.801 Y22.449 E1078.34472
G1 X37.435 Y23.074 E1078.36881
G1 X37.132 Y23.791 E1078.3947
G1 X7.684 Y108.7 E1081.38381
G1 X7.684 Y112.064 E1081.4957
G1 X16.845 Y112.065 E1081.80039
G0 F11250 X17.68 Y112.465
G1 F2250 X17.308 Y112.206 E1081.81547
G1 X17.132 Y111.724 E1081.83254
G1 X17.161 Y111.373 E1081.84425
G1 X19.463 Y102.796 E1082.13962
G1 X19.55 Y102.609 E1082.14648
G1 X19.719 Y102.398 E1082.15547
G1 X19.924 Y102.248 E1082.16392
G1 X20.138 Y102.16 E1082.17161
G1 X20.437 Y102.124 E1082.18163
G1 X20.669 Y102.158 E1082.18943
G1 X24.973 Y103.32 E1082.33771
G1 X35.32 Y82.482 E1083.11152
G1 X35.601 Y81.864 E1083.1341
G1 X35.611 Y81.859 E1083.13447
G1 X35.86 Y81.158 E1083.15921
G1 X36.049 Y80.454 E1083.18346
G1 X48.273 Y26.949 E1085.0089
G1 X48.402 Y26.145 E1085.03598
G1 X48.426 Y25.356 E1085.06223
G1 X48.34 Y24.571 E1085.0885
G1 X48.158 Y23.806 E1085.11465
G1 X47.874 Y23.07 E1085.14089
G1 X47.494 Y22.375 E1085.16724
G1 X47.02 Y21.729 E1085.19389
G1 X46.483 Y21.167 E1085.21974
G1 X45.858 Y20.667 E1085.24636
G1 X45.189 Y20.264 E1085.27234
G1 X44.469 Y19.952 E1085.29844
G1 X43.691 Y19.728 E1085.32536
G1 X42.926 Y19.615 E1085.35108
G1 X42.131 Y19.602 E1085.37753
G1 X41.347 Y19.694 E1085.40378
G1 X40.574 Y19.89 E1085.43031
G1 X39.851 Y20.177 E1085.45618
G1 X39.152 Y20.568 E1085.48282
G1 X38.527 Y21.04 E1085.50887
G1 X37.96 Y21.596 E1085.53528
G1 X37.469 Y22.224 E1085.56179
G1 X37.076 Y22.894 E1085.58763
G1 X36.759 Y23.647 E1085.6148
G1 X7.284 Y108.633 E1088.60662
G1 X7.284 Y112.464 E1088.73404
G1 X17.68 Y112.465 E1089.07982
G0 F11250 X20.442 Y112.864
G1 F2250 X17.974 Y112.213 E1089.16471
G1 X17.636 Y111.977 E1089.17842
G1 X17.53 Y111.688 E1089.18866
G1 X17.548 Y111.476 E1089.19574
G1 X19.855 Y102.889 E1089.49147
G1 X20.054 Y102.638 E1089.50212
G1 X20.246 Y102.546 E1089.5092
G1 X20.47 Y102.518 E1089.51671
G1 X25.185 Y103.792 E1089.67916
G1 X35.681 Y82.654 E1090.46411
G1 X35.964 Y82.034 E1090.48678
G1 X35.976 Y82.026 E1090.48726
G1 X36.242 Y81.277 E1090.5137
G1 X36.437 Y80.551 E1090.5387
G1 X48.666 Y27.025 E1092.36485
G1 X48.801 Y26.183 E1092.39322
G1 X48.826 Y25.34 E1092.42127
G1 X48.735 Y24.503 E1092.44927
G1 X48.541 Y23.687 E1092.47717
G1 X48.238 Y22.902 E1092.50515
G1 X47.832 Y22.159 E1092.53331
G1 X47.327 Y21.471 E1092.5617
G1 X46.753 Y20.872 E1092.58929
G1 X46.087 Y20.338 E1092.61768
G1 X45.372 Y19.907 E1092.64545
G1 X44.604 Y19.574 E1092.67329
G1 X43.776 Y19.336 E1092.70195
G1 X42.958 Y19.216 E1092.72945
G1 X42.111 Y19.201 E1092.75762
G1 X41.274 Y19.3 E1092.78565
G1 X40.45 Y19.508 E1092.81392
G1 X39.679 Y19.815 E1092.84152
G1 X38.933 Y20.232 E1092.86995
G1 X38.265 Y20.736 E1092.89778
G1 X37.661 Y21.329 E1092.92593
G1 X37.138 Y21.999 E1092.9542
G1 X36.718 Y22.714 E1092.98178
G1 X36.385 Y23.504 E1093.0103
G1 X6.884 Y108.566 E1096.00479
G1 X6.884 Y112.864 E1096.14774
G1 X20.442 Y112.864 E1096.59868
G0 F11250 X20.931 Y113.264
;TYPE:WALL-OUTER
G1 F2250 X21.229 Y112.659 E1096.62111
G1 X18.076 Y111.826 E1096.72958
G1 X17.964 Y111.747 E1096.73414
G1 X17.92 Y111.631 E1096.73827
G1 X20.223 Y103.045 E1097.03393
G1 X20.332 Y102.938 E1097.03901
G1 X20.436 Y102.925 E1097.0425
G1 X25.397 Y104.264 E1097.21341
G1 X36.043 Y82.826 E1098.00952
G1 X36.326 Y82.203 E1098.03228
G1 X36.341 Y82.194 E1098.03286
G1 X36.624 Y81.396 E1098.06102
G1 X36.835 Y80.606 E1098.08822
G1 X49.059 Y27.101 E1099.91365
G1 X49.2 Y26.221 E1099.94329
G1 X49.227 Y25.324 E1099.97314
G1 X49.13 Y24.435 E1100.00289
G1 X48.924 Y23.568 E1100.03252
G1 X48.602 Y22.733 E1100.06229
G1 X48.17 Y21.944 E1100.09221
G1 X47.634 Y21.213 E1100.12236
G1 X47.024 Y20.576 E1100.15169
G1 X46.317 Y20.009 E1100.18183
G1 X45.556 Y19.551 E1100.21138
G1 X44.74 Y19.197 E1100.24096
G1 X43.861 Y18.944 E1100.27138
G1 X42.991 Y18.816 E1100.30063
G1 X42.091 Y18.801 E1100.33057
G1 X41.201 Y18.906 E1100.36038
G1 X40.326 Y19.127 E1100.39039
G1 X39.507 Y19.453 E1100.41971
G1 X38.714 Y19.896 E1100.44992
G1 X38.003 Y20.432 E1100.47954
G1 X37.362 Y21.062 E1100.50943
G1 X36.806 Y21.773 E1100.53945
G1 X36.36 Y22.534 E1100.56879
G1 X36.011 Y23.36 E1100.59861
G1 X6.484 Y108.498 E1103.59578
G1 X6.484 Y113.264 E1103.7543
G1 X20.931 Y113.264 E1104.23481
G1 F2700 E1099.23481
G0 F11250 X20.757 Y112.979
G0 X17.605 Y111.937
G0 X20.107 Y102.599
G0 X30.48 Y83.411
G0 X30.06 Y82.849
G1 F2700 E1104.23481
G1 F2250 X29.3 Y83.25 E1104.26339
G1 X28.504 Y83.514 E1104.29128
G1 X27.704 Y83.642 E1104.31823
G1 X26.84 Y83.642 E1104.34696
G1 X26.012 Y83.506 E1104.37487
G1 X25.231 Y83.245 E1104.40226
G1 X24.484 Y82.849 E1104.43038
G1 X23.811 Y82.343 E1104.45838
G1 X23.235 Y81.738 E1104.48617
G1 X22.763 Y81.047 E1104.514
G1 X22.403 Y80.288 E1104.54194
G1 X22.177 Y79.489 E1104.56956
G1 X22.077 Y78.685 E1104.59651
G1 X22.115 Y77.812 E1104.62557
G1 X22.271 Y77.032 E1104.65203
G1 X22.582 Y76.215 E1104.6811
G1 X22.982 Y75.523 E1104.70769
G1 X23.512 Y74.869 E1104.73568
G1 X24.16 Y74.295 E1104.76448
G1 X24.869 Y73.847 E1104.79237
G1 X25.644 Y73.521 E1104.82034
G1 X26.451 Y73.328 E1104.84793
G1 X27.289 Y73.26 E1104.8759
G1 X28.113 Y73.33 E1104.9034
G1 X28.917 Y73.526 E1104.93093
G1 X29.675 Y73.847 E1104.9583
G1 X30.409 Y74.314 E1104.98724
G1 X31.032 Y74.869 E1105.01499
G1 X31.562 Y75.523 E1105.04299
G1 X31.962 Y76.215 E1105.06957
G1 X32.264 Y77.005 E1105.0977
G1 X32.436 Y77.844 E1105.12619
G1 X32.467 Y78.684 E1105.15415
G1 X32.368 Y79.509 E1105.18178
G1 X32.137 Y80.3 E1105.20919
G1 X31.78 Y81.049 E1105.23679
G1 X31.309 Y81.738 E1105.26455
G1 X30.712 Y82.365 E1105.29334
G1 X30.06 Y82.849 E1105.32035
G0 F11250 X30.48 Y83.411
G0 X31.345 Y83.49
;TYPE:FILL
G1 F4500 X33.308 Y85.453 E1105.41268
G1 X33.337 Y85.393
G1 X14.061 Y90.558 E1106.07642
G0 F11250 X13.777 Y91.377
G1 F4500 X24.863 Y102.464 E1106.5979
G0 F11250 X22.214 Y102.078
G1 F4500 X26.812 Y84.918 E1107.18877
G0 F11250 X22.012 Y82.216
G1 F4500 X16.436 Y83.71 E1107.38077
G0 F11250 X15.962 Y85.077
G1 F4500 X27.678 Y96.794 E1107.93188
G0 F11250 X26.223 Y99.723
G1 F4500 X9.31 Y104.255 E1108.51426
G0 F11250 X9.406 Y103.977
G1 F4500 X16.698 Y111.27 E1108.85727
G0 F11250 X17.494 Y108.273
G1 F4500 X7.765 Y110.881 E1109.19229
G1 X7.764 Y110.821
G1 X8.928 Y111.985 E1109.24704
G0 F11250 X7.764 Y109.641
G1 F4500 X8.857 Y105.562 E1109.38749
G0 F11250 X13.348 Y111.985
G1 F4500 X21.532 Y81.44 E1110.43926
G0 F11250 X18.146 Y78.777
G1 F4500 X30.493 Y91.123 E1111.02
G0 F11250 X29.78 Y92.558
G1 F4500 X11.686 Y97.407 E1111.64304
G0 F11250 X11.591 Y97.677
G1 F4500 X18.487 Y104.573 E1111.96741
G0 F11250 X19.825 Y102.109
G0 X32.379 Y87.323
G1 F4500 X43.295 Y46.587 E1113.3701
G0 F11250 X43.569 Y45.382
G1 F4500 X28.311 Y49.47 E1113.89548
G0 F11250 X29.072 Y47.276
G1 F4500 X40.521 Y58.725 E1114.434
G1 X40.545 Y58.615
G1 X23.561 Y63.166 E1115.01882
G0 F11250 X22.516 Y66.176
G1 F4500 X28.437 Y72.097 E1115.29733
G0 F11250 X30.102 Y72.639
G1 F4500 X44.113 Y20.35 E1117.09782
G1 X44.187 Y20.37
G1 X38.293 Y21.949 E1117.30077
G0 F11250 X38.027 Y22.289
G1 F4500 X46.835 Y31.097 E1117.71507
G0 F11250 X46.593 Y32.148
G1 F4500 X33.062 Y35.774 E1118.18099
G0 F11250 X33.442 Y34.675
G1 F4500 X43.678 Y44.911 E1118.66246
G0 F11250 X45.081 Y38.765
G1 F4500 X30.686 Y42.622 E1119.15813
G0 F11250 X31.257 Y40.975
G1 F4500 X42.1 Y51.818 E1119.66815
G1 X42.057 Y51.999
G1 X25.936 Y56.318 E1120.22325
G0 F11250 X26.887 Y53.576
G1 F4500 X38.943 Y65.632 E1120.79032
G0 F11250 X39.033 Y65.232
G1 F4500 X21.186 Y70.014 E1121.40486
G0 F11250 X20.331 Y72.476
G1 F4500 X22.249 Y74.394 E1121.49507
G0 F11250 X23.79 Y73.013
G1 F4500 X36.174 Y26.799 E1123.08639
G0 F11250 X35.627 Y28.375
G1 F4500 X45.256 Y38.004 E1123.53931
G0 F11250 X47.938 Y25.576
G1 F4500 X35.436 Y28.926 E1123.96979
G0 F11250 X44.873 Y20.65
G1 F4500 X47.37 Y23.148 E1124.08727
G1 F2700 E1119.08727
G0 F11250 X24.701 Y59.876
G1 F2700 E1124.08727
G1 F4500 X37.365 Y72.539 E1124.68292
G0 F11250 X37.521 Y71.849
G1 F4500 X31.406 Y73.488 E1124.89349
G0 F11250 X33.632 Y77.292
G1 F4500 X35.787 Y79.446 E1124.99483
G0 F11250 X36.009 Y78.466
G1 F4500 X33.708 Y79.082 E1125.07405
G0 F11250 X32.552 Y75.958
G0 X32.082 Y75.144
G0 X31.487 Y74.415
G0 X30.784 Y73.792
G0 X29.989 Y73.289
G0 X29.123 Y72.921
G0 X28.211 Y72.696
G0 X27.274 Y72.619
G0 X26.337 Y72.696
G0 X25.425 Y72.921
G0 X24.559 Y73.289
G0 X23.764 Y73.792
G0 X21.208 Y76.22
G1 F4500 X18.811 Y76.862 E1125.15659
;MESH:NONMESH
G0 F300 X18.811 Y76.862 Z3.2
G0 F11250 X22.749 Y82.156
G0 X23.4 Y82.835
G0 X24.152 Y83.399
G0 X24.984 Y83.836
G0 X25.877 Y84.134
G0 X26.804 Y84.285
G0 X27.564 Y84.285
G0 X30.694 Y83.873
;TIME_ELAPSED:1216.148513
;LAYER:15
;TYPE:WALL-INNER
;MESH:Sperrklinke
G1 F2250 X29.787 Y84.353 E1125.19072
G1 X28.806 Y84.681 E1125.22512
G1 X27.788 Y84.844 E1125.25941
G1 X26.755 Y84.844 E1125.29377
G1 X25.738 Y84.681 E1125.32803
G1 X24.77 Y84.353 E1125.36202
G1 X23.858 Y83.879 E1125.39621
G1 X23.025 Y83.256 E1125.4308
G1 X22.307 Y82.507 E1125.46531
G1 X21.728 Y81.663 E1125.49936
G1 X21.282 Y80.729 E1125.53378
G1 X20.999 Y79.742 E1125.56793
G1 X20.872 Y78.717 E1125.60228
G1 X20.918 Y77.686 E1125.63661
G1 X21.117 Y76.687 E1125.67049
G1 X21.484 Y75.718 E1125.70495
G1 X21.996 Y74.831 E1125.73902
G1 X22.652 Y74.026 E1125.77355
G1 X23.422 Y73.342 E1125.80781
G1 X24.296 Y72.787 E1125.84224
G1 X25.25 Y72.382 E1125.87672
G1 X26.247 Y72.141 E1125.91083
G1 X27.268 Y72.054 E1125.94491
G1 X28.309 Y72.146 E1125.97967
G1 X29.302 Y72.389 E1126.01367
G1 X30.246 Y72.786 E1126.04773
G1 X31.122 Y73.342 E1126.08224
G1 X31.892 Y74.026 E1126.1165
G1 X32.545 Y74.827 E1126.15087
G1 X33.057 Y75.714 E1126.18494
G1 X33.425 Y76.682 E1126.21938
G1 X33.63 Y77.676 E1126.25314
G1 X33.672 Y78.705 E1126.28739
G1 X33.552 Y79.733 E1126.32181
G1 X33.256 Y80.743 E1126.35682
G1 X32.817 Y81.663 E1126.39072
G1 X32.235 Y82.511 E1126.42493
G1 X31.52 Y83.26 E1126.45937
G1 X30.694 Y83.873 E1126.49358
G0 F11250 X30.472 Y83.539
G1 F2250 X29.633 Y83.983 E1126.52516
G1 X28.713 Y84.291 E1126.55742
G1 X27.755 Y84.444 E1126.58969
G1 X26.788 Y84.444 E1126.62185
G1 X25.836 Y84.291 E1126.65392
G1 X24.924 Y83.984 E1126.68593
G1 X24.07 Y83.539 E1126.71796
G1 X23.295 Y82.96 E1126.75013
G1 X22.62 Y82.257 E1126.78255
G1 X22.074 Y81.462 E1126.81463
G1 X21.656 Y80.583 E1126.847
G1 X21.393 Y79.666 E1126.87873
G1 X21.273 Y78.701 E1126.91107
G1 X21.324 Y77.692 E1126.94467
G1 X21.502 Y76.799 E1126.97496
G1 X21.849 Y75.885 E1127.00748
G1 X22.328 Y75.057 E1127.03929
G1 X22.944 Y74.3 E1127.07175
G1 X23.665 Y73.661 E1127.1038
G1 X24.477 Y73.145 E1127.13579
G1 X25.375 Y72.764 E1127.16824
G1 X26.31 Y72.537 E1127.20024
G1 X27.271 Y72.456 E1127.23232
G1 X28.241 Y72.537 E1127.26469
G1 X29.17 Y72.764 E1127.2965
G1 X30.067 Y73.145 E1127.32891
G1 X30.879 Y73.661 E1127.36091
G1 X31.603 Y74.303 E1127.3931
G1 X32.211 Y75.049 E1127.42511
G1 X32.693 Y75.883 E1127.45714
G1 X33.04 Y76.794 E1127.48957
G1 X33.231 Y77.725 E1127.52118
G1 X33.271 Y78.697 E1127.55353
G1 X33.149 Y79.687 E1127.58671
G1 X32.891 Y80.568 E1127.61724
G1 X32.468 Y81.465 E1127.65023
G1 X31.925 Y82.256 E1127.68214
G1 X31.257 Y82.957 E1127.71435
G1 X30.472 Y83.539 E1127.74685
G0 F11250 X30.221 Y83.219
G1 F2250 X29.476 Y83.612 E1127.77486
G1 X28.614 Y83.902 E1127.80511
G1 X27.723 Y84.044 E1127.83512
G1 X26.82 Y84.044 E1127.86516
G1 X25.931 Y83.901 E1127.8951
G1 X25.077 Y83.615 E1127.92506
G1 X24.282 Y83.198 E1127.95492
G1 X23.555 Y82.654 E1127.98512
G1 X22.935 Y82.008 E1128.0149
G1 X22.422 Y81.26 E1128.04507
G1 X22.033 Y80.448 E1128.07501
G1 X21.785 Y79.583 E1128.10494
G1 X21.674 Y78.683 E1128.1351
G1 X21.719 Y77.756 E1128.16597
G1 X21.901 Y76.875 E1128.19589
G1 X22.213 Y76.055 E1128.22507
G1 X22.659 Y75.284 E1128.2547
G1 X23.202 Y74.616 E1128.28333
G1 X23.903 Y73.984 E1128.31472
G1 X24.669 Y73.498 E1128.34489
G1 X25.503 Y73.143 E1128.37504
G1 X26.326 Y72.944 E1128.4032
G1 X27.271 Y72.857 E1128.43477
G1 X28.178 Y72.936 E1128.46505
G1 X29.005 Y73.135 E1128.49334
G1 X29.873 Y73.497 E1128.52462
G1 X30.638 Y73.983 E1128.55476
G1 X31.311 Y74.577 E1128.58462
G1 X31.883 Y75.279 E1128.61474
G1 X32.33 Y76.053 E1128.64447
G1 X32.654 Y76.905 E1128.67478
G1 X32.834 Y77.779 E1128.70446
G1 X32.87 Y78.684 E1128.73459
G1 X32.758 Y79.598 E1128.76521
G1 X32.514 Y80.434 E1128.79418
G1 X32.138 Y81.227 E1128.82337
G1 X31.613 Y82.002 E1128.8545
G1 X30.99 Y82.656 E1128.88455
G1 X30.221 Y83.219 E1128.91624
G1 F2700 E1123.91624
G0 F11250 X30.36 Y83.486
G0 X19.841 Y102.047
G0 X16.802 Y112.065
G1 F2700 E1128.91624
G1 F2250 X16.714 Y111.823 E1128.92481
G1 X16.755 Y111.333 E1128.94116
G1 X19.105 Y102.567 E1129.24302
G1 X19.224 Y102.334 E1129.25172
G1 X19.461 Y102.039 E1129.2643
G1 X19.748 Y101.829 E1129.27613
G1 X20.117 Y101.679 E1129.28938
G1 X20.466 Y101.656 E1129.30101
G1 X20.786 Y101.703 E1129.31177
G1 X24.799 Y102.775 E1129.44992
G1 X34.959 Y82.31 E1130.20986
G1 X35.246 Y81.691 E1130.23255
G1 X35.477 Y81.039 E1130.25556
G1 X35.665 Y80.338 E1130.2797
G1 X47.88 Y26.873 E1132.10377
G1 X48.003 Y26.107 E1132.12958
G1 X48.025 Y25.371 E1132.15407
G1 X47.945 Y24.639 E1132.17856
G1 X47.775 Y23.924 E1132.203
G1 X47.511 Y23.239 E1132.22742
G1 X47.156 Y22.59 E1132.25202
G1 X46.713 Y21.987 E1132.27691
G1 X46.212 Y21.463 E1132.30102
G1 X45.629 Y20.995 E1132.32589
G1 X45.005 Y20.62 E1132.3501
G1 X44.334 Y20.329 E1132.37443
G1 X43.607 Y20.12 E1132.39959
G1 X42.893 Y20.015 E1132.42359
G1 X42.151 Y20.002 E1132.44827
G1 X41.419 Y20.088 E1132.47279
G1 X40.697 Y20.271 E1132.49756
G1 X40.023 Y20.539 E1132.52168
G1 X39.371 Y20.904 E1132.54654
G1 X38.788 Y21.343 E1132.57081
G1 X38.259 Y21.863 E1132.59548
G1 X37.801 Y22.449 E1132.62022
G1 X37.435 Y23.074 E1132.64431
G1 X37.132 Y23.791 E1132.6702
G1 X7.684 Y108.7 E1135.6593
G1 X7.684 Y112.064 E1135.77119
G1 X16.802 Y112.065 E1136.07446
G0 F11250 X17.565 Y112.463
G1 F2250 X17.286 Y112.266 E1136.08582
G1 X17.112 Y111.787 E1136.10277
G1 X17.141 Y111.436 E1136.11448
G1 X19.479 Y102.728 E1136.41437
G1 X19.566 Y102.54 E1136.42126
G1 X19.736 Y102.329 E1136.43027
G1 X20.049 Y102.128 E1136.44264
G1 X20.517 Y102.045 E1136.45845
G1 X25.011 Y103.246 E1136.61317
G1 X35.32 Y82.482 E1137.38421
G1 X35.601 Y81.864 E1137.40679
G1 X35.611 Y81.859 E1137.40717
G1 X35.86 Y81.158 E1137.43191
G1 X36.049 Y80.454 E1137.45615
G1 X48.273 Y26.949 E1139.28159
G1 X48.402 Y26.145 E1139.30867
G1 X48.426 Y25.356 E1139.33493
G1 X48.34 Y24.571 E1139.36119
G1 X48.158 Y23.806 E1139.38735
G1 X47.874 Y23.07 E1139.41359
G1 X47.494 Y22.375 E1139.43993
G1 X47.02 Y21.729 E1139.46658
G1 X46.483 Y21.167 E1139.49243
G1 X45.858 Y20.667 E1139.51905
G1 X45.189 Y20.264 E1139.54503
G1 X44.469 Y19.952 E1139.57113
G1 X43.691 Y19.728 E1139.59806
G1 X42.926 Y19.615 E1139.62378
G1 X42.131 Y19.602 E1139.65022
G1 X41.347 Y19.694 E1139.67648
G1 X40.574 Y19.89 E1139.703
G1 X39.851 Y20.177 E1139.72887
G1 X39.152 Y20.568 E1139.75551
G1 X38.527 Y21.04 E1139.78156
G1 X37.96 Y21.596 E1139.80797
G1 X37.469 Y22.224 E1139.83449
G1 X37.076 Y22.894 E1139.86032
G1 X36.759 Y23.647 E1139.8875
G1 X7.284 Y108.633 E1142.87932
G1 X7.284 Y112.464 E1143.00674
G1 X17.565 Y112.463 E1143.34869
G0 F11250 X17.56 Y112.481
G0 X20.12 Y112.864
G1 F2250 X17.949 Y112.276 E1143.4235
G1 X17.615 Y112.038 E1143.43714
G1 X17.51 Y111.751 E1143.4473
G1 X17.528 Y111.54 E1143.45434
G1 X19.871 Y102.821 E1143.75463
G1 X19.956 Y102.679 E1143.76013
G1 X20.134 Y102.53 E1143.76785
G1 X20.263 Y102.477 E1143.77249
G1 X20.506 Y102.461 E1143.78059
G1 X25.224 Y103.717 E1143.94298
G1 X35.681 Y82.654 E1144.72512
G1 X35.964 Y82.034 E1144.74779
G1 X35.976 Y82.026 E1144.74827
G1 X36.242 Y81.277 E1144.7747
G1 X36.437 Y80.551 E1144.79971
G1 X48.666 Y27.025 E1146.62586
G1 X48.801 Y26.183 E1146.65422
G1 X48.826 Y25.34 E1146.68227
G1 X48.735 Y24.503 E1146.71028
G1 X48.541 Y23.687 E1146.73817
G1 X48.238 Y22.902 E1146.76616
G1 X47.832 Y22.159 E1146.79432
G1 X47.327 Y21.471 E1146.82271
G1 X46.753 Y20.872 E1146.8503
G1 X46.087 Y20.338 E1146.87869
G1 X45.372 Y19.907 E1146.90646
G1 X44.604 Y19.574 E1146.9343
G1 X43.776 Y19.336 E1146.96296
G1 X42.958 Y19.216 E1146.99045
G1 X42.111 Y19.201 E1147.01863
G1 X41.274 Y19.3 E1147.04666
G1 X40.45 Y19.508 E1147.07493
G1 X39.679 Y19.815 E1147.10253
G1 X38.933 Y20.232 E1147.13096
G1 X38.265 Y20.736 E1147.15879
G1 X37.661 Y21.329 E1147.18694
G1 X37.138 Y21.999 E1147.21521
G1 X36.718 Y22.714 E1147.24279
G1 X36.385 Y23.504 E1147.27131
G1 X6.884 Y108.566 E1150.2658
G1 X6.884 Y112.864 E1150.40875
G1 X20.12 Y112.864 E1150.84898
G0 F11250 X20.931 Y113.264
;TYPE:WALL-OUTER
G1 F2250 X21.192 Y112.735 E1150.8686
G1 X18.055 Y111.89 E1150.97666
G1 X17.943 Y111.81 E1150.98124
G1 X17.9 Y111.695 E1150.98532
G1 X20.239 Y102.977 E1151.28554
G1 X20.414 Y102.847 E1151.29279
G1 X25.437 Y104.188 E1151.4657
G1 X36.043 Y82.826 E1152.25896
G1 X36.326 Y82.203 E1152.28172
G1 X36.341 Y82.194 E1152.2823
G1 X36.624 Y81.396 E1152.31046
G1 X36.835 Y80.606 E1152.33766
G1 X49.059 Y27.101 E1154.16309
G1 X49.2 Y26.221 E1154.19273
G1 X49.227 Y25.324 E1154.22258
G1 X49.13 Y24.435 E1154.25233
G1 X48.924 Y23.568 E1154.28197
G1 X48.602 Y22.733 E1154.31173
G1 X48.17 Y21.944 E1154.34165
G1 X47.634 Y21.213 E1154.3718
G1 X47.024 Y20.576 E1154.40113
G1 X46.317 Y20.009 E1154.43128
G1 X45.556 Y19.551 E1154.46082
G1 X44.74 Y19.197 E1154.4904
G1 X43.861 Y18.944 E1154.52082
G1 X42.991 Y18.816 E1154.55007
G1 X42.091 Y18.801 E1154.58001
G1 X41.201 Y18.906 E1154.60982
G1 X40.326 Y19.127 E1154.63983
G1 X39.507 Y19.453 E1154.66915
G1 X38.714 Y19.896 E1154.69936
G1 X38.003 Y20.432 E1154.72898
G1 X37.362 Y21.062 E1154.75887
G1 X36.806 Y21.773 E1154.78889
G1 X36.36 Y22.534 E1154.81823
G1 X36.011 Y23.36 E1154.84805
G1 X6.484 Y108.498 E1157.84522
G1 X6.484 Y113.264 E1158.00374
G1 X20.931 Y113.264 E1158.48425
G1 F2700 E1153.48425
G0 F11250 X20.757 Y112.979
G0 X17.588 Y111.999
G0 X20.124 Y102.535
G0 X30.48 Y83.411
G0 X30.06 Y82.849
G1 F2700 E1158.48425
G1 F2250 X29.3 Y83.25 E1158.51283
G1 X28.504 Y83.514 E1158.54072
G1 X27.704 Y83.642 E1158.56767
G1 X26.84 Y83.642 E1158.5964
G1 X26.012 Y83.506 E1158.62431
G1 X25.244 Y83.25 E1158.65124
G1 X24.484 Y82.849 E1158.67982
G1 X23.811 Y82.343 E1158.70782
G1 X23.235 Y81.738 E1158.73561
G1 X22.763 Y81.047 E1158.76344
G1 X22.403 Y80.288 E1158.79138
G1 X22.177 Y79.489 E1158.819
G1 X22.077 Y78.685 E1158.84594
G1 X22.115 Y77.812 E1158.87501
G1 X22.271 Y77.032 E1158.90146
G1 X22.582 Y76.215 E1158.93054
G1 X22.982 Y75.523 E1158.95712
G1 X23.512 Y74.869 E1158.98512
G1 X24.16 Y74.295 E1159.01391
G1 X24.869 Y73.847 E1159.04181
G1 X25.644 Y73.521 E1159.06977
G1 X26.451 Y73.328 E1159.09737
G1 X27.289 Y73.26 E1159.12533
G1 X28.113 Y73.33 E1159.15284
G1 X28.917 Y73.526 E1159.18036
G1 X29.675 Y73.847 E1159.20774
G1 X30.409 Y74.314 E1159.23668
G1 X31.032 Y74.869 E1159.26443
G1 X31.562 Y75.523 E1159.29243
G1 X31.962 Y76.215 E1159.31901
G1 X32.264 Y77.005 E1159.34714
G1 X32.436 Y77.844 E1159.37563
G1 X32.467 Y78.684 E1159.40358
G1 X32.368 Y79.509 E1159.43122
G1 X32.137 Y80.3 E1159.45863
G1 X31.78 Y81.049 E1159.48623
G1 X31.309 Y81.738 E1159.51398
G1 X30.712 Y82.365 E1159.54278
G1 X30.06 Y82.849 E1159.56979
G0 F11250 X30.48 Y83.411
G0 X31.46 Y83.405
;TYPE:FILL
G1 F4500 X33.374 Y85.32 E1159.65984
G0 F11250 X33.254 Y85.562
G1 F4500 X14.005 Y90.719 E1160.32264
G0 F11250 X13.827 Y91.229
G1 F4500 X24.93 Y102.332 E1160.84489
G0 F11250 X26.141 Y99.891
G1 F4500 X9.255 Y104.415 E1161.42633
G0 F11250 X9.458 Y103.829
G1 F4500 X16.733 Y111.105 E1161.76855
G0 F11250 X17.45 Y108.431
G1 F4500 X7.764 Y111.027 E1162.10208
G0 F11250 X7.764 Y110.621
G1 F4500 X9.127 Y111.985 E1162.16621
G0 F11250 X7.764 Y109.096
G1 F4500 X8.215 Y107.414 E1162.22413
G0 F11250 X13.202 Y111.985
G1 F4500 X21.439 Y81.245 E1163.28262
G0 F11250 X22.097 Y82.34
G1 F4500 X16.38 Y83.871 E1163.47946
G0 F11250 X16.012 Y84.928
G1 F4500 X27.745 Y96.661 E1164.03135
G0 F11250 X29.697 Y92.726
G1 F4500 X11.63 Y97.568 E1164.65347
G1 X11.643 Y97.529
G1 X18.528 Y104.414 E1164.97732
G0 F11250 X19.841 Y102.047
G0 X22.097 Y101.972
G1 F4500 X26.669 Y84.908 E1165.56488
G0 F11250 X32.062 Y87.963
G1 F4500 X44.14 Y42.888 E1167.11697
G0 F11250 X43.715 Y44.749
G1 F4500 X33.494 Y34.527 E1167.59776
G0 F11250 X33.005 Y35.935
G1 F4500 X46.557 Y32.304 E1168.0644
G0 F11250 X46.871 Y30.935
G1 F4500 X38.114 Y22.177 E1168.47633
G1 X38.149 Y22.133
G1 X44.419 Y20.453 E1168.69222
G0 F11250 X43.978 Y20.31
G1 F4500 X29.971 Y72.583 E1170.49217
G0 F11250 X28.701 Y72.161
G1 F4500 X22.568 Y66.028 E1170.78064
G0 F11250 X23.505 Y63.327
G1 F4500 X40.509 Y58.771 E1171.36615
G0 F11250 X40.558 Y58.563
G1 F4500 X29.123 Y47.127 E1171.90404
G0 F11250 X28.255 Y49.631
G1 F4500 X43.533 Y45.537 E1172.43012
G0 F11250 X42.136 Y51.656
G1 F4500 X31.309 Y40.828 E1172.93941
G0 F11250 X30.631 Y42.783
G1 F4500 X45.045 Y38.921 E1173.43573
G0 F11250 X45.293 Y37.842
G1 F4500 X35.678 Y28.227 E1173.88799
G0 F11250 X35.532 Y28.649
G1 F4500 X23.615 Y73.125 E1175.41945
G0 F11250 X22.339 Y74.284
G1 F4500 X20.383 Y72.329 E1175.51143
G0 F11250 X21.131 Y70.175
G1 F4500 X38.997 Y65.388 E1176.12661
G1 X38.98 Y65.47
G1 X26.938 Y53.428 E1176.69303
G0 F11250 X25.881 Y56.479
G1 F4500 X42.021 Y52.154 E1177.24879
G0 F11250 X24.753 Y59.728
G1 F4500 X37.402 Y72.377 E1177.84376
G0 F11250 X37.485 Y72.005
G1 F4500 X31.532 Y73.6 E1178.04874
G0 F11250 X33.581 Y77.041
G1 F4500 X35.823 Y79.284 E1178.15422
G0 F11250 X35.973 Y78.621
G1 F4500 X33.689 Y79.233 E1178.23287
G0 F11250 X30.56 Y90.991
G1 F4500 X18.198 Y78.629 E1178.81434
G0 F11250 X18.755 Y77.023
G1 F4500 X21.146 Y76.383 E1178.89666
G1 F2700 E1173.89666
G0 F11250 X35.381 Y29.087
G1 F2700 E1178.89666
G1 F4500 X47.934 Y25.723 E1179.32891
G0 F11250 X47.129 Y22.707
G1 F4500 X45.332 Y20.91 E1179.41344
G1 F2700 E1174.41344
;MESH:NONMESH
G0 F300 X45.332 Y20.91 Z3.4
G0 F11250 X32.998 Y79.631
G0 X32.736 Y80.534
G0 X32.409 Y81.221
G0 X30.691 Y83.875
;TIME_ELAPSED:1265.853574
;LAYER:16
;TYPE:WALL-INNER
;MESH:Sperrklinke
G1 F2700 E1179.41344
G1 F2250 X29.79 Y84.352 E1179.44734
G1 X28.806 Y84.681 E1179.48185
G1 X27.788 Y84.844 E1179.51614
G1 X26.755 Y84.844 E1179.5505
G1 X25.738 Y84.681 E1179.58476
G1 X24.77 Y84.353 E1179.61875
G1 X23.858 Y83.879 E1179.65294
G1 X23.025 Y83.256 E1179.68753
G1 X22.307 Y82.507 E1179.72204
G1 X21.728 Y81.663 E1179.75609
G1 X21.282 Y80.729 E1179.79051
G1 X20.999 Y79.742 E1179.82466
G1 X20.872 Y78.717 E1179.85901
G1 X20.918 Y77.686 E1179.89334
G1 X21.117 Y76.687 E1179.92722
G1 X21.484 Y75.718 E1179.96168
G1 X21.996 Y74.831 E1179.99575
G1 X22.652 Y74.026 E1180.03028
G1 X23.422 Y73.342 E1180.06454
G1 X24.296 Y72.787 E1180.09898
G1 X25.25 Y72.382 E1180.13345
G1 X26.247 Y72.141 E1180.16756
G1 X27.268 Y72.054 E1180.20164
G1 X28.309 Y72.146 E1180.2364
G1 X29.302 Y72.389 E1180.2704
G1 X30.246 Y72.786 E1180.30447
G1 X31.122 Y73.342 E1180.33897
G1 X31.892 Y74.026 E1180.37323
G1 X32.545 Y74.827 E1180.4076
G1 X33.057 Y75.714 E1180.44167
G1 X33.425 Y76.682 E1180.47611
G1 X33.63 Y77.676 E1180.50987
G1 X33.672 Y78.705 E1180.54412
G1 X33.552 Y79.733 E1180.57854
G1 X33.256 Y80.743 E1180.61355
G1 X32.817 Y81.663 E1180.64745
G1 X32.235 Y82.51 E1180.68163
G1 X31.525 Y83.257 E1180.71591
G1 X30.691 Y83.875 E1180.75044
G0 F11250 X30.472 Y83.539
G1 F2250 X29.633 Y83.983 E1180.78201
G1 X28.713 Y84.291 E1180.81428
G1 X27.756 Y84.444 E1180.84651
G1 X26.788 Y84.444 E1180.87871
G1 X25.836 Y84.291 E1180.91078
G1 X24.924 Y83.984 E1180.94278
G1 X24.07 Y83.539 E1180.97481
G1 X23.295 Y82.96 E1181.00699
G1 X22.62 Y82.257 E1181.0394
G1 X22.074 Y81.462 E1181.07148
G1 X21.656 Y80.583 E1181.10385
G1 X21.393 Y79.666 E1181.13558
G1 X21.273 Y78.701 E1181.16793
G1 X21.324 Y77.692 E1181.20153
G1 X21.502 Y76.799 E1181.23181
G1 X21.849 Y75.885 E1181.26433
G1 X22.328 Y75.057 E1181.29615
G1 X22.944 Y74.3 E1181.32861
G1 X23.665 Y73.661 E1181.36065
G1 X24.477 Y73.145 E1181.39265
G1 X25.375 Y72.764 E1181.42509
G1 X26.31 Y72.537 E1181.45709
G1 X27.271 Y72.456 E1181.48917
G1 X28.241 Y72.537 E1181.52155
G1 X29.17 Y72.764 E1181.55335
G1 X30.067 Y73.145 E1181.58577
G1 X30.879 Y73.661 E1181.61777
G1 X31.603 Y74.303 E1181.64995
G1 X32.211 Y75.049 E1181.68196
G1 X32.693 Y75.883 E1181.714
G1 X33.04 Y76.794 E1181.74642
G1 X33.231 Y77.725 E1181.77803
G1 X33.271 Y78.697 E1181.81039
G1 X33.149 Y79.687 E1181.84356
G1 X32.891 Y80.568 E1181.8741
G1 X32.468 Y81.465 E1181.90708
G1 X31.925 Y82.256 E1181.93899
G1 X31.257 Y82.957 E1181.9712
G1 X30.472 Y83.539 E1182.0037
G0 F11250 X30.221 Y83.219
G1 F2250 X29.476 Y83.612 E1182.03172
G1 X28.614 Y83.902 E1182.06197
G1 X27.723 Y84.044 E1182.09198
G1 X26.82 Y84.044 E1182.12201
G1 X25.932 Y83.901 E1182.15192
G1 X25.071 Y83.614 E1182.18211
G1 X24.282 Y83.197 E1182.21179
G1 X23.555 Y82.654 E1182.24197
G1 X22.935 Y82.008 E1182.27175
G1 X22.422 Y81.26 E1182.30192
G1 X22.033 Y80.448 E1182.33187
G1 X21.785 Y79.583 E1182.3618
G1 X21.674 Y78.683 E1182.39196
G1 X21.719 Y77.756 E1182.42283
G1 X21.901 Y76.875 E1182.45275
G1 X22.213 Y76.055 E1182.48193
G1 X22.659 Y75.284 E1182.51155
G1 X23.202 Y74.616 E1182.54018
G1 X23.903 Y73.984 E1182.57158
G1 X24.669 Y73.498 E1182.60175
G1 X25.503 Y73.143 E1182.6319
G1 X26.326 Y72.944 E1182.66006
G1 X27.271 Y72.857 E1182.69162
G1 X28.178 Y72.936 E1182.7219
G1 X29.005 Y73.135 E1182.75019
G1 X29.873 Y73.497 E1182.78147
G1 X30.638 Y73.983 E1182.81162
G1 X31.311 Y74.577 E1182.84147
G1 X31.883 Y75.279 E1182.87159
G1 X32.33 Y76.053 E1182.90132
G1 X32.654 Y76.905 E1182.93164
G1 X32.834 Y77.779 E1182.96132
G1 X32.87 Y78.684 E1182.99144
G1 X32.758 Y79.598 E1183.02207
G1 X32.514 Y80.434 E1183.05103
G1 X32.138 Y81.227 E1183.08022
G1 X31.613 Y82.002 E1183.11136
G1 X30.99 Y82.656 E1183.1414
G1 X30.221 Y83.219 E1183.1731
G1 F2700 E1178.1731
G0 F11250 X30.36 Y83.486
G0 X19.858 Y101.98
G0 X16.76 Y112.064
G1 F2700 E1183.1731
G1 F2250 X16.739 Y111.401 E1183.19516
G1 X19.125 Y102.499 E1183.50169
G1 X19.297 Y102.162 E1183.51428
G1 X19.622 Y101.854 E1183.52917
G1 X19.92 Y101.689 E1183.5405
G1 X20.215 Y101.606 E1183.55069
G1 X20.488 Y101.588 E1183.55979
G1 X20.803 Y101.634 E1183.57038
G1 X24.834 Y102.702 E1183.70908
G1 X34.959 Y82.31 E1184.46632
G1 X35.246 Y81.691 E1184.48902
G1 X35.477 Y81.039 E1184.51202
G1 X35.665 Y80.338 E1184.53616
G1 X47.88 Y26.873 E1186.36023
G1 X48.003 Y26.107 E1186.38604
G1 X48.025 Y25.371 E1186.41053
G1 X47.945 Y24.639 E1186.43502
G1 X47.775 Y23.924 E1186.45946
G1 X47.511 Y23.239 E1186.48388
G1 X47.156 Y22.59 E1186.50848
G1 X46.713 Y21.987 E1186.53337
G1 X46.212 Y21.463 E1186.55748
G1 X45.629 Y20.995 E1186.58235
G1 X45.005 Y20.62 E1186.60656
G1 X44.334 Y20.329 E1186.63089
G1 X43.607 Y20.12 E1186.65605
G1 X42.893 Y20.015 E1186.68005
G1 X42.151 Y20.002 E1186.70473
G1 X41.419 Y20.088 E1186.72925
G1 X40.697 Y20.271 E1186.75402
G1 X40.023 Y20.539 E1186.77815
G1 X39.371 Y20.904 E1186.803
G1 X38.788 Y21.343 E1186.82727
G1 X38.259 Y21.863 E1186.85194
G1 X37.801 Y22.449 E1186.87668
G1 X37.435 Y23.074 E1186.90077
G1 X37.132 Y23.791 E1186.92666
G1 X7.684 Y108.7 E1189.91577
G1 X7.684 Y112.064 E1190.02765
G1 X16.76 Y112.064 E1190.32952
G0 F11250 X17.547 Y112.464
G1 F2250 X17.143 Y112.083 E1190.34799
G1 X17.126 Y111.505 E1190.36723
G1 X19.499 Y102.66 E1190.67181
G1 X19.665 Y102.36 E1190.68322
G1 X19.856 Y102.178 E1190.69199
G1 X20.069 Y102.06 E1190.70009
G1 X20.536 Y101.977 E1190.71587
G1 X25.047 Y103.172 E1190.87108
G1 X35.32 Y82.482 E1191.63939
G1 X35.601 Y81.864 E1191.66197
G1 X35.611 Y81.859 E1191.66234
G1 X35.86 Y81.158 E1191.68708
G1 X36.049 Y80.454 E1191.71133
G1 X48.273 Y26.949 E1193.53676
G1 X48.402 Y26.145 E1193.56385
G1 X48.426 Y25.356 E1193.5901
G1 X48.34 Y24.571 E1193.61637
G1 X48.158 Y23.806 E1193.64252
G1 X47.874 Y23.07 E1193.66876
G1 X47.494 Y22.375 E1193.69511
G1 X47.02 Y21.729 E1193.72176
G1 X46.483 Y21.167 E1193.74761
G1 X45.858 Y20.667 E1193.77423
G1 X45.189 Y20.264 E1193.80021
G1 X44.469 Y19.952 E1193.82631
G1 X43.691 Y19.728 E1193.85323
G1 X42.926 Y19.615 E1193.87895
G1 X42.131 Y19.602 E1193.9054
G1 X41.347 Y19.694 E1193.93165
G1 X40.574 Y19.89 E1193.95818
G1 X39.851 Y20.177 E1193.98405
G1 X39.152 Y20.568 E1194.01069
G1 X38.527 Y21.04 E1194.03674
G1 X37.96 Y21.596 E1194.06315
G1 X37.469 Y22.224 E1194.08966
G1 X37.076 Y22.894 E1194.1155
G1 X36.759 Y23.647 E1194.14267
G1 X7.284 Y108.633 E1197.13449
G1 X7.284 Y112.464 E1197.26191
G1 X17.547 Y112.464 E1197.60326
G0 F11250 X17.525 Y112.543
G0 X19.841 Y112.864
G1 F2250 X17.933 Y112.344 E1197.66904
G1 X17.523 Y111.956 E1197.68781
G1 X17.512 Y111.608 E1197.69939
G1 X19.891 Y102.753 E1198.00436
G1 X19.976 Y102.611 E1198.00986
G1 X20.154 Y102.462 E1198.01758
G1 X20.283 Y102.409 E1198.02222
G1 X20.526 Y102.393 E1198.03032
G1 X25.26 Y103.642 E1198.19316
G1 X35.681 Y82.654 E1198.97254
G1 X35.964 Y82.034 E1198.9952
G1 X35.976 Y82.026 E1198.99568
G1 X36.242 Y81.277 E1199.02212
G1 X36.437 Y80.551 E1199.04712
G1 X48.666 Y27.025 E1200.87328
G1 X48.801 Y26.183 E1200.90164
G1 X48.826 Y25.34 E1200.92969
G1 X48.735 Y24.503 E1200.95769
G1 X48.541 Y23.687 E1200.98559
G1 X48.238 Y22.902 E1201.01358
G1 X47.832 Y22.159 E1201.04174
G1 X47.327 Y21.471 E1201.07012
G1 X46.753 Y20.872 E1201.09772
G1 X46.087 Y20.338 E1201.12611
G1 X45.372 Y19.907 E1201.15388
G1 X44.604 Y19.574 E1201.18172
G1 X43.776 Y19.336 E1201.21037
G1 X42.958 Y19.216 E1201.23787
G1 X42.111 Y19.201 E1201.26605
G1 X41.274 Y19.3 E1201.29408
G1 X40.45 Y19.508 E1201.32235
G1 X39.679 Y19.815 E1201.34995
G1 X38.933 Y20.232 E1201.37837
G1 X38.265 Y20.736 E1201.4062
G1 X37.661 Y21.329 E1201.43436
G1 X37.138 Y21.999 E1201.46263
G1 X36.718 Y22.714 E1201.49021
G1 X36.385 Y23.504 E1201.51872
G1 X6.884 Y108.566 E1204.51322
G1 X6.884 Y112.864 E1204.65617
G1 X19.841 Y112.864 E1205.08712
G0 F11250 X20.757 Y112.979
G0 X20.931 Y113.264
;TYPE:WALL-OUTER
G1 F2250 X21.157 Y112.809 E1205.10402
G1 X18.039 Y111.958 E1205.21151
G1 X17.902 Y111.828 E1205.2178
G1 X17.898 Y111.712 E1205.22166
G1 X20.259 Y102.909 E1205.52479
G1 X20.434 Y102.779 E1205.53204
G1 X25.473 Y104.112 E1205.70541
G1 X36.043 Y82.826 E1206.49586
G1 X36.326 Y82.203 E1206.51862
G1 X36.341 Y82.194 E1206.51921
G1 X36.624 Y81.396 E1206.54737
G1 X36.835 Y80.606 E1206.57456
G1 X49.059 Y27.101 E1208.4
G1 X49.2 Y26.221 E1208.42964
G1 X49.227 Y25.324 E1208.45949
G1 X49.13 Y24.435 E1208.48923
G1 X48.924 Y23.568 E1208.51887
G1 X48.602 Y22.733 E1208.54864
G1 X48.17 Y21.944 E1208.57856
G1 X47.634 Y21.213 E1208.60871
G1 X47.024 Y20.576 E1208.63804
G1 X46.317 Y20.009 E1208.66818
G1 X45.556 Y19.551 E1208.69772
G1 X44.74 Y19.197 E1208.72731
G1 X43.861 Y18.944 E1208.75773
G1 X42.991 Y18.816 E1208.78698
G1 X42.091 Y18.801 E1208.81692
G1 X41.201 Y18.906 E1208.84672
G1 X40.326 Y19.127 E1208.87674
G1 X39.507 Y19.453 E1208.90606
G1 X38.714 Y19.896 E1208.93627
G1 X38.003 Y20.432 E1208.96589
G1 X37.362 Y21.062 E1208.99578
G1 X36.806 Y21.773 E1209.0258
G1 X36.36 Y22.534 E1209.05514
G1 X36.011 Y23.36 E1209.08496
G1 X6.484 Y108.498 E1212.08213
G1 X6.484 Y113.264 E1212.24064
G1 X20.931 Y113.264 E1212.72115
G1 F2700 E1207.72115
G0 F11250 X20.757 Y112.979
G0 X17.571 Y112.066
G0 X20.141 Y102.468
G0 X30.48 Y83.411
G0 X30.06 Y82.849
G1 F2700 E1212.72115
G1 F2250 X29.3 Y83.25 E1212.74973
G1 X28.504 Y83.514 E1212.77763
G1 X27.704 Y83.642 E1212.80457
G1 X26.84 Y83.642 E1212.83331
G1 X26.012 Y83.506 E1212.86122
G1 X25.231 Y83.245 E1212.88861
G1 X24.484 Y82.849 E1212.91673
G1 X23.811 Y82.343 E1212.94473
G1 X23.235 Y81.738 E1212.97252
G1 X22.763 Y81.047 E1213.00035
G1 X22.403 Y80.288 E1213.02829
G1 X22.177 Y79.489 E1213.05591
G1 X22.077 Y78.685 E1213.08285
G1 X22.115 Y77.812 E1213.11192
G1 X22.271 Y77.032 E1213.13837
G1 X22.582 Y76.215 E1213.16745
G1 X22.982 Y75.523 E1213.19403
G1 X23.512 Y74.869 E1213.22203
G1 X24.16 Y74.295 E1213.25082
G1 X24.869 Y73.847 E1213.27872
G1 X25.644 Y73.521 E1213.30668
G1 X26.451 Y73.328 E1213.33428
G1 X27.289 Y73.26 E1213.36224
G1 X28.113 Y73.33 E1213.38975
G1 X28.917 Y73.526 E1213.41727
G1 X29.675 Y73.847 E1213.44465
G1 X30.409 Y74.314 E1213.47359
G1 X31.032 Y74.869 E1213.50134
G1 X31.562 Y75.523 E1213.52934
G1 X31.962 Y76.215 E1213.55592
G1 X32.264 Y77.005 E1213.58405
G1 X32.436 Y77.844 E1213.61254
G1 X32.467 Y78.684 E1213.64049
G1 X32.368 Y79.509 E1213.66813
G1 X32.137 Y80.3 E1213.69554
G1 X31.78 Y81.049 E1213.72314
G1 X31.309 Y81.738 E1213.75089
G1 X30.712 Y82.365 E1213.77969
G1 X30.06 Y82.849 E1213.8067
G0 F11250 X30.48 Y83.411
G0 X31.567 Y83.311
;TYPE:FILL
G1 F4500 X33.44 Y85.185 E1213.89482
G0 F11250 X33.169 Y85.731
G1 F4500 X13.949 Y90.881 E1214.55663
G0 F11250 X13.879 Y91.08
G1 F4500 X24.996 Y102.196 E1215.07952
G0 F11250 X26.055 Y100.061
G1 F4500 X20.594 Y101.524 E1215.26756
G0 F11250 X19.563 Y101.8
G1 F4500 X9.199 Y104.577 E1215.62442
G0 F11250 X9.509 Y103.68
G1 F4500 X16.778 Y110.949 E1215.96634
G0 F11250 X17.41 Y108.589
G1 F4500 X7.764 Y111.174 E1216.29848
G0 F11250 X7.764 Y110.42
G1 F4500 X9.327 Y111.984 E1216.37203
G0 F11250 X13.055 Y111.985
G1 F4500 X21.345 Y81.048 E1217.4373
G0 F11250 X22.066 Y82.296
G1 F4500 X18.25 Y78.48 E1217.61679
G0 F11250 X18.699 Y77.185
G1 F4500 X21.084 Y76.546 E1217.69891
G0 F11250 X22.429 Y74.173
G1 F4500 X20.435 Y72.179 E1217.7927
G0 F11250 X21.074 Y70.337
G1 F4500 X38.962 Y65.544 E1218.40865
G0 F11250 X39.017 Y65.306
G1 F4500 X26.99 Y53.278 E1218.97439
G0 F11250 X25.824 Y56.641
G1 F4500 X41.986 Y52.311 E1219.53089
G0 F11250 X42.174 Y51.492
G1 F4500 X31.36 Y40.678 E1220.03955
G0 F11250 X30.574 Y42.945
G1 F4500 X45.01 Y39.077 E1220.53663
G1 X44.991 Y39.163
G1 X31.743 Y88.605 E1222.23909
G0 F11250 X30.626 Y90.855
G1 F4500 X23.425 Y83.655 E1222.57778
G0 F11250 X22.183 Y82.463
G1 F4500 X16.324 Y84.033 E1222.77952
G0 F11250 X16.065 Y84.78
G1 F4500 X27.811 Y96.526 E1223.33202
G0 F11250 X29.612 Y92.896
G1 F4500 X11.574 Y97.73 E1223.95314
G0 F11250 X11.694 Y97.38
G1 F4500 X18.571 Y104.257 E1224.27661
G0 F11250 X19.858 Y101.98
G0 X21.979 Y101.863
G1 F4500 X26.527 Y84.887 E1224.86115
G0 F11250 X29.564 Y83.836
G0 X30.396 Y83.399
G0 X31.148 Y82.835
G0 X31.675 Y82.285
G0 X33.67 Y79.386
G1 F4500 X35.938 Y78.778 E1224.93924
G0 F11250 X35.861 Y79.12
G1 F4500 X33.528 Y76.788 E1225.04896
G0 F11250 X31.659 Y73.713
G1 F4500 X37.45 Y72.161 E1225.24836
G1 X37.439 Y72.213
G1 X24.805 Y59.579 E1225.84263
G0 F11250 X23.449 Y63.489
G1 F4500 X40.474 Y58.928 E1226.42885
G0 F11250 X40.596 Y58.399
G1 F4500 X29.175 Y46.979 E1226.96603
G0 F11250 X28.199 Y49.793
G1 F4500 X43.498 Y45.694 E1227.49283
G0 F11250 X43.752 Y44.585
G1 F4500 X33.545 Y34.378 E1227.97293
G0 F11250 X32.949 Y36.097
G1 F4500 X46.522 Y32.46 E1228.4403
G0 F11250 X46.909 Y30.771
G1 F4500 X38.202 Y22.065 E1228.84983
G0 F11250 X38.005 Y22.319
G1 F4500 X44.629 Y20.544 E1229.07792
G0 F11250 X43.841 Y20.271
G1 F4500 X29.839 Y72.528 E1230.8773
G0 F11250 X28.966 Y72.225
G1 F4500 X22.62 Y65.879 E1231.1758
G0 F11250 X23.436 Y73.243
G1 F4500 X34.885 Y30.514 E1232.6471
G0 F11250 X35.324 Y29.249
G1 F4500 X47.929 Y25.872 E1233.08113
G0 F11250 X46.454 Y21.831
G1 F4500 X46.093 Y21.47 E1233.09811
G0 F11250 X35.73 Y28.078
G1 F4500 X45.33 Y37.678 E1233.54967
G1 F2700 E1228.54967
;MESH:NONMESH
G0 F300 X45.33 Y37.678 Z3.6
G0 F11250 X32.736 Y80.534
G0 X32.409 Y81.221
G0 X30.694 Y83.873
;TIME_ELAPSED:1314.615799
;LAYER:17
;TYPE:WALL-INNER
;MESH:Sperrklinke
G1 F2700 E1233.54967
G1 F2250 X29.787 Y84.353 E1233.5838
G1 X28.806 Y84.681 E1233.6182
G1 X27.788 Y84.844 E1233.65249
G1 X26.755 Y84.844 E1233.68685
G1 X25.738 Y84.681 E1233.72111
G1 X24.77 Y84.353 E1233.7551
G1 X23.858 Y83.879 E1233.78928
G1 X23.025 Y83.256 E1233.82388
G1 X22.307 Y82.507 E1233.85839
G1 X21.728 Y81.663 E1233.89243
G1 X21.282 Y80.729 E1233.92686
G1 X20.999 Y79.742 E1233.96101
G1 X20.872 Y78.717 E1233.99536
G1 X20.918 Y77.686 E1234.02969
G1 X21.117 Y76.687 E1234.06357
G1 X21.484 Y75.718 E1234.09803
G1 X21.996 Y74.831 E1234.13209
G1 X22.652 Y74.026 E1234.16663
G1 X23.422 Y73.342 E1234.20089
G1 X24.296 Y72.787 E1234.23532
G1 X25.25 Y72.382 E1234.26979
G1 X26.247 Y72.141 E1234.30391
G1 X27.268 Y72.054 E1234.33799
G1 X28.309 Y72.146 E1234.37275
G1 X29.302 Y72.389 E1234.40675
G1 X30.246 Y72.786 E1234.44081
G1 X31.122 Y73.342 E1234.47532
G1 X31.892 Y74.026 E1234.50958
G1 X32.545 Y74.827 E1234.54395
G1 X33.057 Y75.714 E1234.57801
G1 X33.425 Y76.682 E1234.61246
G1 X33.63 Y77.676 E1234.64621
G1 X33.672 Y78.705 E1234.68047
G1 X33.552 Y79.733 E1234.71489
G1 X33.256 Y80.743 E1234.7499
G1 X32.817 Y81.663 E1234.7838
G1 X32.235 Y82.511 E1234.81801
G1 X31.52 Y83.26 E1234.85245
G1 X30.694 Y83.873 E1234.88666
G0 F11250 X30.472 Y83.539
G1 F2250 X29.633 Y83.983 E1234.91823
G1 X28.713 Y84.291 E1234.9505
G1 X27.755 Y84.444 E1234.98277
G1 X26.788 Y84.444 E1235.01493
G1 X25.836 Y84.291 E1235.047
G1 X24.924 Y83.984 E1235.07901
G1 X24.07 Y83.539 E1235.11104
G1 X23.295 Y82.96 E1235.14321
G1 X22.62 Y82.257 E1235.17563
G1 X22.074 Y81.462 E1235.2077
G1 X21.656 Y80.583 E1235.24008
G1 X21.393 Y79.666 E1235.27181
G1 X21.273 Y78.701 E1235.30415
G1 X21.324 Y77.692 E1235.33775
G1 X21.502 Y76.799 E1235.36804
G1 X21.849 Y75.885 E1235.40055
G1 X22.328 Y75.057 E1235.43237
G1 X22.944 Y74.3 E1235.46483
G1 X23.665 Y73.661 E1235.49687
G1 X24.477 Y73.145 E1235.52887
G1 X25.375 Y72.764 E1235.56132
G1 X26.31 Y72.537 E1235.59332
G1 X27.271 Y72.456 E1235.6254
G1 X28.241 Y72.537 E1235.65777
G1 X29.17 Y72.764 E1235.68958
G1 X30.067 Y73.145 E1235.72199
G1 X30.879 Y73.661 E1235.75399
G1 X31.603 Y74.303 E1235.78617
G1 X32.211 Y75.049 E1235.81818
G1 X32.693 Y75.883 E1235.85022
G1 X33.04 Y76.794 E1235.88265
G1 X33.231 Y77.725 E1235.91426
G1 X33.271 Y78.697 E1235.94661
G1 X33.149 Y79.687 E1235.97979
G1 X32.891 Y80.568 E1236.01032
G1 X32.468 Y81.465 E1236.04331
G1 X31.925 Y82.256 E1236.07522
G1 X31.257 Y82.957 E1236.10742
G1 X30.472 Y83.539 E1236.13993
G0 F11250 X30.221 Y83.219
G1 F2250 X29.476 Y83.612 E1236.16794
G1 X28.614 Y83.902 E1236.19819
G1 X27.723 Y84.044 E1236.2282
G1 X26.82 Y84.044 E1236.25823
G1 X25.931 Y83.901 E1236.28818
G1 X25.077 Y83.615 E1236.31814
G1 X24.282 Y83.198 E1236.34799
G1 X23.555 Y82.654 E1236.3782
G1 X22.935 Y82.008 E1236.40798
G1 X22.422 Y81.26 E1236.43814
G1 X22.033 Y80.448 E1236.46809
G1 X21.785 Y79.583 E1236.49802
G1 X21.674 Y78.683 E1236.52818
G1 X21.719 Y77.756 E1236.55905
G1 X21.901 Y76.875 E1236.58897
G1 X22.213 Y76.055 E1236.61815
G1 X22.659 Y75.284 E1236.64777
G1 X23.202 Y74.616 E1236.67641
G1 X23.903 Y73.984 E1236.7078
G1 X24.669 Y73.498 E1236.73797
G1 X25.503 Y73.143 E1236.76812
G1 X26.326 Y72.944 E1236.79628
G1 X27.271 Y72.857 E1236.82784
G1 X28.178 Y72.936 E1236.85813
G1 X29.005 Y73.135 E1236.88642
G1 X29.873 Y73.497 E1236.9177
G1 X30.638 Y73.983 E1236.94784
G1 X31.311 Y74.577 E1236.9777
G1 X31.883 Y75.279 E1237.00782
G1 X32.33 Y76.053 E1237.03754
G1 X32.654 Y76.905 E1237.06786
G1 X32.834 Y77.779 E1237.09754
G1 X32.87 Y78.684 E1237.12766
G1 X32.758 Y79.598 E1237.15829
G1 X32.514 Y80.434 E1237.18726
G1 X32.138 Y81.227 E1237.21645
G1 X31.613 Y82.002 E1237.24758
G1 X30.99 Y82.656 E1237.27762
G1 X30.221 Y83.219 E1237.30932
G1 F2700 E1232.30932
G0 F11250 X30.36 Y83.486
G0 X19.877 Y101.912
G0 X16.742 Y112.064
G1 F2700 E1237.30932
G1 F2250 X16.723 Y111.47 E1237.32909
G1 X19.137 Y102.461 E1237.6393
G1 X19.305 Y102.101 E1237.65251
G1 X19.639 Y101.785 E1237.66781
G1 X19.937 Y101.62 E1237.67914
G1 X20.234 Y101.538 E1237.68938
G1 X20.506 Y101.52 E1237.69845
G1 X20.824 Y101.568 E1237.70915
G1 X24.86 Y102.654 E1237.84816
G1 X34.959 Y82.31 E1238.60359
G1 X35.246 Y81.691 E1238.62628
G1 X35.477 Y81.039 E1238.64929
G1 X35.665 Y80.338 E1238.67343
G1 X47.88 Y26.873 E1240.4975
G1 X48.003 Y26.107 E1240.5233
G1 X48.025 Y25.371 E1240.54779
G1 X47.945 Y24.639 E1240.57228
G1 X47.775 Y23.924 E1240.59673
G1 X47.511 Y23.239 E1240.62115
G1 X47.156 Y22.59 E1240.64575
G1 X46.713 Y21.987 E1240.67064
G1 X46.212 Y21.463 E1240.69475
G1 X45.629 Y20.995 E1240.71961
G1 X45.005 Y20.62 E1240.74383
G1 X44.334 Y20.329 E1240.76815
G1 X43.607 Y20.12 E1240.79331
G1 X42.893 Y20.015 E1240.81732
G1 X42.151 Y20.002 E1240.842
G1 X41.419 Y20.088 E1240.86651
G1 X40.697 Y20.271 E1240.89129
G1 X40.023 Y20.539 E1240.91541
G1 X39.371 Y20.904 E1240.94026
G1 X38.788 Y21.343 E1240.96454
G1 X38.259 Y21.863 E1240.98921
G1 X37.801 Y22.449 E1241.01395
G1 X37.435 Y23.074 E1241.03803
G1 X37.132 Y23.791 E1241.06392
G1 X7.684 Y108.7 E1244.05303
G1 X7.684 Y112.064 E1244.16492
G1 X16.742 Y112.064 E1244.46619
G0 F11250 X17.458 Y112.463
G1 F2250 X17.128 Y112.153 E1244.48125
G1 X17.11 Y111.573 E1244.50055
G1 X19.493 Y102.661 E1244.80738
G1 X19.682 Y102.291 E1244.8212
G1 X19.873 Y102.109 E1244.82997
G1 X20.194 Y101.955 E1244.84181
G1 X20.632 Y101.93 E1244.8564
G1 X25.072 Y103.125 E1245.00933
G1 X35.32 Y82.482 E1245.77587
G1 X35.601 Y81.864 E1245.79845
G1 X35.611 Y81.859 E1245.79883
G1 X35.86 Y81.158 E1245.82357
G1 X36.049 Y80.454 E1245.84781
G1 X48.273 Y26.949 E1247.67325
G1 X48.402 Y26.145 E1247.70033
G1 X48.426 Y25.356 E1247.72659
G1 X48.34 Y24.571 E1247.75285
G1 X48.158 Y23.806 E1247.77901
G1 X47.874 Y23.07 E1247.80524
G1 X47.494 Y22.375 E1247.83159
G1 X47.02 Y21.729 E1247.85824
G1 X46.483 Y21.167 E1247.88409
G1 X45.858 Y20.667 E1247.91071
G1 X45.189 Y20.264 E1247.93669
G1 X44.469 Y19.952 E1247.96279
G1 X43.691 Y19.728 E1247.98972
G1 X42.926 Y19.615 E1248.01544
G1 X42.131 Y19.602 E1248.04188
G1 X41.347 Y19.694 E1248.06814
G1 X40.574 Y19.89 E1248.09466
G1 X39.851 Y20.177 E1248.12053
G1 X39.152 Y20.568 E1248.14717
G1 X38.527 Y21.04 E1248.17322
G1 X37.96 Y21.596 E1248.19963
G1 X37.469 Y22.224 E1248.22615
G1 X37.076 Y22.894 E1248.25198
G1 X36.759 Y23.647 E1248.27916
G1 X7.284 Y108.633 E1251.27098
G1 X7.284 Y112.464 E1251.3984
G1 X17.458 Y112.463 E1251.73679
G0 F11250 X17.424 Y112.586
G0 X19.588 Y112.863
G1 F2250 X17.918 Y112.412 E1251.79432
G1 X17.507 Y112.025 E1251.8131
G1 X17.496 Y111.676 E1251.82471
G1 X19.907 Y102.685 E1252.13432
G1 X20.048 Y102.483 E1252.14251
G1 X20.3 Y102.341 E1252.15213
G1 X20.523 Y102.315 E1252.1596
G1 X25.285 Y103.596 E1252.32361
G1 X35.681 Y82.654 E1253.10125
G1 X35.964 Y82.034 E1253.12392
G1 X35.976 Y82.026 E1253.1244
G1 X36.242 Y81.277 E1253.15083
G1 X36.437 Y80.551 E1253.17584
G1 X48.666 Y27.025 E1255.00199
G1 X48.801 Y26.183 E1255.03035
G1 X48.826 Y25.34 E1255.0584
G1 X48.735 Y24.503 E1255.08641
G1 X48.541 Y23.687 E1255.1143
G1 X48.238 Y22.902 E1255.14229
G1 X47.832 Y22.159 E1255.17045
G1 X47.327 Y21.471 E1255.19884
G1 X46.753 Y20.872 E1255.22643
G1 X46.087 Y20.338 E1255.25482
G1 X45.372 Y19.907 E1255.28259
G1 X44.604 Y19.574 E1255.31043
G1 X43.776 Y19.336 E1255.33909
G1 X42.958 Y19.216 E1255.36658
G1 X42.111 Y19.201 E1255.39476
G1 X41.274 Y19.3 E1255.42279
G1 X40.45 Y19.508 E1255.45106
G1 X39.679 Y19.815 E1255.47866
G1 X38.933 Y20.232 E1255.50709
G1 X38.265 Y20.736 E1255.53492
G1 X37.661 Y21.329 E1255.56307
G1 X37.138 Y21.999 E1255.59134
G1 X36.718 Y22.714 E1255.61892
G1 X36.385 Y23.504 E1255.64744
G1 X6.884 Y108.566 E1258.64193
G1 X6.884 Y112.864 E1258.78488
G1 X19.588 Y112.863 E1259.20742
G0 F11250 X20.757 Y112.979
G0 X20.931 Y113.263
;TYPE:WALL-OUTER
G1 F2250 X21.132 Y112.856 E1259.22252
G1 X19.359 Y112.389 E1259.2835
G1 X18.023 Y112.026 E1259.32954
G1 X17.886 Y111.897 E1259.3358
G1 X17.882 Y111.78 E1259.3397
G1 X20.275 Y102.841 E1259.64748
G1 X20.45 Y102.711 E1259.65473
G1 X25.497 Y104.068 E1259.82855
G1 X36.043 Y82.826 E1260.61735
G1 X36.326 Y82.203 E1260.6401
G1 X36.341 Y82.194 E1260.64069
G1 X36.624 Y81.396 E1260.66885
G1 X36.835 Y80.606 E1260.69604
G1 X49.059 Y27.101 E1262.52148
G1 X49.2 Y26.221 E1262.55112
G1 X49.227 Y25.324 E1262.58097
G1 X49.13 Y24.435 E1262.61071
G1 X48.924 Y23.568 E1262.64035
G1 X48.602 Y22.733 E1262.67012
G1 X48.17 Y21.944 E1262.70004
G1 X47.634 Y21.213 E1262.73019
G1 X47.024 Y20.576 E1262.75952
G1 X46.317 Y20.009 E1262.78966
G1 X45.556 Y19.551 E1262.81921
G1 X44.74 Y19.197 E1262.84879
G1 X43.861 Y18.944 E1262.87921
G1 X42.991 Y18.816 E1262.90846
G1 X42.091 Y18.801 E1262.9384
G1 X41.201 Y18.906 E1262.96821
G1 X40.326 Y19.127 E1262.99822
G1 X39.507 Y19.453 E1263.02754
G1 X38.714 Y19.896 E1263.05775
G1 X38.003 Y20.432 E1263.08737
G1 X37.362 Y21.062 E1263.11726
G1 X36.806 Y21.773 E1263.14728
G1 X36.36 Y22.534 E1263.17662
G1 X36.011 Y23.36 E1263.20644
G1 X6.484 Y108.498 E1266.20361
G1 X6.484 Y113.264 E1266.36213
G1 X20.931 Y113.263 E1266.84263
G1 F2700 E1261.84263
G0 F11250 X20.757 Y112.979
G0 X17.553 Y112.132
G0 X20.16 Y102.401
G0 X30.48 Y83.411
G0 X30.06 Y82.849
G1 F2700 E1266.84263
G1 F2250 X29.3 Y83.25 E1266.87121
G1 X28.504 Y83.514 E1266.89911
G1 X27.704 Y83.642 E1266.92605
G1 X26.84 Y83.642 E1266.95479
G1 X26.012 Y83.506 E1266.9827
G1 X25.231 Y83.245 E1267.01009
G1 X24.484 Y82.849 E1267.03821
G1 X23.811 Y82.343 E1267.06621
G1 X23.235 Y81.738 E1267.094
G1 X22.763 Y81.047 E1267.12183
G1 X22.403 Y80.288 E1267.14977
G1 X22.177 Y79.489 E1267.17739
G1 X22.077 Y78.685 E1267.20433
G1 X22.115 Y77.812 E1267.2334
G1 X22.271 Y77.032 E1267.25986
G1 X22.582 Y76.215 E1267.28893
G1 X22.982 Y75.523 E1267.31552
G1 X23.512 Y74.869 E1267.34351
G1 X24.16 Y74.295 E1267.37231
G1 X24.869 Y73.847 E1267.4002
G1 X25.644 Y73.521 E1267.42816
G1 X26.451 Y73.328 E1267.45576
G1 X27.289 Y73.26 E1267.48373
G1 X28.113 Y73.33 E1267.51123
G1 X28.917 Y73.526 E1267.53876
G1 X29.675 Y73.847 E1267.56613
G1 X30.409 Y74.314 E1267.59507
G1 X31.032 Y74.869 E1267.62282
G1 X31.562 Y75.523 E1267.65082
G1 X31.962 Y76.215 E1267.6774
G1 X32.264 Y77.005 E1267.70553
G1 X32.436 Y77.844 E1267.73402
G1 X32.467 Y78.684 E1267.76198
G1 X32.368 Y79.509 E1267.78961
G1 X32.137 Y80.3 E1267.81702
G1 X31.78 Y81.049 E1267.84462
G1 X31.309 Y81.738 E1267.87238
G1 X30.712 Y82.365 E1267.90117
G1 X30.06 Y82.849 E1267.92818
G0 F11250 X30.48 Y83.411
G0 X31.671 Y83.217
;TYPE:FILL
G1 F4500 X33.507 Y85.052 E1268.01452
G0 F11250 X33.086 Y85.9
G1 F4500 X13.893 Y91.042 E1268.67539
G1 X13.931 Y90.932
G1 X25.063 Y102.064 E1269.199
G0 F11250 X25.973 Y100.229
G1 F4500 X21.054 Y101.547 E1269.36838
G0 F11250 X21.86 Y101.763
G1 F4500 X26.387 Y84.865 E1269.95023
G0 F11250 X24.025 Y84.056
G1 F4500 X30.692 Y90.723 E1270.26383
G0 F11250 X31.425 Y89.247
G1 F4500 X45.836 Y35.464 E1272.11576
G0 F11250 X45.368 Y37.516
G1 F4500 X35.782 Y27.93 E1272.56665
G0 F11250 X35.269 Y29.41
G1 F4500 X47.925 Y26.019 E1273.00244
G0 F11250 X46.946 Y30.609
G1 F4500 X38.289 Y21.952 E1273.40964
G0 F11250 X37.862 Y22.503
G1 F4500 X44.837 Y20.634 E1273.64981
G0 F11250 X43.706 Y20.232
G1 F4500 X29.708 Y72.473 E1275.44865
G0 F11250 X29.23 Y72.29
G1 F4500 X22.671 Y65.731 E1275.75717
G0 F11250 X23.393 Y63.65
G1 F4500 X40.439 Y59.083 E1276.34412
G0 F11250 X40.633 Y58.237
G1 F4500 X29.226 Y46.83 E1276.88067
G0 F11250 X28.143 Y49.954
G1 F4500 X43.463 Y45.849 E1277.40819
G0 F11250 X43.79 Y44.423
G1 F4500 X33.597 Y34.23 E1277.88763
G0 F11250 X34.243 Y32.365
G1 F4500 X23.251 Y73.387 E1279.30016
G0 F11250 X22.519 Y74.064
G1 F4500 X20.486 Y72.031 E1279.39579
G0 F11250 X21.018 Y70.498
G1 F4500 X38.927 Y65.7 E1280.01245
G0 F11250 X39.055 Y65.144
G1 F4500 X27.041 Y53.131 E1280.57753
G0 F11250 X25.769 Y56.802
G1 F4500 X41.951 Y52.466 E1281.13473
G0 F11250 X42.211 Y51.33
G1 F4500 X31.411 Y40.53 E1281.64273
G0 F11250 X30.519 Y43.106
G1 F4500 X44.975 Y39.233 E1282.1405
G0 F11250 X46.487 Y32.616
G1 F4500 X32.893 Y36.258 E1282.60858
G0 F11250 X24.856 Y59.431
G1 F4500 X37.477 Y72.051 E1283.20221
G0 F11250 X37.415 Y72.316
G1 F4500 X31.786 Y73.825 E1283.39604
G0 F11250 X33.443 Y76.503
G1 F4500 X35.898 Y78.958 E1283.51152
G1 X35.903 Y78.933
G1 X33.65 Y79.537 E1283.5891
G0 F11250 X31.799 Y82.156
G0 X31.148 Y82.835
G0 X30.396 Y83.399
G0 X29.564 Y83.836
G0 X28.672 Y84.134
G0 X27.743 Y84.285
G0 X26.804 Y84.285
G0 X25.877 Y84.134
G0 X25.153 Y83.893
G0 X22.279 Y82.584
G1 F4500 X16.268 Y84.194 E1283.79607
G0 F11250 X16.116 Y84.631
G1 F4500 X27.878 Y96.394 E1284.34934
G0 F11250 X29.529 Y93.064
G1 F4500 X11.518 Y97.89 E1284.96952
G0 F11250 X11.746 Y97.232
G1 F4500 X18.613 Y104.1 E1285.29255
G0 F11250 X19.293 Y102.019
G1 F4500 X9.143 Y104.739 E1285.64205
G0 F11250 X9.561 Y103.532
G1 F4500 X16.822 Y110.794 E1285.98361
G0 F11250 X17.369 Y108.746
G1 F4500 X7.764 Y111.32 E1286.31435
G0 F11250 X7.764 Y110.221
G1 F4500 X9.528 Y111.985 E1286.39732
G0 F11250 X12.909 Y111.985
G1 F4500 X21.252 Y80.849 E1287.46944
G0 F11250 X21.645 Y81.676
G1 F4500 X18.301 Y78.331 E1287.62676
G0 F11250 X18.643 Y77.346
G1 F4500 X21.031 Y76.707 E1287.70898
;MESH:NONMESH
G0 F300 X21.031 Y76.707 Z3.8
G0 F11250 X21.55 Y79.631
G0 X21.812 Y80.534
G0 X22.215 Y81.382
G0 X22.749 Y82.156
G0 X23.4 Y82.835
G0 X24.152 Y83.399
G0 X24.984 Y83.836
G0 X25.877 Y84.134
G0 X26.804 Y84.285
G0 X27.564 Y84.285
G0 X30.691 Y83.875
;TIME_ELAPSED:1363.035778
;LAYER:18
;TYPE:WALL-INNER
;MESH:Sperrklinke
G1 F2250 X29.79 Y84.352 E1287.74288
G1 X28.806 Y84.681 E1287.77739
G1 X27.788 Y84.844 E1287.81168
G1 X26.755 Y84.844 E1287.84604
G1 X25.738 Y84.681 E1287.8803
G1 X24.77 Y84.353 E1287.91429
G1 X23.858 Y83.879 E1287.94848
G1 X23.025 Y83.256 E1287.98307
G1 X22.307 Y82.507 E1288.01758
G1 X21.728 Y81.663 E1288.05162
G1 X21.282 Y80.729 E1288.08605
G1 X20.999 Y79.742 E1288.1202
G1 X20.872 Y78.717 E1288.15455
G1 X20.918 Y77.686 E1288.18888
G1 X21.117 Y76.687 E1288.22276
G1 X21.484 Y75.718 E1288.25722
G1 X21.996 Y74.831 E1288.29128
G1 X22.652 Y74.026 E1288.32582
G1 X23.422 Y73.342 E1288.36008
G1 X24.296 Y72.787 E1288.39451
G1 X25.25 Y72.382 E1288.42899
G1 X26.247 Y72.141 E1288.4631
G1 X27.268 Y72.054 E1288.49718
G1 X28.309 Y72.146 E1288.53194
G1 X29.302 Y72.389 E1288.56594
G1 X30.246 Y72.786 E1288.6
G1 X31.122 Y73.342 E1288.63451
G1 X31.892 Y74.026 E1288.66877
G1 X32.545 Y74.827 E1288.70314
G1 X33.057 Y75.714 E1288.73721
G1 X33.425 Y76.682 E1288.77165
G1 X33.63 Y77.676 E1288.80541
G1 X33.672 Y78.705 E1288.83966
G1 X33.552 Y79.733 E1288.87408
G1 X33.256 Y80.743 E1288.90909
G1 X32.817 Y81.663 E1288.94299
G1 X32.235 Y82.51 E1288.97717
G1 X31.525 Y83.257 E1289.01145
G1 X30.691 Y83.875 E1289.04598
G0 F11250 X30.472 Y83.539
G1 F2250 X29.633 Y83.983 E1289.07755
G1 X28.713 Y84.291 E1289.10982
G1 X27.756 Y84.444 E1289.14205
G1 X26.788 Y84.444 E1289.17425
G1 X25.836 Y84.291 E1289.20632
G1 X24.924 Y83.984 E1289.23832
G1 X24.07 Y83.539 E1289.27035
G1 X23.295 Y82.96 E1289.30253
G1 X22.62 Y82.257 E1289.33494
G1 X22.074 Y81.462 E1289.36702
G1 X21.656 Y80.583 E1289.39939
G1 X21.393 Y79.666 E1289.43112
G1 X21.273 Y78.701 E1289.46346
G1 X21.324 Y77.692 E1289.49707
G1 X21.502 Y76.799 E1289.52735
G1 X21.849 Y75.885 E1289.55987
G1 X22.328 Y75.057 E1289.59168
G1 X22.944 Y74.3 E1289.62415
G1 X23.665 Y73.661 E1289.65619
G1 X24.477 Y73.145 E1289.68819
G1 X25.375 Y72.764 E1289.72063
G1 X26.31 Y72.537 E1289.75263
G1 X27.271 Y72.456 E1289.78471
G1 X28.241 Y72.537 E1289.81708
G1 X29.17 Y72.764 E1289.84889
G1 X30.067 Y73.145 E1289.88131
G1 X30.879 Y73.661 E1289.91331
G1 X31.603 Y74.303 E1289.94549
G1 X32.211 Y75.049 E1289.9775
G1 X32.693 Y75.883 E1290.00954
G1 X33.04 Y76.794 E1290.04196
G1 X33.231 Y77.725 E1290.07357
G1 X33.271 Y78.697 E1290.10593
G1 X33.149 Y79.687 E1290.1391
G1 X32.891 Y80.568 E1290.16964
G1 X32.468 Y81.465 E1290.20262
G1 X31.925 Y82.256 E1290.23453
G1 X31.257 Y82.957 E1290.26674
G1 X30.472 Y83.539 E1290.29924
G0 F11250 X30.221 Y83.219
G1 F2250 X29.476 Y83.612 E1290.32726
G1 X28.614 Y83.902 E1290.35751
G1 X27.723 Y84.044 E1290.38751
G1 X26.82 Y84.044 E1290.41755
G1 X25.931 Y83.901 E1290.4475
G1 X25.077 Y83.615 E1290.47745
G1 X24.282 Y83.198 E1290.50731
G1 X23.555 Y82.654 E1290.53751
G1 X22.935 Y82.008 E1290.56729
G1 X22.422 Y81.26 E1290.59746
G1 X22.033 Y80.448 E1290.6274
G1 X21.785 Y79.583 E1290.65733
G1 X21.674 Y78.683 E1290.68749
G1 X21.719 Y77.756 E1290.71836
G1 X21.901 Y76.875 E1290.74828
G1 X22.213 Y76.055 E1290.77746
G1 X22.659 Y75.284 E1290.80709
G1 X23.202 Y74.616 E1290.83572
G1 X23.903 Y73.984 E1290.86711
G1 X24.669 Y73.498 E1290.89729
G1 X25.503 Y73.143 E1290.92743
G1 X26.326 Y72.944 E1290.9556
G1 X27.271 Y72.857 E1290.98716
G1 X28.178 Y72.936 E1291.01744
G1 X29.005 Y73.135 E1291.04573
G1 X29.873 Y73.497 E1291.07701
G1 X30.638 Y73.983 E1291.10716
G1 X31.311 Y74.577 E1291.13701
G1 X31.883 Y75.279 E1291.16713
G1 X32.33 Y76.053 E1291.19686
G1 X32.654 Y76.905 E1291.22718
G1 X32.834 Y77.779 E1291.25685
G1 X32.87 Y78.684 E1291.28698
G1 X32.758 Y79.598 E1291.31761
G1 X32.514 Y80.434 E1291.34657
G1 X32.138 Y81.227 E1291.37576
G1 X31.613 Y82.002 E1291.4069
G1 X30.99 Y82.656 E1291.43694
G1 X30.221 Y83.219 E1291.46864
G1 F2700 E1286.46864
G0 F11250 X30.36 Y83.486
G0 X19.892 Y101.857
G0 X16.725 Y112.064
G1 F2700 E1291.46864
G1 F2250 X16.707 Y111.521 E1291.48671
G1 X19.149 Y102.413 E1291.80034
G1 X19.272 Y102.149 E1291.81003
G1 X19.567 Y101.783 E1291.82566
G1 X19.95 Y101.572 E1291.84021
G1 X20.247 Y101.49 E1291.85045
G1 X20.52 Y101.472 E1291.85955
G1 X20.837 Y101.52 E1291.87022
G1 X24.88 Y102.609 E1292.00948
G1 X34.959 Y82.31 E1292.76327
G1 X35.246 Y81.691 E1292.78597
G1 X35.477 Y81.039 E1292.80897
G1 X35.665 Y80.338 E1292.83311
G1 X47.88 Y26.873 E1294.65718
G1 X48.003 Y26.107 E1294.68299
G1 X48.025 Y25.371 E1294.70748
G1 X47.945 Y24.639 E1294.73197
G1 X47.775 Y23.924 E1294.75641
G1 X47.511 Y23.239 E1294.78083
G1 X47.156 Y22.59 E1294.80543
G1 X46.713 Y21.987 E1294.83032
G1 X46.212 Y21.463 E1294.85443
G1 X45.629 Y20.995 E1294.8793
G1 X45.005 Y20.62 E1294.90351
G1 X44.334 Y20.329 E1294.92784
G1 X43.607 Y20.12 E1294.953
G1 X42.893 Y20.015 E1294.977
G1 X42.151 Y20.002 E1295.00168
G1 X41.419 Y20.088 E1295.0262
G1 X40.697 Y20.271 E1295.05097
G1 X40.023 Y20.539 E1295.0751
G1 X39.371 Y20.904 E1295.09995
G1 X38.788 Y21.343 E1295.12422
G1 X38.259 Y21.863 E1295.14889
G1 X37.801 Y22.449 E1295.17363
G1 X37.435 Y23.074 E1295.19772
G1 X37.132 Y23.791 E1295.22361
G1 X7.684 Y108.7 E1298.21272
G1 X7.684 Y112.064 E1298.3246
G1 X16.725 Y112.064 E1298.62531
G0 F11250 X17.391 Y112.465
G1 F2250 X17.113 Y112.206 E1298.63795
G1 X17.093 Y111.625 E1298.65728
G1 X19.527 Y102.544 E1298.96998
G1 X19.597 Y102.386 E1298.97573
G1 X19.785 Y102.144 E1298.98592
G1 X19.991 Y101.994 E1298.99439
G1 X20.311 Y101.884 E1299.00565
G1 X20.733 Y101.906 E1299.0197
G1 X25.092 Y103.081 E1299.16986
G1 X35.32 Y82.482 E1299.93479
G1 X35.601 Y81.864 E1299.95737
G1 X35.611 Y81.859 E1299.95774
G1 X35.86 Y81.158 E1299.98249
G1 X36.049 Y80.454 E1300.00673
G1 X48.273 Y26.949 E1301.83217
G1 X48.402 Y26.145 E1301.85925
G1 X48.426 Y25.356 E1301.8855
G1 X48.34 Y24.571 E1301.91177
G1 X48.158 Y23.806 E1301.93792
G1 X47.874 Y23.07 E1301.96416
G1 X47.494 Y22.375 E1301.99051
G1 X47.02 Y21.729 E1302.01716
G1 X46.483 Y21.167 E1302.04301
G1 X45.858 Y20.667 E1302.06963
G1 X45.189 Y20.264 E1302.09561
G1 X44.469 Y19.952 E1302.12171
G1 X43.691 Y19.728 E1302.14864
G1 X42.926 Y19.615 E1302.17436
G1 X42.131 Y19.602 E1302.2008
G1 X41.347 Y19.694 E1302.22706
G1 X40.574 Y19.89 E1302.25358
G1 X39.851 Y20.177 E1302.27945
G1 X39.152 Y20.568 E1302.30609
G1 X38.527 Y21.04 E1302.33214
G1 X37.96 Y21.596 E1302.35855
G1 X37.469 Y22.224 E1302.38507
G1 X37.076 Y22.894 E1302.4109
G1 X36.759 Y23.647 E1302.43807
G1 X7.284 Y108.633 E1305.4299
G1 X7.284 Y112.464 E1305.55732
G1 X17.391 Y112.465 E1305.89348
G0 F11250 X17.348 Y112.625
G0 X19.416 Y112.863
G1 F2250 X17.906 Y112.464 E1305.94542
G1 X17.492 Y112.078 E1305.96425
G1 X17.48 Y111.728 E1305.9759
G1 X19.919 Y102.637 E1306.28896
G1 X20.06 Y102.435 E1306.29715
G1 X20.183 Y102.345 E1306.30222
G1 X20.375 Y102.279 E1306.30897
G1 X20.629 Y102.292 E1306.31743
G1 X25.305 Y103.552 E1306.4785
G1 X35.681 Y82.654 E1307.25453
G1 X35.964 Y82.034 E1307.2772
G1 X35.976 Y82.026 E1307.27768
G1 X36.242 Y81.277 E1307.30412
G1 X36.437 Y80.551 E1307.32912
G1 X48.666 Y27.025 E1309.15527
G1 X48.801 Y26.183 E1309.18364
G1 X48.826 Y25.34 E1309.21169
G1 X48.735 Y24.503 E1309.23969
G1 X48.541 Y23.687 E1309.26759
G1 X48.238 Y22.902 E1309.29557
G1 X47.832 Y22.159 E1309.32374
G1 X47.327 Y21.471 E1309.35212
G1 X46.753 Y20.872 E1309.37971
G1 X46.087 Y20.338 E1309.40811
G1 X45.372 Y19.907 E1309.43587
G1 X44.604 Y19.574 E1309.46372
G1 X43.776 Y19.336 E1309.49237
G1 X42.958 Y19.216 E1309.51987
G1 X42.111 Y19.201 E1309.54804
G1 X41.274 Y19.3 E1309.57608
G1 X40.45 Y19.508 E1309.60434
G1 X39.679 Y19.815 E1309.63194
G1 X38.933 Y20.232 E1309.66037
G1 X38.265 Y20.736 E1309.6882
G1 X37.661 Y21.329 E1309.71635
G1 X37.138 Y21.999 E1309.74462
G1 X36.718 Y22.714 E1309.7722
G1 X36.385 Y23.504 E1309.80072
G1 X6.884 Y108.566 E1312.79521
G1 X6.884 Y112.864 E1312.93816
G1 X19.416 Y112.863 E1313.35498
G1 F2700 E1308.35498
G0 F11250 X20.735 Y113.06
G0 X20.931 Y113.263
;TYPE:WALL-OUTER
G1 F2700 E1313.35498
G1 F2250 X21.111 Y112.899 E1313.36849
G1 X18.008 Y112.078 E1313.47524
G1 X17.87 Y111.949 E1313.48153
G1 X17.866 Y111.832 E1313.48542
G1 X20.287 Y102.793 E1313.79666
G1 X20.462 Y102.663 E1313.80391
G1 X25.517 Y104.024 E1313.97802
G1 X36.043 Y82.826 E1314.76521
G1 X36.326 Y82.203 E1314.78797
G1 X36.341 Y82.194 E1314.78855
G1 X36.624 Y81.396 E1314.81671
G1 X36.835 Y80.606 E1314.84391
G1 X49.059 Y27.101 E1316.66934
G1 X49.2 Y26.221 E1316.69899
G1 X49.227 Y25.324 E1316.72883
G1 X49.13 Y24.435 E1316.75858
G1 X48.924 Y23.568 E1316.78822
G1 X48.602 Y22.733 E1316.81798
G1 X48.17 Y21.944 E1316.8479
G1 X47.634 Y21.213 E1316.87805
G1 X47.024 Y20.576 E1316.90738
G1 X46.317 Y20.009 E1316.93753
G1 X45.556 Y19.551 E1316.96707
G1 X44.74 Y19.197 E1316.99665
G1 X43.861 Y18.944 E1317.02708
G1 X42.991 Y18.816 E1317.05632
G1 X42.091 Y18.801 E1317.08626
G1 X41.201 Y18.906 E1317.11607
G1 X40.326 Y19.127 E1317.14608
G1 X39.507 Y19.453 E1317.1754
G1 X38.714 Y19.896 E1317.20562
G1 X38.003 Y20.432 E1317.23523
G1 X37.362 Y21.062 E1317.26512
G1 X36.806 Y21.773 E1317.29514
G1 X36.36 Y22.534 E1317.32448
G1 X36.011 Y23.36 E1317.35431
G1 X6.484 Y108.498 E1320.35147
G1 X6.484 Y113.264 E1320.50999
G1 X20.931 Y113.263 E1320.9905
G1 F2700 E1315.9905
G0 F11250 X20.735 Y113.06
G0 X17.538 Y112.189
G0 X20.174 Y102.348
G0 X30.48 Y83.411
G0 X30.06 Y82.849
G1 F2700 E1320.9905
G1 F2250 X29.3 Y83.25 E1321.01908
G1 X28.504 Y83.514 E1321.04697
G1 X27.704 Y83.642 E1321.07392
G1 X26.84 Y83.642 E1321.10265
G1 X26.012 Y83.506 E1321.13056
G1 X25.231 Y83.245 E1321.15795
G1 X24.484 Y82.849 E1321.18607
G1 X23.811 Y82.343 E1321.21408
G1 X23.235 Y81.738 E1321.24186
G1 X22.763 Y81.047 E1321.26969
G1 X22.403 Y80.288 E1321.29763
G1 X22.177 Y79.489 E1321.32525
G1 X22.077 Y78.685 E1321.3522
G1 X22.115 Y77.812 E1321.38126
G1 X22.271 Y77.032 E1321.40772
G1 X22.582 Y76.215 E1321.43679
G1 X22.982 Y75.523 E1321.46338
G1 X23.512 Y74.869 E1321.49138
G1 X24.16 Y74.295 E1321.52017
G1 X24.869 Y73.847 E1321.54806
G1 X25.644 Y73.521 E1321.57603
G1 X26.451 Y73.328 E1321.60363
G1 X27.289 Y73.26 E1321.63159
G1 X28.113 Y73.33 E1321.65909
G1 X28.917 Y73.526 E1321.68662
G1 X29.675 Y73.847 E1321.714
G1 X30.409 Y74.314 E1321.74293
G1 X31.032 Y74.869 E1321.77068
G1 X31.562 Y75.523 E1321.79868
G1 X31.962 Y76.215 E1321.82527
G1 X32.264 Y77.005 E1321.8534
G1 X32.436 Y77.844 E1321.88188
G1 X32.467 Y78.684 E1321.90984
G1 X32.368 Y79.509 E1321.93748
G1 X32.137 Y80.3 E1321.96488
G1 X31.78 Y81.049 E1321.99248
G1 X31.309 Y81.738 E1322.02024
G1 X30.712 Y82.365 E1322.04903
G1 X30.06 Y82.849 E1322.07604
G0 F11250 X30.48 Y83.411
G0 X31.77 Y83.114
;TYPE:FILL
G1 F4500 X33.573 Y84.918 E1322.16087
G0 F11250 X33.002 Y86.069
G1 F4500 X13.837 Y91.204 E1322.82079
G0 F11250 X13.982 Y90.783
G1 F4500 X25.128 Y101.929 E1323.34506
G0 F11250 X25.887 Y100.399
G1 F4500 X21.424 Y101.595 E1323.49874
G0 F11250 X21.735 Y101.678
G1 F4500 X26.247 Y84.842 E1324.07847
G0 F11250 X24.444 Y84.274
G1 F4500 X30.758 Y90.588 E1324.37546
G0 F11250 X31.107 Y89.887
G1 F4500 X46.687 Y31.738 E1326.37772
G0 F11250 X46.45 Y32.773
G1 F4500 X32.837 Y36.42 E1326.84646
G0 F11250 X33.597 Y34.229
G1 F4500 X23.058 Y73.558 E1328.2007
G0 F11250 X22.617 Y73.961
G1 F4500 X20.538 Y71.882 E1328.29849
G0 F11250 X20.962 Y70.66
G1 F4500 X38.891 Y65.856 E1328.91584
G0 F11250 X39.092 Y64.98
G1 F4500 X27.093 Y52.981 E1329.48024
G0 F11250 X28.087 Y50.116
G1 F4500 X43.426 Y46.006 E1330.00841
G0 F11250 X43.826 Y44.259
G1 F4500 X33.648 Y34.081 E1330.48715
G0 F11250 X35.213 Y29.572
G1 F4500 X47.912 Y26.169 E1330.92443
G0 F11250 X46.983 Y30.445
G1 F4500 X38.387 Y21.85 E1331.32873
G0 F11250 X37.76 Y22.678
G1 F4500 X45.033 Y20.729 E1331.57917
G0 F11250 X43.569 Y20.195
G1 F4500 X29.576 Y72.417 E1333.37735
G1 X29.546 Y72.405
G1 X22.723 Y65.582 E1333.69828
G0 F11250 X23.337 Y63.812
G1 F4500 X40.403 Y59.239 E1334.28593
G0 F11250 X40.67 Y58.073
G1 F4500 X29.278 Y46.681 E1334.82177
G0 F11250 X30.463 Y43.268
G1 F4500 X44.938 Y39.389 E1335.3202
G0 F11250 X45.405 Y37.352
G1 F4500 X35.833 Y27.781 E1335.77041
G0 F11250 X31.463 Y40.381
G1 F4500 X42.248 Y51.166 E1336.27771
G0 F11250 X41.915 Y52.623
G1 F4500 X25.713 Y56.964 E1336.83559
G0 F11250 X24.908 Y59.282
G1 F4500 X37.513 Y71.887 E1337.4285
G0 F11250 X37.379 Y72.473
G1 F4500 X31.907 Y73.939 E1337.61691
G0 F11250 X33.32 Y76.179
G1 F4500 X35.936 Y78.795 E1337.73996
G0 F11250 X35.867 Y79.09
G1 F4500 X33.632 Y79.689 E1337.81692
G0 F11250 X31.799 Y82.156
G0 X31.148 Y82.835
G0 X30.396 Y83.399
G0 X29.564 Y83.836
G0 X28.672 Y84.134
G0 X27.743 Y84.285
G0 X26.804 Y84.285
G0 X25.877 Y84.134
G0 X25.37 Y83.965
G0 X22.384 Y82.703
G1 F4500 X16.211 Y84.357 E1338.02948
G1 X16.167 Y84.482
G1 X27.943 Y96.258 E1338.58339
G0 F11250 X29.444 Y93.234
G1 F4500 X11.461 Y98.053 E1339.20261
G0 F11250 X11.797 Y97.083
G1 F4500 X18.654 Y103.94 E1339.52514
G0 F11250 X19.155 Y102.203
G1 F4500 X9.087 Y104.901 E1339.87182
G0 F11250 X9.612 Y103.383
G1 F4500 X16.863 Y110.634 E1340.21288
G0 F11250 X17.325 Y108.905
G1 F4500 X7.764 Y111.467 E1340.5421
G0 F11250 X7.764 Y110.02
G1 F4500 X9.728 Y111.985 E1340.6345
G0 F11250 X12.762 Y111.985
G1 F4500 X21.166 Y80.621 E1341.71447
G0 F11250 X21.461 Y81.291
G1 F4500 X18.352 Y78.182 E1341.86071
G0 F11250 X18.587 Y77.508
G1 F4500 X21 Y76.862 E1341.9438
;MESH:NONMESH
G0 F300 X21 Y76.862 Z4
G0 F11250 X21.55 Y79.631
G0 X21.812 Y80.534
G0 X22.215 Y81.382
G0 X22.749 Y82.156
G0 X23.4 Y82.835
G0 X24.152 Y83.399
G0 X24.984 Y83.836
G0 X25.877 Y84.134
G0 X26.804 Y84.285
G0 X27.564 Y84.285
G0 X30.694 Y83.873
;TIME_ELAPSED:1411.320018
;LAYER:19
;TYPE:WALL-INNER
;MESH:Sperrklinke
G1 F2250 X29.787 Y84.353 E1341.97793
G1 X28.806 Y84.681 E1342.01233
G1 X27.788 Y84.844 E1342.04662
G1 X26.755 Y84.844 E1342.08098
G1 X25.738 Y84.681 E1342.11524
G1 X24.77 Y84.353 E1342.14923
G1 X23.858 Y83.879 E1342.18341
G1 X23.025 Y83.256 E1342.21801
G1 X22.307 Y82.507 E1342.25252
G1 X21.728 Y81.663 E1342.28656
G1 X21.282 Y80.729 E1342.32099
G1 X20.999 Y79.742 E1342.35514
G1 X20.872 Y78.717 E1342.38949
G1 X20.918 Y77.686 E1342.42382
G1 X21.117 Y76.687 E1342.4577
G1 X21.484 Y75.718 E1342.49216
G1 X21.996 Y74.831 E1342.52622
G1 X22.652 Y74.026 E1342.56076
G1 X23.422 Y73.342 E1342.59502
G1 X24.296 Y72.787 E1342.62945
G1 X25.25 Y72.382 E1342.66392
G1 X26.247 Y72.141 E1342.69804
G1 X27.268 Y72.054 E1342.73212
G1 X28.309 Y72.146 E1342.76688
G1 X29.302 Y72.389 E1342.80088
G1 X30.246 Y72.786 E1342.83494
G1 X31.122 Y73.342 E1342.86945
G1 X31.892 Y74.026 E1342.90371
G1 X32.545 Y74.827 E1342.93808
G1 X33.057 Y75.714 E1342.97214
G1 X33.425 Y76.682 E1343.00659
G1 X33.63 Y77.676 E1343.04034
G1 X33.672 Y78.705 E1343.0746
G1 X33.552 Y79.733 E1343.10902
G1 X33.256 Y80.743 E1343.14403
G1 X32.817 Y81.663 E1343.17793
G1 X32.235 Y82.511 E1343.21214
G1 X31.52 Y83.26 E1343.24658
G1 X30.694 Y83.873 E1343.28079
G0 F11250 X30.472 Y83.539
G1 F2250 X29.633 Y83.983 E1343.31236
G1 X28.713 Y84.291 E1343.34463
G1 X27.755 Y84.444 E1343.3769
G1 X26.788 Y84.444 E1343.40906
G1 X25.836 Y84.291 E1343.44113
G1 X24.924 Y83.984 E1343.47314
G1 X24.07 Y83.539 E1343.50517
G1 X23.295 Y82.96 E1343.53734
G1 X22.62 Y82.257 E1343.56976
G1 X22.074 Y81.462 E1343.60183
G1 X21.656 Y80.583 E1343.63421
G1 X21.393 Y79.666 E1343.66594
G1 X21.273 Y78.701 E1343.69828
G1 X21.324 Y77.692 E1343.73188
G1 X21.502 Y76.799 E1343.76217
G1 X21.849 Y75.885 E1343.79468
G1 X22.328 Y75.057 E1343.8265
G1 X22.944 Y74.3 E1343.85896
G1 X23.665 Y73.661 E1343.891
G1 X24.477 Y73.145 E1343.923
G1 X25.375 Y72.764 E1343.95545
G1 X26.31 Y72.537 E1343.98745
G1 X27.271 Y72.456 E1344.01953
G1 X28.241 Y72.537 E1344.0519
G1 X29.17 Y72.764 E1344.08371
G1 X30.067 Y73.145 E1344.11612
G1 X30.879 Y73.661 E1344.14812
G1 X31.603 Y74.303 E1344.1803
G1 X32.211 Y75.049 E1344.21231
G1 X32.693 Y75.883 E1344.24435
G1 X33.04 Y76.794 E1344.27678
G1 X33.231 Y77.725 E1344.30839
G1 X33.271 Y78.697 E1344.34074
G1 X33.149 Y79.687 E1344.37392
G1 X32.891 Y80.568 E1344.40445
G1 X32.468 Y81.465 E1344.43744
G1 X31.925 Y82.256 E1344.46935
G1 X31.257 Y82.957 E1344.50155
G1 X30.472 Y83.539 E1344.53406
G0 F11250 X30.221 Y83.219
G1 F2250 X29.476 Y83.612 E1344.56207
G1 X28.614 Y83.902 E1344.59232
G1 X27.723 Y84.044 E1344.62233
G1 X26.82 Y84.044 E1344.65236
G1 X25.931 Y83.901 E1344.68231
G1 X25.077 Y83.615 E1344.71227
G1 X24.282 Y83.198 E1344.74212
G1 X23.555 Y82.654 E1344.77233
G1 X22.935 Y82.008 E1344.80211
G1 X22.422 Y81.26 E1344.83227
G1 X22.033 Y80.448 E1344.86222
G1 X21.785 Y79.583 E1344.89215
G1 X21.674 Y78.683 E1344.92231
G1 X21.719 Y77.756 E1344.95318
G1 X21.901 Y76.875 E1344.9831
G1 X22.213 Y76.055 E1345.01228
G1 X22.659 Y75.284 E1345.0419
G1 X23.202 Y74.616 E1345.07054
G1 X23.903 Y73.984 E1345.10193
G1 X24.669 Y73.498 E1345.1321
G1 X25.503 Y73.143 E1345.16225
G1 X26.326 Y72.944 E1345.19041
G1 X27.271 Y72.857 E1345.22197
G1 X28.178 Y72.936 E1345.25226
G1 X29.005 Y73.135 E1345.28055
G1 X29.873 Y73.497 E1345.31183
G1 X30.639 Y73.983 E1345.342
G1 X31.311 Y74.578 E1345.37185
G1 X31.883 Y75.279 E1345.40194
G1 X32.33 Y76.053 E1345.43167
G1 X32.654 Y76.905 E1345.46199
G1 X32.834 Y77.779 E1345.49167
G1 X32.87 Y78.684 E1345.52179
G1 X32.758 Y79.598 E1345.55242
G1 X32.514 Y80.434 E1345.58139
G1 X32.138 Y81.227 E1345.61058
G1 X31.613 Y82.002 E1345.64171
G1 X30.99 Y82.656 E1345.67175
G1 X30.221 Y83.219 E1345.70345
G1 F2700 E1340.70345
G0 F11250 X30.36 Y83.486
G0 X19.899 Y101.827
G0 X16.716 Y112.064
G1 F2700 E1345.70345
G1 F2250 X16.699 Y111.553 E1345.72046
G1 X19.165 Y102.345 E1346.03751
G1 X19.284 Y102.113 E1346.04618
G1 X19.523 Y101.817 E1346.05883
G1 X19.812 Y101.607 E1346.07072
G1 X20.113 Y101.485 E1346.08152
G1 X20.399 Y101.438 E1346.09116
G1 X20.726 Y101.451 E1346.10204
G1 X24.903 Y102.567 E1346.24584
G1 X34.959 Y82.31 E1346.99805
G1 X35.246 Y81.691 E1347.02074
G1 X35.477 Y81.039 E1347.04374
G1 X35.665 Y80.338 E1347.06788
G1 X47.88 Y26.873 E1348.89196
G1 X48.003 Y26.107 E1348.91776
G1 X48.025 Y25.371 E1348.94225
G1 X47.945 Y24.639 E1348.96674
G1 X47.775 Y23.924 E1348.99119
G1 X47.511 Y23.239 E1349.0156
G1 X47.156 Y22.59 E1349.04021
G1 X46.713 Y21.987 E1349.06509
G1 X46.212 Y21.463 E1349.08921
G1 X45.629 Y20.995 E1349.11407
G1 X45.005 Y20.62 E1349.13829
G1 X44.334 Y20.329 E1349.16261
G1 X43.607 Y20.12 E1349.18777
G1 X42.893 Y20.015 E1349.21177
G1 X42.151 Y20.002 E1349.23646
G1 X41.419 Y20.088 E1349.26097
G1 X40.697 Y20.271 E1349.28574
G1 X40.023 Y20.539 E1349.30987
G1 X39.371 Y20.904 E1349.33472
G1 X38.788 Y21.343 E1349.35899
G1 X38.259 Y21.863 E1349.38367
G1 X37.801 Y22.449 E1349.4084
G1 X37.435 Y23.074 E1349.43249
G1 X37.132 Y23.791 E1349.45838
G1 X7.684 Y108.7 E1352.44749
G1 X7.684 Y112.064 E1352.55938
G1 X16.716 Y112.064 E1352.85978
G0 F11250 X17.347 Y112.464
G1 F2250 X17.104 Y112.236 E1352.87087
G1 X17.086 Y111.657 E1352.89013
G1 X19.539 Y102.508 E1353.20518
G1 X19.706 Y102.207 E1353.21663
G1 X19.898 Y102.025 E1353.22542
G1 X20.112 Y101.907 E1353.23355
G1 X20.58 Y101.825 E1353.24936
G1 X25.115 Y103.038 E1353.40549
G1 X35.32 Y82.482 E1354.1688
G1 X35.601 Y81.864 E1354.19138
G1 X35.611 Y81.859 E1354.19176
G1 X35.86 Y81.158 E1354.2165
G1 X36.049 Y80.454 E1354.24074
G1 X48.273 Y26.949 E1356.06618
G1 X48.402 Y26.145 E1356.09326
G1 X48.426 Y25.356 E1356.11952
G1 X48.34 Y24.571 E1356.14578
G1 X48.158 Y23.806 E1356.17194
G1 X47.874 Y23.07 E1356.19818
G1 X47.494 Y22.375 E1356.22452
G1 X47.02 Y21.729 E1356.25117
G1 X46.483 Y21.167 E1356.27702
G1 X45.858 Y20.667 E1356.30364
G1 X45.189 Y20.264 E1356.32962
G1 X44.469 Y19.952 E1356.35572
G1 X43.691 Y19.728 E1356.38265
G1 X42.926 Y19.615 E1356.40837
G1 X42.131 Y19.602 E1356.43481
G1 X41.347 Y19.694 E1356.46107
G1 X40.574 Y19.89 E1356.48759
G1 X39.851 Y20.177 E1356.51346
G1 X39.152 Y20.568 E1356.5401
G1 X38.527 Y21.04 E1356.56615
G1 X37.96 Y21.596 E1356.59256
G1 X37.469 Y22.224 E1356.61908
G1 X37.076 Y22.894 E1356.64491
G1 X36.759 Y23.647 E1356.67209
G1 X7.284 Y108.633 E1359.66391
G1 X7.284 Y112.464 E1359.79133
G1 X17.347 Y112.464 E1360.12603
G0 F11250 X17.297 Y112.644
G0 X19.25 Y112.863
G1 F2250 X17.894 Y112.496 E1360.17275
G1 X17.483 Y112.108 E1360.19155
G1 X17.472 Y111.76 E1360.20313
G1 X19.904 Y102.68 E1360.51578
G1 X20.017 Y102.458 E1360.52406
G1 X20.26 Y102.278 E1360.53412
G1 X20.541 Y102.23 E1360.5436
G1 X25.328 Y103.509 E1360.7084
G1 X35.681 Y82.654 E1361.48281
G1 X35.964 Y82.034 E1361.50548
G1 X35.976 Y82.026 E1361.50596
G1 X36.242 Y81.277 E1361.53239
G1 X36.437 Y80.551 E1361.5574
G1 X48.666 Y27.025 E1363.38355
G1 X48.801 Y26.183 E1363.41191
G1 X48.826 Y25.34 E1363.43996
G1 X48.735 Y24.503 E1363.46797
G1 X48.541 Y23.687 E1363.49586
G1 X48.238 Y22.902 E1363.52385
G1 X47.832 Y22.159 E1363.55201
G1 X47.327 Y21.471 E1363.5804
G1 X46.753 Y20.872 E1363.60799
G1 X46.087 Y20.338 E1363.63638
G1 X45.372 Y19.907 E1363.66415
G1 X44.604 Y19.574 E1363.69199
G1 X43.776 Y19.336 E1363.72065
G1 X42.958 Y19.216 E1363.74814
G1 X42.111 Y19.201 E1363.77632
G1 X41.274 Y19.3 E1363.80435
G1 X40.45 Y19.508 E1363.83262
G1 X39.679 Y19.815 E1363.86022
G1 X38.933 Y20.232 E1363.88865
G1 X38.265 Y20.736 E1363.91648
G1 X37.661 Y21.329 E1363.94463
G1 X37.138 Y21.999 E1363.9729
G1 X36.718 Y22.714 E1364.00048
G1 X36.385 Y23.504 E1364.029
G1 X6.884 Y108.566 E1367.02349
G1 X6.884 Y112.864 E1367.16644
G1 X19.25 Y112.863 E1367.57774
G1 F2700 E1362.57774
G0 F11250 X20.652 Y113.052
G0 X20.931 Y113.263
;TYPE:WALL-OUTER
G1 F2700 E1367.57774
G1 F2250 X21.088 Y112.947 E1367.58947
G1 X17.999 Y112.11 E1367.69592
G1 X17.862 Y111.98 E1367.7022
G1 X17.858 Y111.864 E1367.70606
G1 X20.299 Y102.757 E1368.01965
G1 X20.409 Y102.65 E1368.02475
G1 X20.512 Y102.637 E1368.02821
G1 X25.541 Y103.98 E1368.20133
G1 X36.043 Y82.826 E1368.98685
G1 X36.326 Y82.203 E1369.00961
G1 X36.341 Y82.194 E1369.01019
G1 X36.624 Y81.396 E1369.03836
G1 X36.835 Y80.606 E1369.06555
G1 X49.059 Y27.101 E1370.89099
G1 X49.2 Y26.221 E1370.92063
G1 X49.227 Y25.324 E1370.95048
G1 X49.13 Y24.435 E1370.98022
G1 X48.924 Y23.568 E1371.00986
G1 X48.602 Y22.733 E1371.03963
G1 X48.17 Y21.944 E1371.06955
G1 X47.634 Y21.213 E1371.09969
G1 X47.024 Y20.576 E1371.12903
G1 X46.317 Y20.009 E1371.15917
G1 X45.556 Y19.551 E1371.18871
G1 X44.74 Y19.197 E1371.2183
G1 X43.861 Y18.944 E1371.24872
G1 X42.991 Y18.816 E1371.27797
G1 X42.091 Y18.801 E1371.30791
G1 X41.201 Y18.906 E1371.33771
G1 X40.326 Y19.127 E1371.36773
G1 X39.507 Y19.453 E1371.39705
G1 X38.714 Y19.896 E1371.42726
G1 X38.003 Y20.432 E1371.45688
G1 X37.362 Y21.062 E1371.48677
G1 X36.806 Y21.773 E1371.51679
G1 X36.36 Y22.534 E1371.54613
G1 X36.011 Y23.36 E1371.57595
G1 X6.484 Y108.498 E1374.57312
G1 X6.484 Y113.264 E1374.73163
G1 X20.931 Y113.263 E1375.21214
G1 F2700 E1370.21214
G0 F11250 X20.652 Y113.052
G0 X17.53 Y112.218
G0 X20.182 Y102.316
G0 X30.48 Y83.411
G0 X30.06 Y82.849
G1 F2700 E1375.21214
G1 F2250 X29.3 Y83.25 E1375.24072
G1 X28.504 Y83.514 E1375.26862
G1 X27.704 Y83.642 E1375.29556
G1 X26.84 Y83.642 E1375.3243
G1 X26.012 Y83.506 E1375.35221
G1 X25.231 Y83.245 E1375.3796
G1 X24.484 Y82.849 E1375.40772
G1 X23.811 Y82.343 E1375.43572
G1 X23.235 Y81.738 E1375.46351
G1 X22.763 Y81.047 E1375.49134
G1 X22.403 Y80.288 E1375.51928
G1 X22.177 Y79.489 E1375.5469
G1 X22.077 Y78.685 E1375.57384
G1 X22.115 Y77.812 E1375.60291
G1 X22.271 Y77.032 E1375.62936
G1 X22.582 Y76.215 E1375.65844
G1 X22.982 Y75.523 E1375.68502
G1 X23.512 Y74.869 E1375.71302
G1 X24.16 Y74.295 E1375.74181
G1 X24.869 Y73.847 E1375.76971
G1 X25.644 Y73.521 E1375.79767
G1 X26.451 Y73.328 E1375.82527
G1 X27.289 Y73.26 E1375.85323
G1 X28.113 Y73.33 E1375.88074
G1 X28.917 Y73.526 E1375.90826
G1 X29.675 Y73.847 E1375.93564
G1 X30.409 Y74.314 E1375.96458
G1 X31.032 Y74.869 E1375.99233
G1 X31.562 Y75.523 E1376.02033
G1 X31.962 Y76.215 E1376.04691
G1 X32.264 Y77.005 E1376.07504
G1 X32.436 Y77.844 E1376.10353
G1 X32.467 Y78.684 E1376.13148
G1 X32.368 Y79.509 E1376.15912
G1 X32.137 Y80.3 E1376.18653
G1 X31.78 Y81.049 E1376.21412
G1 X31.309 Y81.738 E1376.24188
G1 X30.712 Y82.365 E1376.27068
G1 X30.06 Y82.849 E1376.29769
G0 F11250 X30.48 Y83.411
G0 X31.866 Y83.012
;TYPE:FILL
G1 F4500 X33.64 Y84.785 E1376.38111
G0 F11250 X32.919 Y86.238
G1 F4500 X13.781 Y91.365 E1377.04008
G0 F11250 X14.034 Y90.635
G1 F4500 X25.196 Y101.797 E1377.56511
G0 F11250 X25.806 Y100.567
G1 F4500 X21.771 Y101.648 E1377.70405
G1 X21.609 Y101.604
G1 X26.106 Y84.821 E1378.28194
G0 F11250 X24.826 Y84.456
G1 F4500 X30.825 Y90.455 E1378.56412
G1 X30.788 Y90.53
G1 X47.532 Y28.04 E1380.71586
G0 F11250 X47.887 Y26.322
G1 F4500 X35.156 Y29.733 E1381.15423
G0 F11250 X35.884 Y27.632
G1 F4500 X45.442 Y37.19 E1381.60381
G0 F11250 X44.903 Y39.545
G1 F4500 X30.406 Y43.429 E1382.10299
G0 F11250 X29.329 Y46.533
G1 F4500 X40.707 Y57.911 E1382.63818
G0 F11250 X40.367 Y59.395
G1 F4500 X23.281 Y63.973 E1383.2265
G0 F11250 X22.774 Y65.434
G1 F4500 X29.89 Y72.55 E1383.56122
G0 F11250 X29.445 Y72.362
G1 F4500 X43.428 Y20.174 E1385.35822
G0 F11250 X45.2 Y20.83
G1 F4500 X37.658 Y22.851 E1385.61792
G0 F11250 X38.488 Y21.751
G1 F4500 X47.02 Y30.283 E1386.01924
G0 F11250 X46.415 Y32.928
G1 F4500 X32.782 Y36.581 E1386.48867
G0 F11250 X32.955 Y36.08
G1 F4500 X22.867 Y73.729 E1387.78506
G0 F11250 X22.716 Y73.861
G1 F4500 X20.589 Y71.734 E1387.8851
G0 F11250 X20.906 Y70.821
G1 F4500 X38.855 Y66.012 E1388.50315
G0 F11250 X39.129 Y64.818
G1 F4500 X27.144 Y52.834 E1389.06686
G0 F11250 X28.031 Y50.277
G1 F4500 X43.391 Y46.162 E1389.59575
G0 F11250 X43.864 Y44.097
G1 F4500 X33.699 Y33.933 E1390.07386
G0 F11250 X31.514 Y40.233
G1 F4500 X42.286 Y51.004 E1390.58052
G0 F11250 X41.879 Y52.778
G1 F4500 X25.656 Y57.125 E1391.13913
G0 F11250 X24.959 Y59.134
G1 F4500 X37.551 Y71.725 E1391.7314
G0 F11250 X37.343 Y72.629
G1 F4500 X32.019 Y74.055 E1391.91471
G0 F11250 X33.197 Y75.856
G1 F4500 X35.973 Y78.632 E1392.04529
G0 F11250 X35.831 Y79.245
G1 F4500 X33.605 Y79.842 E1392.12194
G0 F11250 X31.799 Y82.156
G0 X31.148 Y82.835
G0 X30.396 Y83.399
G0 X29.564 Y83.836
G0 X28.672 Y84.134
G0 X27.743 Y84.285
G0 X26.804 Y84.285
G0 X25.877 Y84.134
G0 X25.623 Y84.05
G0 X22.496 Y82.819
G1 F4500 X16.156 Y84.517 E1392.34024
G1 X16.219 Y84.335
G1 X28.011 Y96.126 E1392.89488
G0 F11250 X29.363 Y93.402
G1 F4500 X11.406 Y98.213 E1393.5132
G0 F11250 X11.849 Y96.935
G1 F4500 X18.697 Y103.783 E1393.8353
G0 F11250 X19.075 Y102.37
G1 F4500 X9.031 Y105.062 E1394.18116
G0 F11250 X9.663 Y103.235
G1 F4500 X16.906 Y110.477 E1394.52182
G0 F11250 X17.283 Y109.062
G1 F4500 X7.765 Y111.612 E1394.84956
G0 F11250 X7.764 Y109.821
G1 F4500 X9.927 Y111.984 E1394.9513
G0 F11250 X12.616 Y111.985
G1 F4500 X21.091 Y80.357 E1396.04036
G0 F11250 X21.279 Y80.909
G1 F4500 X18.404 Y78.034 E1396.17559
G0 F11250 X18.531 Y77.669
G1 F4500 X20.97 Y77.016 E1396.25957
;MESH:NONMESH
G0 F300 X20.97 Y77.016 Z4.2
G0 F11250 X21.55 Y79.631
G0 X21.812 Y80.534
G0 X22.215 Y81.382
G0 X22.749 Y82.156
G0 X23.4 Y82.835
G0 X24.152 Y83.399
G0 X24.984 Y83.836
G0 X25.877 Y84.134
G0 X26.804 Y84.285
G0 X27.564 Y84.285
G0 X30.691 Y83.875
;TIME_ELAPSED:1459.347785
;LAYER:20
;TYPE:WALL-INNER
;MESH:Sperrklinke
G1 F2250 X29.79 Y84.352 E1396.29348
G1 X28.806 Y84.681 E1396.32799
G1 X27.788 Y84.844 E1396.36228
G1 X26.755 Y84.844 E1396.39664
G1 X25.738 Y84.681 E1396.43089
G1 X24.77 Y84.353 E1396.46489
G1 X23.858 Y83.879 E1396.49907
G1 X23.025 Y83.256 E1396.53367
G1 X22.307 Y82.507 E1396.56818
G1 X21.728 Y81.663 E1396.60222
G1 X21.282 Y80.729 E1396.63665
G1 X20.999 Y79.742 E1396.6708
G1 X20.872 Y78.717 E1396.70515
G1 X20.918 Y77.686 E1396.73948
G1 X21.117 Y76.687 E1396.77336
G1 X21.484 Y75.718 E1396.80782
G1 X21.996 Y74.831 E1396.84188
G1 X22.652 Y74.026 E1396.87642
G1 X23.422 Y73.342 E1396.91068
G1 X24.296 Y72.787 E1396.94511
G1 X25.249 Y72.382 E1396.97955
G1 X26.247 Y72.141 E1397.0137
G1 X27.268 Y72.054 E1397.04778
G1 X28.309 Y72.146 E1397.08254
G1 X29.302 Y72.389 E1397.11654
G1 X30.246 Y72.786 E1397.1506
G1 X31.122 Y73.342 E1397.18511
G1 X31.892 Y74.026 E1397.21937
G1 X32.545 Y74.827 E1397.25374
G1 X33.057 Y75.714 E1397.2878
G1 X33.425 Y76.682 E1397.32225
G1 X33.63 Y77.676 E1397.35601
G1 X33.672 Y78.705 E1397.39026
G1 X33.552 Y79.733 E1397.42468
G1 X33.256 Y80.743 E1397.45969
G1 X32.817 Y81.663 E1397.49359
G1 X32.235 Y82.51 E1397.52777
G1 X31.525 Y83.257 E1397.56205
G1 X30.691 Y83.875 E1397.59657
G0 F11250 X30.472 Y83.539
G1 F2250 X29.633 Y83.983 E1397.62815
G1 X28.713 Y84.291 E1397.66042
G1 X27.756 Y84.444 E1397.69265
G1 X26.788 Y84.444 E1397.72485
G1 X25.836 Y84.291 E1397.75692
G1 X24.924 Y83.984 E1397.78892
G1 X24.07 Y83.539 E1397.82095
G1 X23.295 Y82.96 E1397.85313
G1 X22.62 Y82.257 E1397.88554
G1 X22.074 Y81.462 E1397.91762
G1 X21.656 Y80.583 E1397.94999
G1 X21.393 Y79.666 E1397.98172
G1 X21.273 Y78.701 E1398.01406
G1 X21.324 Y77.692 E1398.04767
G1 X21.502 Y76.799 E1398.07795
G1 X21.849 Y75.885 E1398.11047
G1 X22.328 Y75.057 E1398.14228
G1 X22.944 Y74.3 E1398.17474
G1 X23.665 Y73.661 E1398.20679
G1 X24.477 Y73.145 E1398.23879
G1 X25.375 Y72.764 E1398.27123
G1 X26.31 Y72.537 E1398.30323
G1 X27.271 Y72.456 E1398.33531
G1 X28.241 Y72.537 E1398.36768
G1 X29.17 Y72.764 E1398.39949
G1 X30.067 Y73.145 E1398.43191
G1 X30.879 Y73.661 E1398.4639
G1 X31.603 Y74.303 E1398.49609
G1 X32.211 Y75.049 E1398.5281
G1 X32.693 Y75.883 E1398.56014
G1 X33.04 Y76.794 E1398.59256
G1 X33.231 Y77.725 E1398.62417
G1 X33.271 Y78.697 E1398.65653
G1 X33.149 Y79.687 E1398.6897
G1 X32.891 Y80.568 E1398.72024
G1 X32.468 Y81.465 E1398.75322
G1 X31.925 Y82.256 E1398.78513
G1 X31.257 Y82.957 E1398.81734
G1 X30.472 Y83.539 E1398.84984
G0 F11250 X30.221 Y83.219
G1 F2250 X29.476 Y83.612 E1398.87786
G1 X28.614 Y83.902 E1398.9081
G1 X27.723 Y84.044 E1398.93811
G1 X26.82 Y84.044 E1398.96815
G1 X25.932 Y83.901 E1398.99806
G1 X25.071 Y83.614 E1399.02825
G1 X24.282 Y83.197 E1399.05793
G1 X23.555 Y82.654 E1399.08811
G1 X22.935 Y82.008 E1399.11789
G1 X22.422 Y81.26 E1399.14806
G1 X22.033 Y80.448 E1399.17801
G1 X21.785 Y79.583 E1399.20793
G1 X21.674 Y78.683 E1399.2381
G1 X21.719 Y77.756 E1399.26896
G1 X21.901 Y76.875 E1399.29889
G1 X22.213 Y76.055 E1399.32807
G1 X22.659 Y75.284 E1399.35769
G1 X23.202 Y74.616 E1399.38632
G1 X23.903 Y73.984 E1399.41772
G1 X24.669 Y73.498 E1399.44789
G1 X25.503 Y73.143 E1399.47804
G1 X26.326 Y72.944 E1399.5062
G1 X27.271 Y72.857 E1399.53776
G1 X28.178 Y72.936 E1399.56804
G1 X29.005 Y73.135 E1399.59633
G1 X29.873 Y73.497 E1399.62761
G1 X30.638 Y73.983 E1399.65776
G1 X31.311 Y74.577 E1399.68761
G1 X31.883 Y75.279 E1399.71773
G1 X32.33 Y76.053 E1399.74746
G1 X32.654 Y76.905 E1399.77778
G1 X32.834 Y77.779 E1399.80746
G1 X32.87 Y78.684 E1399.83758
G1 X32.758 Y79.598 E1399.86821
G1 X32.514 Y80.434 E1399.89717
G1 X32.138 Y81.227 E1399.92636
G1 X31.613 Y82.002 E1399.9575
G1 X30.99 Y82.656 E1399.98754
G1 X30.221 Y83.219 E1400.01924
G1 F2700 E1395.01924
G0 F11250 X30.36 Y83.486
G0 X19.909 Y101.794
G0 X16.706 Y112.064
G1 F2700 E1400.01924
G1 F2250 X16.691 Y111.585 E1400.03518
G1 X19.173 Y102.313 E1400.35442
G1 X19.292 Y102.081 E1400.3631
G1 X19.531 Y101.785 E1400.37575
G1 X19.82 Y101.575 E1400.38763
G1 X20.189 Y101.426 E1400.40087
G1 X20.541 Y101.404 E1400.4126
G1 X20.852 Y101.451 E1400.42306
G1 X24.918 Y102.532 E1400.56299
G1 X34.959 Y82.31 E1401.31393
G1 X35.246 Y81.691 E1401.33662
G1 X35.477 Y81.039 E1401.35963
G1 X35.665 Y80.338 E1401.38377
G1 X47.88 Y26.873 E1403.20784
G1 X48.003 Y26.107 E1403.23364
G1 X48.025 Y25.371 E1403.25813
G1 X47.945 Y24.639 E1403.28263
G1 X47.775 Y23.924 E1403.30707
G1 X47.511 Y23.239 E1403.33149
G1 X47.156 Y22.59 E1403.35609
G1 X46.713 Y21.987 E1403.38098
G1 X46.212 Y21.463 E1403.40509
G1 X45.629 Y20.995 E1403.42995
G1 X45.005 Y20.62 E1403.45417
G1 X44.334 Y20.329 E1403.47849
G1 X43.607 Y20.12 E1403.50365
G1 X42.893 Y20.015 E1403.52766
G1 X42.151 Y20.002 E1403.55234
G1 X41.419 Y20.088 E1403.57685
G1 X40.697 Y20.271 E1403.60163
G1 X40.023 Y20.539 E1403.62575
G1 X39.371 Y20.904 E1403.6506
G1 X38.788 Y21.343 E1403.67488
G1 X38.259 Y21.863 E1403.69955
G1 X37.801 Y22.449 E1403.72429
G1 X37.435 Y23.074 E1403.74838
G1 X37.132 Y23.791 E1403.77427
G1 X7.684 Y108.7 E1406.76337
G1 X7.684 Y112.064 E1406.87526
G1 X16.706 Y112.064 E1407.17533
G0 F11250 X17.304 Y112.464
G1 F2250 X17.096 Y112.268 E1407.18484
G1 X17.078 Y111.689 E1407.20411
G1 X19.547 Y102.476 E1407.52134
G1 X19.714 Y102.174 E1407.53282
G1 X19.906 Y101.993 E1407.5416
G1 X20.12 Y101.875 E1407.54973
G1 X20.587 Y101.794 E1407.56549
G1 X25.131 Y103.003 E1407.72188
G1 X35.32 Y82.482 E1408.48392
G1 X35.601 Y81.864 E1408.5065
G1 X35.611 Y81.859 E1408.50687
G1 X35.86 Y81.158 E1408.53161
G1 X36.049 Y80.454 E1408.55585
G1 X48.273 Y26.949 E1410.38129
G1 X48.402 Y26.145 E1410.40837
G1 X48.426 Y25.356 E1410.43463
G1 X48.34 Y24.571 E1410.46089
G1 X48.158 Y23.806 E1410.48705
G1 X47.874 Y23.07 E1410.51329
G1 X47.494 Y22.375 E1410.53963
G1 X47.02 Y21.729 E1410.56628
G1 X46.483 Y21.167 E1410.59213
G1 X45.858 Y20.667 E1410.61876
G1 X45.189 Y20.264 E1410.64473
G1 X44.469 Y19.952 E1410.67083
G1 X43.691 Y19.728 E1410.69776
G1 X42.926 Y19.615 E1410.72348
G1 X42.131 Y19.602 E1410.74992
G1 X41.347 Y19.694 E1410.77618
G1 X40.574 Y19.89 E1410.8027
G1 X39.851 Y20.177 E1410.82858
G1 X39.152 Y20.568 E1410.85521
G1 X38.527 Y21.04 E1410.88126
G1 X37.96 Y21.596 E1410.90768
G1 X37.469 Y22.224 E1410.93419
G1 X37.076 Y22.894 E1410.96002
G1 X36.759 Y23.647 E1410.9872
G1 X7.284 Y108.633 E1413.97902
G1 X7.284 Y112.464 E1414.10644
G1 X17.304 Y112.464 E1414.43971
G0 F11250 X17.249 Y112.614
G0 X19.126 Y112.864
G1 F2250 X17.886 Y112.528 E1414.48244
G1 X17.475 Y112.14 E1414.50124
G1 X17.464 Y111.792 E1414.51282
G1 X19.912 Y102.648 E1414.82766
G1 X20.025 Y102.426 E1414.83594
G1 X20.14 Y102.317 E1414.84121
G1 X20.396 Y102.211 E1414.85043
G1 X20.575 Y102.209 E1414.85638
G1 X25.344 Y103.474 E1415.02048
G1 X35.681 Y82.654 E1415.79361
G1 X35.964 Y82.034 E1415.81628
G1 X35.976 Y82.026 E1415.81676
G1 X36.242 Y81.277 E1415.8432
G1 X36.437 Y80.551 E1415.8682
G1 X48.666 Y27.025 E1417.69435
G1 X48.801 Y26.183 E1417.72272
G1 X48.826 Y25.34 E1417.75077
G1 X48.735 Y24.503 E1417.77877
G1 X48.541 Y23.687 E1417.80667
G1 X48.238 Y22.902 E1417.83465
G1 X47.832 Y22.159 E1417.86281
G1 X47.327 Y21.471 E1417.8912
G1 X46.753 Y20.872 E1417.91879
G1 X46.087 Y20.338 E1417.94719
G1 X45.372 Y19.907 E1417.97495
G1 X44.604 Y19.574 E1418.0028
G1 X43.776 Y19.336 E1418.03145
G1 X42.958 Y19.216 E1418.05895
G1 X42.111 Y19.201 E1418.08712
G1 X41.274 Y19.3 E1418.11516
G1 X40.45 Y19.508 E1418.14342
G1 X39.679 Y19.815 E1418.17102
G1 X38.933 Y20.232 E1418.19945
G1 X38.265 Y20.736 E1418.22728
G1 X37.661 Y21.329 E1418.25543
G1 X37.138 Y21.999 E1418.2837
G1 X36.718 Y22.714 E1418.31128
G1 X36.385 Y23.504 E1418.3398
G1 X6.884 Y108.566 E1421.33429
G1 X6.884 Y112.864 E1421.47724
G1 X19.126 Y112.864 E1421.88441
G1 F2700 E1416.88441
G0 F11250 X20.52 Y113.051
G0 X20.931 Y113.264
;TYPE:WALL-OUTER
G1 F2700 E1421.88441
G1 F2250 X21.072 Y112.978 E1421.89502
G1 X17.991 Y112.142 E1422.0012
G1 X17.854 Y112.012 E1422.00748
G1 X17.85 Y111.896 E1422.01134
G1 X20.307 Y102.725 E1422.32713
G1 X20.417 Y102.618 E1422.33223
G1 X20.52 Y102.605 E1422.33569
G1 X25.557 Y103.944 E1422.50904
G1 X36.043 Y82.826 E1423.29325
G1 X36.326 Y82.203 E1423.316
G1 X36.341 Y82.194 E1423.31659
G1 X36.624 Y81.396 E1423.34475
G1 X36.835 Y80.606 E1423.37194
G1 X49.059 Y27.101 E1425.19738
G1 X49.2 Y26.221 E1425.22702
G1 X49.227 Y25.324 E1425.25687
G1 X49.13 Y24.435 E1425.28661
G1 X48.924 Y23.568 E1425.31625
G1 X48.602 Y22.733 E1425.34602
G1 X48.17 Y21.944 E1425.37594
G1 X47.634 Y21.213 E1425.40609
G1 X47.024 Y20.576 E1425.43542
G1 X46.317 Y20.009 E1425.46556
G1 X45.556 Y19.551 E1425.4951
G1 X44.74 Y19.197 E1425.52469
G1 X43.861 Y18.944 E1425.55511
G1 X42.991 Y18.816 E1425.58436
G1 X42.091 Y18.801 E1425.6143
G1 X41.201 Y18.906 E1425.6441
G1 X40.326 Y19.127 E1425.67412
G1 X39.507 Y19.453 E1425.70344
G1 X38.714 Y19.896 E1425.73365
G1 X38.003 Y20.432 E1425.76327
G1 X37.362 Y21.062 E1425.79316
G1 X36.806 Y21.773 E1425.82318
G1 X36.36 Y22.534 E1425.85252
G1 X36.011 Y23.36 E1425.88234
G1 X6.484 Y108.498 E1428.87951
G1 X6.484 Y113.264 E1429.03802
G1 X20.931 Y113.264 E1429.51853
G1 F2700 E1424.51853
G0 F11250 X20.52 Y113.051
G0 X17.52 Y112.251
G0 X20.192 Y102.283
G0 X30.48 Y83.411
G0 X30.06 Y82.849
G1 F2700 E1429.51853
G1 F2250 X29.3 Y83.25 E1429.54711
G1 X28.504 Y83.514 E1429.57501
G1 X27.704 Y83.642 E1429.60195
G1 X26.84 Y83.642 E1429.63069
G1 X26.012 Y83.506 E1429.6586
G1 X25.231 Y83.245 E1429.68599
G1 X24.484 Y82.849 E1429.71411
G1 X23.811 Y82.343 E1429.74211
G1 X23.235 Y81.738 E1429.7699
G1 X22.763 Y81.047 E1429.79773
G1 X22.403 Y80.288 E1429.82567
G1 X22.177 Y79.489 E1429.85329
G1 X22.077 Y78.685 E1429.88023
G1 X22.115 Y77.812 E1429.9093
G1 X22.271 Y77.032 E1429.93575
G1 X22.582 Y76.215 E1429.96483
G1 X22.982 Y75.523 E1429.99141
G1 X23.512 Y74.869 E1430.01941
G1 X24.16 Y74.295 E1430.0482
G1 X24.869 Y73.847 E1430.0761
G1 X25.613 Y73.531 E1430.10298
G1 X26.451 Y73.328 E1430.13166
G1 X27.289 Y73.26 E1430.15963
G1 X28.113 Y73.33 E1430.18713
G1 X28.917 Y73.526 E1430.21466
G1 X29.675 Y73.847 E1430.24203
G1 X30.409 Y74.314 E1430.27097
G1 X31.032 Y74.869 E1430.29872
G1 X31.562 Y75.523 E1430.32672
G1 X31.962 Y76.215 E1430.3533
G1 X32.264 Y77.005 E1430.38143
G1 X32.436 Y77.844 E1430.40992
G1 X32.467 Y78.684 E1430.43788
G1 X32.368 Y79.509 E1430.46551
G1 X32.137 Y80.3 E1430.49292
G1 X31.78 Y81.049 E1430.52052
G1 X31.309 Y81.738 E1430.54828
G1 X30.712 Y82.365 E1430.57707
G1 X30.06 Y82.849 E1430.60408
G0 F11250 X30.48 Y83.411
G0 X31.964 Y82.91
;TYPE:FILL
G1 F4500 X33.706 Y84.651 E1430.68599
G0 F11250 X32.834 Y86.406
G1 F4500 X13.725 Y91.526 E1431.34398
G0 F11250 X14.085 Y90.486
G1 F4500 X25.261 Y101.663 E1431.86969
G0 F11250 X25.721 Y100.735
G1 F4500 X22.112 Y101.702 E1431.99396
G0 F11250 X21.482 Y101.535
G1 F4500 X25.966 Y84.798 E1432.57026
G0 F11250 X25.127 Y84.558
G1 F4500 X30.891 Y90.322 E1432.84139
G0 F11250 X30.472 Y91.165
G1 F4500 X33.162 Y81.125 E1433.1871
G0 F11250 X33.558 Y80
G1 F4500 X35.796 Y79.401 E1433.26415
G0 F11250 X36.009 Y78.47
G1 F4500 X33.008 Y75.469 E1433.40531
G0 F11250 X32.117 Y74.175
G1 F4500 X37.308 Y72.784 E1433.58405
G0 F11250 X37.588 Y71.563
G1 F4500 X25.01 Y58.985 E1434.17568
G0 F11250 X25.6 Y57.286
G1 F4500 X41.843 Y52.934 E1434.73498
G0 F11250 X42.322 Y50.842
G1 F4500 X31.566 Y40.085 E1435.24094
G0 F11250 X32.313 Y37.931
G1 F4500 X22.675 Y73.901 E1436.47951
G1 X22.821 Y73.767
G1 X20.64 Y71.586 E1436.58209
G0 F11250 X20.85 Y70.982
G1 F4500 X38.82 Y66.167 E1437.20086
G0 F11250 X39.166 Y64.656
G1 F4500 X27.195 Y52.685 E1437.76394
G0 F11250 X27.976 Y50.438
G1 F4500 X43.355 Y46.317 E1438.29349
G0 F11250 X43.901 Y43.935
G1 F4500 X33.751 Y33.785 E1438.77092
G0 F11250 X32.726 Y36.742
G1 F4500 X46.379 Y33.084 E1439.24104
G0 F11250 X47.057 Y30.121
G1 F4500 X38.589 Y21.652 E1439.63937
G0 F11250 X37.557 Y23.024
G1 F4500 X45.368 Y20.931 E1439.90833
G0 F11250 X43.288 Y20.153
G1 F4500 X29.312 Y72.312 E1441.70434
G0 F11250 X30.247 Y72.708
G1 F4500 X22.825 Y65.286 E1442.05345
G0 F11250 X23.226 Y64.134
G1 F4500 X40.331 Y59.551 E1442.64243
G0 F11250 X40.744 Y57.749
G1 F4500 X29.381 Y46.385 E1443.17694
G0 F11250 X30.35 Y43.59
G1 F4500 X44.867 Y39.7 E1443.67681
G0 F11250 X45.479 Y37.028
G1 F4500 X35.936 Y27.485 E1444.12568
G0 F11250 X35.1 Y29.894
G1 F4500 X47.863 Y26.474 E1444.56516
G0 F11250 X47.925 Y26.029
G1 F4500 X33.704 Y79.102 E1446.39264
G0 F11250 X32.333 Y81.382
G0 X31.799 Y82.156
G0 X31.148 Y82.835
G0 X30.396 Y83.399
G0 X29.564 Y83.836
G0 X28.672 Y84.134
G0 X27.743 Y84.285
G0 X26.804 Y84.285
G0 X25.877 Y84.134
G0 X22.606 Y82.935
G1 F4500 X16.1 Y84.678 E1446.61666
G0 F11250 X16.271 Y84.187
G1 F4500 X28.076 Y95.993 E1447.17196
G0 F11250 X29.278 Y93.571
G1 F4500 X11.35 Y98.374 E1447.78927
G0 F11250 X11.9 Y96.787
G1 F4500 X18.739 Y103.626 E1448.11096
G0 F11250 X19.034 Y102.527
G1 F4500 X8.975 Y105.222 E1448.45732
G0 F11250 X9.715 Y103.087
G1 F4500 X16.948 Y110.32 E1448.79754
G0 F11250 X17.241 Y109.219
G1 F4500 X7.765 Y111.758 E1449.12383
G0 F11250 X7.764 Y109.621
G1 F4500 X10.126 Y111.984 E1449.23496
G0 F11250 X12.47 Y111.984
G1 F4500 X21.016 Y80.092 E1450.33311
G0 F11250 X21.158 Y80.589
G1 F4500 X18.455 Y77.886 E1450.46025
G1 X18.475 Y77.83
G1 X20.939 Y77.17 E1450.54509
;MESH:NONMESH
G0 F300 X20.939 Y77.17 Z4.4
G0 F11250 X21.812 Y80.534
G0 X22.215 Y81.382
G0 X22.749 Y82.156
G0 X23.4 Y82.835
G0 X24.152 Y83.399
G0 X24.984 Y83.836
G0 X25.877 Y84.134
G0 X26.804 Y84.285
G0 X27.564 Y84.285
G0 X30.691 Y83.875
;TIME_ELAPSED:1507.621607
;LAYER:21
;TYPE:WALL-INNER
;MESH:Sperrklinke
G1 F2250 X29.79 Y84.352 E1450.579
G1 X28.806 Y84.681 E1450.61351
G1 X27.788 Y84.844 E1450.6478
G1 X26.755 Y84.844 E1450.68216
G1 X25.738 Y84.681 E1450.71642
G1 X24.77 Y84.353 E1450.75041
G1 X23.858 Y83.879 E1450.7846
G1 X23.025 Y83.256 E1450.81919
G1 X22.307 Y82.507 E1450.8537
G1 X21.728 Y81.663 E1450.88774
G1 X21.282 Y80.729 E1450.92217
G1 X20.999 Y79.742 E1450.95632
G1 X20.872 Y78.717 E1450.99067
G1 X20.918 Y77.686 E1451.025
G1 X21.117 Y76.687 E1451.05888
G1 X21.484 Y75.718 E1451.09334
G1 X21.996 Y74.831 E1451.1274
G1 X22.652 Y74.026 E1451.16194
G1 X23.422 Y73.342 E1451.1962
G1 X24.296 Y72.787 E1451.23063
G1 X25.25 Y72.382 E1451.2651
G1 X26.247 Y72.141 E1451.29922
G1 X27.268 Y72.054 E1451.3333
G1 X28.309 Y72.146 E1451.36806
G1 X29.302 Y72.389 E1451.40206
G1 X30.246 Y72.786 E1451.43612
G1 X31.122 Y73.342 E1451.47063
G1 X31.892 Y74.026 E1451.50489
G1 X32.545 Y74.827 E1451.53926
G1 X33.057 Y75.714 E1451.57332
G1 X33.425 Y76.682 E1451.60777
G1 X33.63 Y77.676 E1451.64152
G1 X33.672 Y78.705 E1451.67578
G1 X33.552 Y79.733 E1451.7102
G1 X33.256 Y80.743 E1451.74521
G1 X32.817 Y81.663 E1451.77911
G1 X32.235 Y82.511 E1451.81332
G1 X31.52 Y83.26 E1451.84776
G1 X30.691 Y83.875 E1451.88209
G0 F11250 X30.472 Y83.539
G1 F2250 X29.633 Y83.983 E1451.91366
G1 X28.713 Y84.291 E1451.94593
G1 X27.756 Y84.444 E1451.97817
G1 X26.788 Y84.444 E1452.01036
G1 X25.836 Y84.291 E1452.04243
G1 X24.924 Y83.984 E1452.07444
G1 X24.07 Y83.539 E1452.10647
G1 X23.295 Y82.96 E1452.13864
G1 X22.62 Y82.257 E1452.17106
G1 X22.074 Y81.462 E1452.20314
G1 X21.656 Y80.583 E1452.23551
G1 X21.393 Y79.666 E1452.26724
G1 X21.273 Y78.701 E1452.29958
G1 X21.324 Y77.692 E1452.33318
G1 X21.502 Y76.799 E1452.36347
G1 X21.849 Y75.885 E1452.39599
G1 X22.328 Y75.057 E1452.4278
G1 X22.944 Y74.3 E1452.46026
G1 X23.665 Y73.661 E1452.49231
G1 X24.477 Y73.145 E1452.5243
G1 X25.375 Y72.764 E1452.55675
G1 X26.31 Y72.537 E1452.58875
G1 X27.271 Y72.456 E1452.62083
G1 X28.241 Y72.537 E1452.6532
G1 X29.17 Y72.764 E1452.68501
G1 X30.067 Y73.145 E1452.71742
G1 X30.879 Y73.661 E1452.74942
G1 X31.603 Y74.303 E1452.78161
G1 X32.211 Y75.049 E1452.81362
G1 X32.693 Y75.883 E1452.84565
G1 X33.04 Y76.794 E1452.87808
G1 X33.231 Y77.725 E1452.90969
G1 X33.271 Y78.697 E1452.94204
G1 X33.149 Y79.687 E1452.97522
G1 X32.891 Y80.568 E1453.00575
G1 X32.468 Y81.465 E1453.03874
G1 X31.925 Y82.256 E1453.07065
G1 X31.257 Y82.957 E1453.10286
G1 X30.472 Y83.539 E1453.13536
G0 F11250 X30.221 Y83.219
G1 F2250 X29.476 Y83.612 E1453.16337
G1 X28.614 Y83.902 E1453.19362
G1 X27.723 Y84.044 E1453.22363
G1 X26.82 Y84.044 E1453.25366
G1 X25.932 Y83.901 E1453.28358
G1 X25.071 Y83.614 E1453.31377
G1 X24.282 Y83.197 E1453.34345
G1 X23.555 Y82.654 E1453.37363
G1 X22.935 Y82.008 E1453.40341
G1 X22.422 Y81.26 E1453.43358
G1 X22.033 Y80.448 E1453.46352
G1 X21.785 Y79.583 E1453.49345
G1 X21.674 Y78.683 E1453.52361
G1 X21.719 Y77.756 E1453.55448
G1 X21.901 Y76.875 E1453.5844
G1 X22.213 Y76.055 E1453.61358
G1 X22.659 Y75.284 E1453.64321
G1 X23.202 Y74.616 E1453.67184
G1 X23.903 Y73.984 E1453.70323
G1 X24.669 Y73.498 E1453.7334
G1 X25.503 Y73.143 E1453.76355
G1 X26.326 Y72.944 E1453.79171
G1 X27.271 Y72.857 E1453.82328
G1 X28.178 Y72.936 E1453.85356
G1 X29.005 Y73.135 E1453.88185
G1 X29.873 Y73.497 E1453.91313
G1 X30.638 Y73.983 E1453.94327
G1 X31.311 Y74.577 E1453.97313
G1 X31.883 Y75.279 E1454.00325
G1 X32.33 Y76.053 E1454.03298
G1 X32.654 Y76.905 E1454.06329
G1 X32.834 Y77.779 E1454.09297
G1 X32.87 Y78.684 E1454.1231
G1 X32.758 Y79.598 E1454.15372
G1 X32.514 Y80.434 E1454.18269
G1 X32.138 Y81.227 E1454.21188
G1 X31.613 Y82.002 E1454.24301
G1 X30.99 Y82.656 E1454.27306
G1 X30.221 Y83.219 E1454.30476
G1 F2700 E1449.30476
G0 F11250 X30.36 Y83.486
G0 X19.919 Y101.759
G0 X16.698 Y112.064
G1 F2700 E1454.30476
G1 F2250 X16.683 Y111.618 E1454.3196
G1 X19.177 Y102.313 E1454.64001
G1 X19.301 Y102.049 E1454.64971
G1 X19.54 Y101.752 E1454.66239
G1 X19.894 Y101.495 E1454.67694
G1 X20.277 Y101.389 E1454.69016
G1 X20.55 Y101.372 E1454.69925
G1 X20.864 Y101.419 E1454.70981
G1 X24.928 Y102.513 E1454.84979
G1 X34.959 Y82.31 E1455.60002
G1 X35.246 Y81.691 E1455.62271
G1 X35.477 Y81.039 E1455.64572
G1 X35.665 Y80.338 E1455.66986
G1 X47.88 Y26.873 E1457.49393
G1 X48.003 Y26.107 E1457.51973
G1 X48.025 Y25.371 E1457.54422
G1 X47.945 Y24.639 E1457.56871
G1 X47.775 Y23.924 E1457.59316
G1 X47.511 Y23.239 E1457.61757
G1 X47.156 Y22.59 E1457.64218
G1 X46.713 Y21.987 E1457.66706
G1 X46.212 Y21.463 E1457.69118
G1 X45.629 Y20.995 E1457.71604
G1 X45.005 Y20.62 E1457.74026
G1 X44.334 Y20.329 E1457.76458
G1 X43.607 Y20.12 E1457.78974
G1 X42.893 Y20.015 E1457.81374
G1 X42.151 Y20.002 E1457.83843
G1 X41.419 Y20.088 E1457.86294
G1 X40.697 Y20.271 E1457.88771
G1 X40.023 Y20.539 E1457.91184
G1 X39.371 Y20.904 E1457.93669
G1 X38.788 Y21.343 E1457.96096
G1 X38.259 Y21.863 E1457.98564
G1 X37.801 Y22.449 E1458.01037
G1 X37.435 Y23.074 E1458.03446
G1 X37.132 Y23.791 E1458.06035
G1 X7.684 Y108.7 E1461.04946
G1 X7.684 Y112.064 E1461.16135
G1 X16.698 Y112.064 E1461.46115
G0 F11250 X17.263 Y112.464
G1 F2250 X17.089 Y112.302 E1461.46906
G1 X17.069 Y111.721 E1461.4884
G1 X19.555 Y102.444 E1461.80784
G1 X19.722 Y102.142 E1461.81932
G1 X19.915 Y101.96 E1461.82814
G1 X20.129 Y101.843 E1461.83625
G1 X20.595 Y101.762 E1461.85198
G1 X25.14 Y102.985 E1462.00853
G1 X35.32 Y82.482 E1462.76989
G1 X35.601 Y81.864 E1462.79247
G1 X35.611 Y81.859 E1462.79284
G1 X35.86 Y81.158 E1462.81759
G1 X36.049 Y80.454 E1462.84183
G1 X48.273 Y26.949 E1464.66727
G1 X48.402 Y26.145 E1464.69435
G1 X48.426 Y25.356 E1464.7206
G1 X48.34 Y24.571 E1464.74687
G1 X48.158 Y23.806 E1464.77302
G1 X47.874 Y23.07 E1464.79926
G1 X47.494 Y22.375 E1464.82561
G1 X47.02 Y21.729 E1464.85226
G1 X46.483 Y21.167 E1464.87811
G1 X45.858 Y20.667 E1464.90473
G1 X45.189 Y20.264 E1464.93071
G1 X44.469 Y19.952 E1464.95681
G1 X43.691 Y19.728 E1464.98373
G1 X42.926 Y19.615 E1465.00945
G1 X42.131 Y19.602 E1465.0359
G1 X41.347 Y19.694 E1465.06215
G1 X40.574 Y19.89 E1465.08868
G1 X39.851 Y20.177 E1465.11455
G1 X39.152 Y20.568 E1465.14119
G1 X38.527 Y21.04 E1465.16724
G1 X37.96 Y21.596 E1465.19365
G1 X37.469 Y22.224 E1465.22017
G1 X37.076 Y22.894 E1465.246
G1 X36.759 Y23.647 E1465.27317
G1 X7.284 Y108.633 E1468.265
G1 X7.284 Y112.464 E1468.39242
G1 X17.263 Y112.464 E1468.72432
G0 F11250 X17.202 Y112.614
G0 X19.018 Y112.863
G1 F2250 X17.881 Y112.561 E1468.76345
G1 X17.468 Y112.173 E1468.78229
G1 X17.456 Y111.824 E1468.79391
G1 X19.947 Y102.516 E1469.11439
G1 X20.088 Y102.335 E1469.12202
G1 X20.277 Y102.214 E1469.12948
G1 X20.585 Y102.177 E1469.1398
G1 X25.353 Y103.456 E1469.30399
G1 X35.681 Y82.654 E1470.07645
G1 X35.964 Y82.034 E1470.09912
G1 X35.976 Y82.026 E1470.0996
G1 X36.242 Y81.277 E1470.12604
G1 X36.437 Y80.551 E1470.15104
G1 X48.666 Y27.025 E1471.97719
G1 X48.801 Y26.183 E1472.00556
G1 X48.826 Y25.34 E1472.03361
G1 X48.735 Y24.503 E1472.06161
G1 X48.541 Y23.687 E1472.08951
G1 X48.238 Y22.902 E1472.11749
G1 X47.832 Y22.159 E1472.14565
G1 X47.327 Y21.471 E1472.17404
G1 X46.753 Y20.872 E1472.20163
G1 X46.087 Y20.338 E1472.23002
G1 X45.372 Y19.907 E1472.25779
G1 X44.604 Y19.574 E1472.28563
G1 X43.776 Y19.336 E1472.31429
G1 X42.958 Y19.216 E1472.34179
G1 X42.111 Y19.201 E1472.36996
G1 X41.274 Y19.3 E1472.39799
G1 X40.45 Y19.508 E1472.42626
G1 X39.679 Y19.815 E1472.45386
G1 X38.933 Y20.232 E1472.48229
G1 X38.265 Y20.736 E1472.51012
G1 X37.661 Y21.329 E1472.53827
G1 X37.138 Y21.999 E1472.56654
G1 X36.718 Y22.714 E1472.59412
G1 X36.385 Y23.504 E1472.62264
G1 X6.884 Y108.566 E1475.61713
G1 X6.884 Y112.864 E1475.76008
G1 X19.018 Y112.863 E1476.16366
G1 F2700 E1471.16366
G0 F11250 X20.437 Y113.052
G0 X20.931 Y113.264
;TYPE:WALL-OUTER
G1 F2700 E1476.16366
G1 F2250 X21.064 Y112.995 E1476.17364
G1 X17.984 Y112.174 E1476.27966
G1 X17.846 Y112.045 E1476.28594
G1 X17.842 Y111.928 E1476.28984
G1 X20.315 Y102.693 E1476.60782
G1 X20.425 Y102.586 E1476.61292
G1 X20.529 Y102.573 E1476.61641
G1 X25.565 Y103.928 E1476.78986
G1 X36.043 Y82.826 E1477.57348
G1 X36.326 Y82.203 E1477.59624
G1 X36.341 Y82.194 E1477.59682
G1 X36.624 Y81.396 E1477.62498
G1 X36.835 Y80.606 E1477.65218
G1 X49.059 Y27.101 E1479.47761
G1 X49.2 Y26.221 E1479.50725
G1 X49.227 Y25.324 E1479.5371
G1 X49.13 Y24.435 E1479.56685
G1 X48.924 Y23.568 E1479.59648
G1 X48.602 Y22.733 E1479.62625
G1 X48.17 Y21.944 E1479.65617
G1 X47.634 Y21.213 E1479.68632
G1 X47.024 Y20.576 E1479.71565
G1 X46.317 Y20.009 E1479.74579
G1 X45.556 Y19.551 E1479.77534
G1 X44.74 Y19.197 E1479.80492
G1 X43.861 Y18.944 E1479.83534
G1 X42.991 Y18.816 E1479.86459
G1 X42.091 Y18.801 E1479.89453
G1 X41.201 Y18.906 E1479.92434
G1 X40.326 Y19.127 E1479.95435
G1 X39.507 Y19.453 E1479.98367
G1 X38.714 Y19.896 E1480.01388
G1 X38.003 Y20.432 E1480.0435
G1 X37.362 Y21.062 E1480.07339
G1 X36.806 Y21.773 E1480.10341
G1 X36.36 Y22.534 E1480.13275
G1 X36.011 Y23.36 E1480.16257
G1 X6.484 Y108.498 E1483.15974
G1 X6.484 Y113.264 E1483.31826
G1 X20.931 Y113.264 E1483.79877
G1 F2700 E1478.79877
G0 F11250 X20.437 Y113.052
G0 X17.513 Y112.282
G0 X20.201 Y102.25
G0 X30.48 Y83.411
G0 X30.06 Y82.849
G1 F2700 E1483.79877
G1 F2250 X29.3 Y83.25 E1483.82735
G1 X28.504 Y83.514 E1483.85524
G1 X27.704 Y83.642 E1483.88219
G1 X26.84 Y83.642 E1483.91092
G1 X26.012 Y83.506 E1483.93883
G1 X25.231 Y83.245 E1483.96622
G1 X24.484 Y82.849 E1483.99434
G1 X23.811 Y82.343 E1484.02234
G1 X23.235 Y81.738 E1484.05013
G1 X22.763 Y81.047 E1484.07796
G1 X22.403 Y80.288 E1484.1059
G1 X22.177 Y79.489 E1484.13352
G1 X22.077 Y78.685 E1484.16047
G1 X22.115 Y77.812 E1484.18953
G1 X22.271 Y77.032 E1484.21599
G1 X22.582 Y76.215 E1484.24506
G1 X22.982 Y75.523 E1484.27165
G1 X23.512 Y74.869 E1484.29964
G1 X24.16 Y74.295 E1484.32844
G1 X24.869 Y73.847 E1484.35633
G1 X25.644 Y73.521 E1484.3843
G1 X26.451 Y73.328 E1484.41189
G1 X27.289 Y73.26 E1484.43986
G1 X28.113 Y73.33 E1484.46736
G1 X28.917 Y73.526 E1484.49489
G1 X29.675 Y73.847 E1484.52226
G1 X30.409 Y74.314 E1484.5512
G1 X31.032 Y74.869 E1484.57895
G1 X31.562 Y75.523 E1484.60695
G1 X31.962 Y76.215 E1484.63353
G1 X32.264 Y77.005 E1484.66166
G1 X32.436 Y77.844 E1484.69015
G1 X32.467 Y78.684 E1484.71811
G1 X32.368 Y79.509 E1484.74574
G1 X32.137 Y80.3 E1484.77315
G1 X31.78 Y81.049 E1484.80075
G1 X31.309 Y81.738 E1484.82851
G1 X30.712 Y82.365 E1484.8573
G1 X30.06 Y82.849 E1484.88431
G0 F11250 X30.48 Y83.411
G0 X32.062 Y82.806
;TYPE:FILL
G1 F4500 X33.772 Y84.517 E1484.96477
G0 F11250 X32.75 Y86.576
G1 F4500 X13.669 Y91.688 E1485.62178
G0 F11250 X14.136 Y90.337
G1 F4500 X25.328 Y101.529 E1486.14822
G0 F11250 X25.636 Y100.905
G1 F4500 X22.442 Y101.761 E1486.2582
G0 F11250 X21.353 Y101.467
G1 F4500 X25.826 Y84.774 E1486.833
G0 F11250 X25.43 Y84.66
G1 F4500 X30.958 Y90.188 E1487.09302
G0 F11250 X30.153 Y91.808
G1 F4500 X32.844 Y81.763 E1487.4389
G0 F11250 X33.511 Y80.16
G1 F4500 X35.76 Y79.557 E1487.51634
G0 F11250 X36.047 Y78.306
G1 F4500 X32.733 Y74.993 E1487.6722
G0 F11250 X32.216 Y74.295
G1 F4500 X37.271 Y72.941 E1487.84626
G0 F11250 X37.625 Y71.399
G1 F4500 X25.062 Y58.836 E1488.43718
G0 F11250 X25.544 Y57.448
G1 F4500 X41.807 Y53.09 E1488.99718
G0 F11250 X42.36 Y50.678
G1 F4500 X31.618 Y39.936 E1489.50245
G1 X31.666 Y39.795
G1 X22.468 Y74.125 E1490.68454
G0 F11250 X22.928 Y73.673
G1 F4500 X20.692 Y71.437 E1490.78972
G0 F11250 X20.794 Y71.144
G1 F4500 X38.783 Y66.324 E1491.40914
G0 F11250 X39.203 Y64.492
G1 F4500 X27.248 Y52.537 E1491.97146
G0 F11250 X27.92 Y50.6
G1 F4500 X43.319 Y46.474 E1492.5017
G0 F11250 X43.938 Y43.771
G1 F4500 X33.803 Y33.636 E1492.97842
G0 F11250 X32.67 Y36.904
G1 F4500 X46.343 Y33.24 E1493.44923
G0 F11250 X47.095 Y29.957
G1 F4500 X38.69 Y21.553 E1493.84456
G0 F11250 X37.472 Y23.194
G1 F4500 X45.537 Y21.033 E1494.12226
G0 F11250 X43.147 Y20.132
G1 F4500 X29.174 Y72.278 E1495.91783
G0 F11250 X30.752 Y73.012
G1 F4500 X22.877 Y65.137 E1496.28825
G0 F11250 X23.17 Y64.296
G1 F4500 X40.295 Y59.707 E1496.87792
G0 F11250 X40.782 Y57.585
G1 F4500 X29.433 Y46.236 E1497.41174
G0 F11250 X30.294 Y43.752
G1 F4500 X44.831 Y39.857 E1497.9123
G0 F11250 X45.516 Y36.864
G1 F4500 X35.987 Y27.335 E1498.36052
G0 F11250 X35.044 Y30.056
G1 F4500 X47.838 Y26.628 E1498.80106
G0 F11250 X47.944 Y25.41
G1 F4500 X33.741 Y78.417 E1500.62627
G0 F11250 X32.333 Y81.382
G0 X31.799 Y82.156
G0 X31.148 Y82.835
G0 X30.396 Y83.399
G0 X29.564 Y83.836
G0 X28.672 Y84.134
G0 X27.743 Y84.285
G0 X26.804 Y84.285
G0 X26.053 Y84.163
G0 X22.719 Y83.052
G1 F4500 X16.044 Y84.84 E1500.85611
G0 F11250 X16.322 Y84.038
G1 F4500 X28.143 Y95.858 E1501.41211
G0 F11250 X29.194 Y93.74
G1 F4500 X11.294 Y98.536 E1502.02846
G0 F11250 X11.952 Y96.637
G1 F4500 X18.781 Y103.467 E1502.3497
G0 F11250 X18.99 Y102.686
G1 F4500 X8.919 Y105.384 E1502.69648
G0 F11250 X9.767 Y102.938
G1 F4500 X16.991 Y110.162 E1503.03627
G0 F11250 X17.2 Y109.377
G1 F4500 X7.765 Y111.905 E1503.36115
G0 F11250 X7.764 Y109.421
G1 F4500 X10.328 Y111.985 E1503.48175
G0 F11250 X12.323 Y111.985
G1 F4500 X20.94 Y79.826 E1504.5891
G0 F11250 X21.077 Y80.308
G1 F4500 X18.507 Y77.737 E1504.71
G0 F11250 X18.419 Y77.992
G1 F4500 X20.908 Y77.325 E1504.79571
;MESH:NONMESH
G0 F300 X20.908 Y77.325 Z4.6
G0 F11250 X21.812 Y80.534
G0 X22.215 Y81.382
G0 X22.749 Y82.156
G0 X23.4 Y82.835
G0 X24.152 Y83.399
G0 X24.984 Y83.836
G0 X25.877 Y84.134
G0 X26.804 Y84.285
G0 X27.564 Y84.285
G0 X30.694 Y83.873
;TIME_ELAPSED:1556.014031
;LAYER:22
;TYPE:WALL-INNER
;MESH:Sperrklinke
G1 F2250 X29.787 Y84.353 E1504.82984
G1 X28.806 Y84.681 E1504.86424
G1 X27.788 Y84.844 E1504.89853
G1 X26.755 Y84.844 E1504.93289
G1 X25.738 Y84.681 E1504.96715
G1 X24.77 Y84.353 E1505.00114
G1 X23.858 Y83.879 E1505.03533
G1 X23.025 Y83.256 E1505.06993
G1 X22.307 Y82.507 E1505.10444
G1 X21.728 Y81.663 E1505.13848
G1 X21.282 Y80.729 E1505.1729
G1 X20.999 Y79.742 E1505.20705
G1 X20.872 Y78.717 E1505.24141
G1 X20.918 Y77.686 E1505.27573
G1 X21.117 Y76.687 E1505.30961
G1 X21.484 Y75.718 E1505.34407
G1 X21.996 Y74.831 E1505.37814
G1 X22.652 Y74.026 E1505.41268
G1 X23.422 Y73.342 E1505.44693
G1 X24.296 Y72.787 E1505.48137
G1 X25.25 Y72.382 E1505.51584
G1 X26.247 Y72.141 E1505.54995
G1 X27.268 Y72.054 E1505.58404
G1 X28.309 Y72.146 E1505.61879
G1 X29.302 Y72.389 E1505.6528
G1 X30.246 Y72.786 E1505.68686
G1 X31.122 Y73.342 E1505.72137
G1 X31.892 Y74.026 E1505.75562
G1 X32.545 Y74.827 E1505.78999
G1 X33.057 Y75.714 E1505.82406
G1 X33.425 Y76.682 E1505.8585
G1 X33.63 Y77.676 E1505.89226
G1 X33.672 Y78.705 E1505.92651
G1 X33.552 Y79.733 E1505.96093
G1 X33.256 Y80.743 E1505.99594
G1 X32.817 Y81.663 E1506.02985
G1 X32.235 Y82.511 E1506.06405
G1 X31.52 Y83.26 E1506.09849
G1 X30.694 Y83.873 E1506.13271
G0 F11250 X30.472 Y83.539
G1 F2250 X29.633 Y83.983 E1506.16428
G1 X28.713 Y84.291 E1506.19655
G1 X27.755 Y84.444 E1506.22881
G1 X26.788 Y84.444 E1506.26098
G1 X25.836 Y84.291 E1506.29305
G1 X24.924 Y83.984 E1506.32505
G1 X24.07 Y83.539 E1506.35708
G1 X23.295 Y82.96 E1506.38926
G1 X22.62 Y82.257 E1506.42167
G1 X22.074 Y81.462 E1506.45375
G1 X21.656 Y80.583 E1506.48612
G1 X21.393 Y79.666 E1506.51785
G1 X21.273 Y78.701 E1506.55019
G1 X21.324 Y77.692 E1506.5838
G1 X21.502 Y76.799 E1506.61408
G1 X21.849 Y75.885 E1506.6466
G1 X22.328 Y75.057 E1506.67841
G1 X22.944 Y74.3 E1506.71088
G1 X23.665 Y73.661 E1506.74292
G1 X24.477 Y73.145 E1506.77492
G1 X25.375 Y72.764 E1506.80736
G1 X26.31 Y72.537 E1506.83936
G1 X27.271 Y72.456 E1506.87144
G1 X28.241 Y72.537 E1506.90381
G1 X29.17 Y72.764 E1506.93562
G1 X30.067 Y73.145 E1506.96804
G1 X30.879 Y73.661 E1507.00004
G1 X31.603 Y74.303 E1507.03222
G1 X32.211 Y75.049 E1507.06423
G1 X32.693 Y75.883 E1507.09627
G1 X33.04 Y76.794 E1507.12869
G1 X33.231 Y77.725 E1507.1603
G1 X33.271 Y78.697 E1507.19266
G1 X33.149 Y79.687 E1507.22583
G1 X32.891 Y80.568 E1507.25637
G1 X32.468 Y81.465 E1507.28935
G1 X31.925 Y82.256 E1507.32126
G1 X31.257 Y82.957 E1507.35347
G1 X30.472 Y83.539 E1507.38597
G0 F11250 X30.221 Y83.219
G1 F2250 X29.476 Y83.612 E1507.41399
G1 X28.614 Y83.902 E1507.44424
G1 X27.723 Y84.044 E1507.47424
G1 X26.82 Y84.044 E1507.50428
G1 X25.931 Y83.901 E1507.53423
G1 X25.077 Y83.615 E1507.56418
G1 X24.282 Y83.198 E1507.59404
G1 X23.555 Y82.654 E1507.62424
G1 X22.935 Y82.008 E1507.65402
G1 X22.422 Y81.26 E1507.68419
G1 X22.033 Y80.448 E1507.71413
G1 X21.785 Y79.583 E1507.74406
G1 X21.674 Y78.683 E1507.77422
G1 X21.719 Y77.756 E1507.80509
G1 X21.901 Y76.875 E1507.83501
G1 X22.213 Y76.055 E1507.86419
G1 X22.659 Y75.284 E1507.89382
G1 X23.202 Y74.616 E1507.92245
G1 X23.903 Y73.984 E1507.95384
G1 X24.669 Y73.498 E1507.98402
G1 X25.503 Y73.143 E1508.01416
G1 X26.326 Y72.944 E1508.04233
G1 X27.271 Y72.857 E1508.07389
G1 X28.178 Y72.936 E1508.10417
G1 X29.005 Y73.135 E1508.13246
G1 X29.873 Y73.497 E1508.16374
G1 X30.638 Y73.983 E1508.19389
G1 X31.311 Y74.577 E1508.22374
G1 X31.883 Y75.279 E1508.25386
G1 X32.33 Y76.053 E1508.28359
G1 X32.654 Y76.905 E1508.31391
G1 X32.834 Y77.779 E1508.34358
G1 X32.87 Y78.684 E1508.37371
G1 X32.758 Y79.598 E1508.40434
G1 X32.514 Y80.434 E1508.4333
G1 X32.138 Y81.227 E1508.46249
G1 X31.613 Y82.002 E1508.49363
G1 X30.99 Y82.656 E1508.52367
G1 X30.221 Y83.219 E1508.55537
G1 F2700 E1503.55537
G0 F11250 X30.36 Y83.486
G0 X19.923 Y101.743
G0 X16.689 Y112.064
G1 F2700 E1508.55537
G1 F2250 X16.676 Y111.633 E1508.56971
G1 X19.185 Y102.265 E1508.89227
G1 X19.305 Y102.032 E1508.90099
G1 X19.6 Y101.667 E1508.9166
G1 X19.985 Y101.455 E1508.93122
G1 X20.282 Y101.373 E1508.94146
G1 X20.555 Y101.356 E1508.95056
G1 X20.869 Y101.404 E1508.96113
G1 X24.936 Y102.501 E1509.10123
G1 X34.959 Y82.31 E1509.85098
G1 X35.246 Y81.691 E1509.87367
G1 X35.477 Y81.039 E1509.89668
G1 X35.665 Y80.338 E1509.92081
G1 X47.88 Y26.873 E1511.74489
G1 X48.003 Y26.107 E1511.77069
G1 X48.025 Y25.371 E1511.79518
G1 X47.945 Y24.639 E1511.81967
G1 X47.775 Y23.924 E1511.84412
G1 X47.511 Y23.239 E1511.86853
G1 X47.156 Y22.59 E1511.89314
G1 X46.713 Y21.987 E1511.91802
G1 X46.212 Y21.463 E1511.94214
G1 X45.629 Y20.995 E1511.967
G1 X45.005 Y20.62 E1511.99122
G1 X44.334 Y20.329 E1512.01554
G1 X43.607 Y20.12 E1512.0407
G1 X42.893 Y20.015 E1512.0647
G1 X42.151 Y20.002 E1512.08939
G1 X41.419 Y20.088 E1512.1139
G1 X40.697 Y20.271 E1512.13867
G1 X40.023 Y20.539 E1512.1628
G1 X39.371 Y20.904 E1512.18765
G1 X38.788 Y21.343 E1512.21192
G1 X38.259 Y21.863 E1512.2366
G1 X37.801 Y22.449 E1512.26133
G1 X37.435 Y23.074 E1512.28542
G1 X37.132 Y23.791 E1512.31131
G1 X7.684 Y108.7 E1515.30042
G1 X7.684 Y112.064 E1515.41231
G1 X16.689 Y112.064 E1515.71181
G0 F11250 X17.237 Y112.464
G1 F2250 X17.081 Y112.318 E1515.71892
G1 X17.062 Y111.737 E1515.73826
G1 X19.559 Y102.428 E1516.05882
G1 X19.647 Y102.239 E1516.06575
G1 X19.818 Y102.027 E1516.07481
G1 X20.025 Y101.877 E1516.08331
G1 X20.345 Y101.768 E1516.09456
G1 X20.765 Y101.79 E1516.10855
G1 X25.148 Y102.972 E1516.25953
G1 X35.32 Y82.482 E1517.02039
G1 X35.601 Y81.864 E1517.04297
G1 X35.611 Y81.859 E1517.04334
G1 X35.86 Y81.158 E1517.06809
G1 X36.049 Y80.454 E1517.09233
G1 X48.273 Y26.949 E1518.91777
G1 X48.402 Y26.145 E1518.94485
G1 X48.426 Y25.356 E1518.9711
G1 X48.34 Y24.571 E1518.99737
G1 X48.158 Y23.806 E1519.02352
G1 X47.874 Y23.07 E1519.04976
G1 X47.494 Y22.375 E1519.07611
G1 X47.02 Y21.729 E1519.10276
G1 X46.483 Y21.167 E1519.12861
G1 X45.858 Y20.667 E1519.15523
G1 X45.189 Y20.264 E1519.18121
G1 X44.469 Y19.952 E1519.20731
G1 X43.691 Y19.728 E1519.23423
G1 X42.926 Y19.615 E1519.25996
G1 X42.131 Y19.602 E1519.2864
G1 X41.347 Y19.694 E1519.31266
G1 X40.574 Y19.89 E1519.33918
G1 X39.851 Y20.177 E1519.36505
G1 X39.152 Y20.568 E1519.39169
G1 X38.527 Y21.04 E1519.41774
G1 X37.96 Y21.596 E1519.44415
G1 X37.469 Y22.224 E1519.47067
G1 X37.076 Y22.894 E1519.4965
G1 X36.759 Y23.647 E1519.52367
G1 X7.284 Y108.633 E1522.5155
G1 X7.284 Y112.464 E1522.64292
G1 X17.237 Y112.464 E1522.97395
G0 F11250 X17.174 Y112.614
G0 X18.948 Y112.862
G1 F2250 X17.873 Y112.577 E1523.01094
G1 X17.459 Y112.189 E1523.02982
G1 X17.448 Y111.84 E1523.04143
G1 X19.951 Y102.5 E1523.36304
G1 X20.092 Y102.319 E1523.37067
G1 X20.281 Y102.198 E1523.37814
G1 X20.563 Y102.15 E1523.38765
G1 X25.361 Y103.444 E1523.55293
G1 X35.681 Y82.654 E1524.32492
G1 X35.964 Y82.034 E1524.34759
G1 X35.976 Y82.026 E1524.34807
G1 X36.242 Y81.277 E1524.3745
G1 X36.437 Y80.551 E1524.3995
G1 X48.666 Y27.025 E1526.22566
G1 X48.801 Y26.183 E1526.25402
G1 X48.826 Y25.34 E1526.28207
G1 X48.735 Y24.503 E1526.31007
G1 X48.541 Y23.687 E1526.33797
G1 X48.238 Y22.902 E1526.36596
G1 X47.832 Y22.159 E1526.39412
G1 X47.327 Y21.471 E1526.4225
G1 X46.753 Y20.872 E1526.4501
G1 X46.087 Y20.338 E1526.47849
G1 X45.372 Y19.907 E1526.50626
G1 X44.604 Y19.574 E1526.5341
G1 X43.776 Y19.336 E1526.56275
G1 X42.958 Y19.216 E1526.59025
G1 X42.111 Y19.201 E1526.61843
G1 X41.274 Y19.3 E1526.64646
G1 X40.45 Y19.508 E1526.67473
G1 X39.679 Y19.815 E1526.70233
G1 X38.933 Y20.232 E1526.73075
G1 X38.265 Y20.736 E1526.75859
G1 X37.661 Y21.329 E1526.78674
G1 X37.138 Y21.999 E1526.81501
G1 X36.718 Y22.714 E1526.84259
G1 X36.385 Y23.504 E1526.8711
G1 X6.884 Y108.566 E1529.8656
G1 X6.884 Y112.864 E1530.00855
G1 X18.948 Y112.862 E1530.4098
G1 F2700 E1525.4098
G0 F11250 X20.377 Y113.052
G0 X20.931 Y113.264
;TYPE:WALL-OUTER
G1 F2700 E1530.4098
G1 F2250 X21.056 Y113.01 E1530.41921
G1 X17.976 Y112.19 E1530.52522
G1 X17.838 Y112.061 E1530.53151
G1 X17.834 Y111.944 E1530.5354
G1 X20.319 Y102.677 E1530.85451
G1 X20.429 Y102.57 E1530.85962
G1 X20.533 Y102.557 E1530.8631
G1 X25.573 Y103.916 E1531.03672
G1 X36.043 Y82.826 E1531.81986
G1 X36.326 Y82.203 E1531.84262
G1 X36.341 Y82.194 E1531.8432
G1 X36.624 Y81.396 E1531.87136
G1 X36.835 Y80.606 E1531.89856
G1 X49.059 Y27.101 E1533.72399
G1 X49.2 Y26.221 E1533.75364
G1 X49.227 Y25.324 E1533.78348
G1 X49.13 Y24.435 E1533.81323
G1 X48.924 Y23.568 E1533.84287
G1 X48.602 Y22.733 E1533.87263
G1 X48.17 Y21.944 E1533.90255
G1 X47.634 Y21.213 E1533.9327
G1 X47.024 Y20.576 E1533.96203
G1 X46.317 Y20.009 E1533.99218
G1 X45.556 Y19.551 E1534.02172
G1 X44.74 Y19.197 E1534.0513
G1 X43.861 Y18.944 E1534.08173
G1 X42.991 Y18.816 E1534.11097
G1 X42.091 Y18.801 E1534.14091
G1 X41.201 Y18.906 E1534.17072
G1 X40.326 Y19.127 E1534.20074
G1 X39.507 Y19.453 E1534.23005
G1 X38.714 Y19.896 E1534.26027
G1 X38.003 Y20.432 E1534.28988
G1 X37.362 Y21.062 E1534.31977
G1 X36.806 Y21.773 E1534.34979
G1 X36.36 Y22.534 E1534.37913
G1 X36.011 Y23.36 E1534.40896
G1 X6.484 Y108.498 E1537.40612
G1 X6.484 Y113.264 E1537.56464
G1 X20.931 Y113.264 E1538.04515
G1 F2700 E1533.04515
G0 F11250 X20.377 Y113.052
G0 X17.507 Y112.303
G0 X20.205 Y102.234
G0 X30.48 Y83.411
G0 X30.06 Y82.849
G1 F2700 E1538.04515
G1 F2250 X29.3 Y83.25 E1538.07373
G1 X28.504 Y83.514 E1538.10162
G1 X27.704 Y83.642 E1538.12857
G1 X26.84 Y83.642 E1538.15731
G1 X26.012 Y83.506 E1538.18521
G1 X25.231 Y83.245 E1538.2126
G1 X24.484 Y82.849 E1538.24072
G1 X23.811 Y82.343 E1538.26873
G1 X23.235 Y81.738 E1538.29651
G1 X22.763 Y81.047 E1538.32434
G1 X22.403 Y80.288 E1538.35228
G1 X22.177 Y79.489 E1538.3799
G1 X22.077 Y78.685 E1538.40685
G1 X22.115 Y77.812 E1538.43591
G1 X22.271 Y77.032 E1538.46237
G1 X22.582 Y76.215 E1538.49144
G1 X22.982 Y75.523 E1538.51803
G1 X23.512 Y74.869 E1538.54603
G1 X24.16 Y74.295 E1538.57482
G1 X24.869 Y73.847 E1538.60271
G1 X25.644 Y73.521 E1538.63068
G1 X26.451 Y73.328 E1538.65828
G1 X27.289 Y73.26 E1538.68624
G1 X28.113 Y73.33 E1538.71374
G1 X28.917 Y73.526 E1538.74127
G1 X29.675 Y73.847 E1538.76865
G1 X30.409 Y74.314 E1538.79758
G1 X31.032 Y74.869 E1538.82533
G1 X31.562 Y75.523 E1538.85333
G1 X31.962 Y76.215 E1538.87992
G1 X32.264 Y77.005 E1538.90805
G1 X32.436 Y77.844 E1538.93653
G1 X32.467 Y78.684 E1538.96449
G1 X32.368 Y79.509 E1538.99213
G1 X32.137 Y80.3 E1539.01953
G1 X31.78 Y81.049 E1539.04713
G1 X31.309 Y81.738 E1539.07489
G1 X30.712 Y82.365 E1539.10368
G1 X30.06 Y82.849 E1539.13069
G0 F11250 X30.48 Y83.411
G0 X32.159 Y82.705
;TYPE:FILL
G1 F4500 X33.839 Y84.384 E1539.20969
G0 F11250 X32.604 Y82.115
G1 F4500 X29.834 Y92.452 E1539.56563
G0 F11250 X29.111 Y93.908
G1 F4500 X11.238 Y98.698 E1540.18107
G0 F11250 X12.003 Y96.49
G1 F4500 X18.823 Y103.31 E1540.50186
G0 F11250 X18.947 Y102.843
G1 F4500 X8.863 Y105.545 E1540.84909
G0 F11250 X9.818 Y102.79
G1 F4500 X17.031 Y110.002 E1541.18834
G0 F11250 X17.154 Y109.535
G1 F4500 X8.015 Y111.984 E1541.50303
G0 F11250 X10.527 Y111.984
G1 F4500 X7.764 Y109.221 E1541.63299
G0 F11250 X12.177 Y111.984
G1 F4500 X20.886 Y79.481 E1542.75218
G0 F11250 X20.998 Y80.029
G1 F4500 X18.558 Y77.589 E1542.86695
G0 F11250 X18.363 Y78.153
G1 F4500 X20.878 Y77.48 E1542.95354
G0 F11250 X22.25 Y74.393
G1 F4500 X31.024 Y41.646 E1544.08113
G0 F11250 X31.668 Y39.787
G1 F4500 X42.397 Y50.516 E1544.58579
G0 F11250 X41.772 Y53.246
G1 F4500 X25.489 Y57.609 E1545.14647
G0 F11250 X25.114 Y58.688
G1 F4500 X37.663 Y71.237 E1545.73673
G0 F11250 X37.236 Y73.096
G1 F4500 X32.313 Y74.415 E1545.90625
G0 F11250 X32.131 Y74.191
G1 F4500 X36.084 Y78.144 E1546.09219
G0 F11250 X35.725 Y79.713
G1 F4500 X33.464 Y80.319 E1546.17004
G0 F11250 X33.721 Y77.946
G1 F4500 X47.905 Y25.01 E1547.99281
G0 F11250 X47.814 Y26.78
G1 F4500 X34.989 Y30.217 E1548.43442
G0 F11250 X36.039 Y27.188
G1 F4500 X45.554 Y36.702 E1548.88195
G0 F11250 X46.308 Y33.395
G1 F4500 X32.613 Y37.065 E1549.35352
G0 F11250 X33.854 Y33.488
G1 F4500 X43.976 Y43.609 E1549.82961
G0 F11250 X43.284 Y46.629
G1 F4500 X27.863 Y50.761 E1550.36061
G0 F11250 X27.299 Y52.388
G1 F4500 X39.241 Y64.33 E1550.92232
G0 F11250 X38.748 Y66.479
G1 F4500 X20.739 Y71.305 E1551.54244
G1 X20.744 Y71.289
G1 X23.033 Y73.579 E1551.65013
G0 F11250 X26.007 Y72.784
G0 X29.037 Y72.244
G1 F4500 X43.006 Y20.112 E1553.44521
G0 F11250 X45.682 Y21.14
G1 F4500 X37.402 Y23.359 E1553.73033
G0 F11250 X38.791 Y21.454
G1 F4500 X47.132 Y29.795 E1554.12266
G0 F11250 X44.796 Y40.012
G1 F4500 X30.239 Y43.913 E1554.62391
G0 F11250 X29.484 Y46.088
G1 F4500 X40.819 Y57.423 E1555.15708
G0 F11250 X40.26 Y59.863
G1 F4500 X23.113 Y64.457 E1555.7475
G0 F11250 X22.929 Y64.989
G1 F4500 X31.595 Y73.655 E1556.15512
G0 F11250 X32.886 Y76.836
G0 X33.074 Y77.758
G0 X33.111 Y78.697
G0 X32.998 Y79.631
G0 X32.736 Y80.534
G0 X32.333 Y81.382
G0 X31.799 Y82.156
G0 X31.148 Y82.835
G0 X30.396 Y83.399
G0 X29.564 Y83.836
G0 X28.841 Y84.077
G0 X25.715 Y84.746
G1 F4500 X31.024 Y90.055 E1556.40484
G0 F11250 X32.667 Y86.744
G1 F4500 X13.613 Y91.849 E1557.06093
G0 F11250 X14.188 Y90.189
G1 F4500 X25.396 Y101.397 E1557.58812
G0 F11250 X25.555 Y101.073
G1 F4500 X22.743 Y101.826 E1557.68495
G0 F11250 X21.221 Y101.415
G1 F4500 X25.689 Y84.739 E1558.25915
G0 F11250 X22.83 Y83.168
G1 F4500 X15.989 Y85.001 E1558.49471
G0 F11250 X16.373 Y83.889
G1 F4500 X28.21 Y95.726 E1559.05149
;MESH:NONMESH
G0 F300 X28.21 Y95.726 Z4.8
G0 F11250 X30.694 Y83.873
;TIME_ELAPSED:1605.103943
;LAYER:23
;TYPE:WALL-INNER
;MESH:Sperrklinke
G1 F2250 X29.787 Y84.353 E1559.08562
G1 X28.806 Y84.681 E1559.12002
G1 X27.788 Y84.844 E1559.15431
G1 X26.755 Y84.844 E1559.18867
G1 X25.738 Y84.681 E1559.22293
G1 X24.77 Y84.353 E1559.25692
G1 X23.858 Y83.879 E1559.29111
G1 X23.025 Y83.256 E1559.32571
G1 X22.307 Y82.507 E1559.36022
G1 X21.728 Y81.663 E1559.39426
G1 X21.282 Y80.729 E1559.42868
G1 X20.999 Y79.742 E1559.46283
G1 X20.872 Y78.717 E1559.49719
G1 X20.918 Y77.686 E1559.53151
G1 X21.117 Y76.687 E1559.56539
G1 X21.484 Y75.718 E1559.59985
G1 X21.996 Y74.831 E1559.63392
G1 X22.652 Y74.026 E1559.66846
G1 X23.422 Y73.342 E1559.70271
G1 X24.296 Y72.787 E1559.73715
G1 X25.25 Y72.382 E1559.77162
G1 X26.247 Y72.141 E1559.80573
G1 X27.268 Y72.054 E1559.83981
G1 X28.309 Y72.146 E1559.87457
G1 X29.302 Y72.389 E1559.90858
G1 X30.246 Y72.786 E1559.94264
G1 X31.122 Y73.342 E1559.97715
G1 X31.892 Y74.026 E1560.0114
G1 X32.545 Y74.827 E1560.04577
G1 X33.057 Y75.714 E1560.07984
G1 X33.425 Y76.682 E1560.11428
G1 X33.63 Y77.676 E1560.14804
G1 X33.672 Y78.705 E1560.18229
G1 X33.552 Y79.733 E1560.21671
G1 X33.256 Y80.743 E1560.25172
G1 X32.817 Y81.663 E1560.28562
G1 X32.235 Y82.511 E1560.31983
G1 X31.52 Y83.26 E1560.35427
G1 X30.694 Y83.873 E1560.38849
G0 F11250 X30.472 Y83.539
G1 F2250 X29.633 Y83.983 E1560.42006
G1 X28.713 Y84.291 E1560.45233
G1 X27.755 Y84.444 E1560.48459
G1 X26.788 Y84.444 E1560.51676
G1 X25.836 Y84.291 E1560.54882
G1 X24.924 Y83.984 E1560.58083
G1 X24.07 Y83.539 E1560.61286
G1 X23.295 Y82.96 E1560.64504
G1 X22.62 Y82.257 E1560.67745
G1 X22.074 Y81.462 E1560.70953
G1 X21.656 Y80.583 E1560.7419
G1 X21.393 Y79.666 E1560.77363
G1 X21.273 Y78.701 E1560.80597
G1 X21.324 Y77.692 E1560.83958
G1 X21.502 Y76.799 E1560.86986
G1 X21.849 Y75.885 E1560.90238
G1 X22.328 Y75.057 E1560.93419
G1 X22.944 Y74.3 E1560.96665
G1 X23.665 Y73.661 E1560.9987
G1 X24.477 Y73.145 E1561.0307
G1 X25.375 Y72.764 E1561.06314
G1 X26.31 Y72.537 E1561.09514
G1 X27.271 Y72.456 E1561.12722
G1 X28.241 Y72.537 E1561.15959
G1 X29.17 Y72.764 E1561.1914
G1 X30.067 Y73.145 E1561.22382
G1 X30.879 Y73.661 E1561.25581
G1 X31.603 Y74.303 E1561.288
G1 X32.211 Y75.049 E1561.32001
G1 X32.693 Y75.883 E1561.35205
G1 X33.04 Y76.794 E1561.38447
G1 X33.231 Y77.725 E1561.41608
G1 X33.271 Y78.697 E1561.44844
G1 X33.149 Y79.687 E1561.48161
G1 X32.891 Y80.568 E1561.51215
G1 X32.468 Y81.465 E1561.54513
G1 X31.925 Y82.256 E1561.57704
G1 X31.257 Y82.957 E1561.60925
G1 X30.472 Y83.539 E1561.64175
G0 F11250 X30.221 Y83.219
G1 F2250 X29.476 Y83.612 E1561.66977
G1 X28.614 Y83.902 E1561.70001
G1 X27.723 Y84.044 E1561.73002
G1 X26.82 Y84.044 E1561.76006
G1 X25.932 Y83.901 E1561.78997
G1 X25.071 Y83.614 E1561.82016
G1 X24.282 Y83.197 E1561.84984
G1 X23.555 Y82.654 E1561.88002
G1 X22.935 Y82.008 E1561.9098
G1 X22.422 Y81.26 E1561.93997
G1 X22.033 Y80.448 E1561.96992
G1 X21.785 Y79.583 E1561.99984
G1 X21.674 Y78.683 E1562.03001
G1 X21.719 Y77.756 E1562.06087
G1 X21.901 Y76.875 E1562.09079
G1 X22.213 Y76.055 E1562.11998
G1 X22.659 Y75.284 E1562.1496
G1 X23.202 Y74.616 E1562.17823
G1 X23.903 Y73.984 E1562.20962
G1 X24.669 Y73.498 E1562.2398
G1 X25.503 Y73.143 E1562.26994
G1 X26.326 Y72.944 E1562.29811
G1 X27.27 Y72.858 E1562.32963
G1 X28.176 Y72.934 E1562.35987
G1 X29.005 Y73.135 E1562.38825
G1 X29.873 Y73.497 E1562.41953
G1 X30.638 Y73.983 E1562.44967
G1 X31.311 Y74.577 E1562.47953
G1 X31.883 Y75.279 E1562.50964
G1 X32.33 Y76.053 E1562.53937
G1 X32.654 Y76.905 E1562.56969
G1 X32.834 Y77.779 E1562.59937
G1 X32.87 Y78.684 E1562.62949
G1 X32.758 Y79.598 E1562.66012
G1 X32.514 Y80.434 E1562.68909
G1 X32.138 Y81.227 E1562.71828
G1 X31.613 Y82.002 E1562.74941
G1 X30.99 Y82.656 E1562.77945
G1 X30.221 Y83.219 E1562.81115
G1 F2700 E1557.81115
G0 F11250 X30.36 Y83.486
G0 X19.921 Y101.746
G0 X16.689 Y112.064
G1 F2700 E1562.81115
G1 F2250 X16.676 Y111.633 E1562.82549
G1 X19.185 Y102.265 E1563.14805
G1 X19.305 Y102.032 E1563.15677
G1 X19.6 Y101.667 E1563.17238
G1 X19.985 Y101.455 E1563.187
G1 X20.282 Y101.373 E1563.19725
G1 X20.555 Y101.356 E1563.20634
G1 X20.865 Y101.403 E1563.21677
G1 X24.942 Y102.488 E1563.35709
G1 X34.959 Y82.31 E1564.10636
G1 X35.246 Y81.691 E1564.12906
G1 X35.477 Y81.039 E1564.15206
G1 X35.665 Y80.338 E1564.1762
G1 X47.88 Y26.873 E1566.00028
G1 X48.003 Y26.107 E1566.02608
G1 X48.025 Y25.371 E1566.05057
G1 X47.945 Y24.639 E1566.07506
G1 X47.775 Y23.924 E1566.09951
G1 X47.511 Y23.239 E1566.12392
G1 X47.156 Y22.59 E1566.14853
G1 X46.713 Y21.987 E1566.17341
G1 X46.212 Y21.463 E1566.19753
G1 X45.629 Y20.995 E1566.22239
G1 X45.005 Y20.62 E1566.2466
G1 X44.334 Y20.329 E1566.27093
G1 X43.607 Y20.12 E1566.29609
G1 X42.893 Y20.015 E1566.32009
G1 X42.151 Y20.002 E1566.34478
G1 X41.419 Y20.088 E1566.36929
G1 X40.697 Y20.271 E1566.39406
G1 X40.023 Y20.539 E1566.41819
G1 X39.371 Y20.904 E1566.44304
G1 X38.788 Y21.343 E1566.46731
G1 X38.259 Y21.863 E1566.49199
G1 X37.801 Y22.449 E1566.51672
G1 X37.435 Y23.074 E1566.54081
G1 X37.132 Y23.791 E1566.5667
G1 X7.684 Y108.7 E1569.55581
G1 X7.684 Y112.064 E1569.6677
G1 X16.689 Y112.064 E1569.9672
G0 F11250 X17.237 Y112.464
G1 F2250 X17.08 Y112.317 E1569.97436
G1 X17.062 Y111.737 E1569.99366
G1 X19.559 Y102.428 E1570.31422
G1 X19.647 Y102.239 E1570.32116
G1 X19.818 Y102.027 E1570.33021
G1 X20.025 Y101.877 E1570.33872
G1 X20.345 Y101.768 E1570.34996
G1 X20.762 Y101.789 E1570.36385
G1 X25.155 Y102.959 E1570.51505
G1 X35.32 Y82.482 E1571.27542
G1 X35.601 Y81.864 E1571.298
G1 X35.611 Y81.859 E1571.29837
G1 X35.86 Y81.158 E1571.32311
G1 X36.049 Y80.454 E1571.34736
G1 X48.273 Y26.949 E1573.17279
G1 X48.402 Y26.145 E1573.19988
G1 X48.426 Y25.356 E1573.22613
G1 X48.34 Y24.571 E1573.2524
G1 X48.158 Y23.806 E1573.27855
G1 X47.874 Y23.07 E1573.30479
G1 X47.494 Y22.375 E1573.33114
G1 X47.02 Y21.729 E1573.35779
G1 X46.483 Y21.167 E1573.38364
G1 X45.858 Y20.667 E1573.41026
G1 X45.189 Y20.264 E1573.43624
G1 X44.469 Y19.952 E1573.46234
G1 X43.691 Y19.728 E1573.48926
G1 X42.926 Y19.615 E1573.51498
G1 X42.131 Y19.602 E1573.54143
G1 X41.347 Y19.694 E1573.56768
G1 X40.574 Y19.89 E1573.59421
G1 X39.851 Y20.177 E1573.62008
G1 X39.152 Y20.568 E1573.64672
G1 X38.527 Y21.04 E1573.67277
G1 X37.96 Y21.596 E1573.69918
G1 X37.469 Y22.224 E1573.72569
G1 X37.076 Y22.894 E1573.75153
G1 X36.759 Y23.647 E1573.7787
G1 X7.284 Y108.633 E1576.77052
G1 X7.284 Y112.464 E1576.89794
G1 X17.237 Y112.464 E1577.22898
G0 F11250 X17.173 Y112.614
G0 X18.935 Y112.863
G1 F2250 X17.871 Y112.576 E1577.26564
G1 X17.459 Y112.189 E1577.28444
G1 X17.448 Y111.84 E1577.29605
G1 X19.951 Y102.5 E1577.61766
G1 X20.092 Y102.319 E1577.62529
G1 X20.281 Y102.198 E1577.63276
G1 X20.588 Y102.161 E1577.64304
G1 X25.368 Y103.43 E1577.80753
G1 X35.681 Y82.654 E1578.57899
G1 X35.964 Y82.034 E1578.60166
G1 X35.976 Y82.026 E1578.60214
G1 X36.242 Y81.277 E1578.62858
G1 X36.437 Y80.551 E1578.65358
G1 X48.666 Y27.025 E1580.47974
G1 X48.801 Y26.183 E1580.5081
G1 X48.826 Y25.34 E1580.53615
G1 X48.735 Y24.503 E1580.56415
G1 X48.541 Y23.687 E1580.59205
G1 X48.238 Y22.902 E1580.62004
G1 X47.832 Y22.159 E1580.6482
G1 X47.327 Y21.471 E1580.67658
G1 X46.753 Y20.872 E1580.70418
G1 X46.087 Y20.338 E1580.73257
G1 X45.372 Y19.907 E1580.76034
G1 X44.604 Y19.574 E1580.78818
G1 X43.776 Y19.336 E1580.81683
G1 X42.958 Y19.216 E1580.84433
G1 X42.111 Y19.201 E1580.87251
G1 X41.274 Y19.3 E1580.90054
G1 X40.45 Y19.508 E1580.9288
G1 X39.679 Y19.815 E1580.95641
G1 X38.933 Y20.232 E1580.98483
G1 X38.265 Y20.736 E1581.01266
G1 X37.661 Y21.329 E1581.04082
G1 X37.138 Y21.999 E1581.06909
G1 X36.718 Y22.714 E1581.09667
G1 X36.385 Y23.504 E1581.12518
G1 X6.884 Y108.566 E1584.11967
G1 X6.884 Y112.864 E1584.26263
G1 X18.935 Y112.863 E1584.66344
G1 F2700 E1579.66344
G0 F11250 X20.331 Y113.051
G0 X20.931 Y113.263
;TYPE:WALL-OUTER
G1 F2700 E1584.66344
G1 F2250 X21.049 Y113.023 E1584.67234
G1 X17.975 Y112.19 E1584.77827
G1 X17.838 Y112.061 E1584.78453
G1 X17.834 Y111.944 E1584.78842
G1 X20.319 Y102.677 E1585.10753
G1 X20.429 Y102.57 E1585.11264
G1 X20.532 Y102.557 E1585.11609
G1 X25.581 Y103.9 E1585.28986
G1 X36.043 Y82.826 E1586.0724
G1 X36.326 Y82.203 E1586.09516
G1 X36.341 Y82.194 E1586.09574
G1 X36.624 Y81.396 E1586.1239
G1 X36.835 Y80.606 E1586.1511
G1 X49.059 Y27.101 E1587.97654
G1 X49.2 Y26.221 E1588.00618
G1 X49.227 Y25.324 E1588.03603
G1 X49.13 Y24.435 E1588.06577
G1 X48.924 Y23.568 E1588.09541
G1 X48.602 Y22.733 E1588.12518
G1 X48.17 Y21.944 E1588.15509
G1 X47.634 Y21.213 E1588.18524
G1 X47.024 Y20.576 E1588.21458
G1 X46.317 Y20.009 E1588.24472
G1 X45.556 Y19.551 E1588.27426
G1 X44.74 Y19.197 E1588.30385
G1 X43.861 Y18.944 E1588.33427
G1 X42.991 Y18.816 E1588.36352
G1 X42.091 Y18.801 E1588.39345
G1 X41.201 Y18.906 E1588.42326
G1 X40.326 Y19.127 E1588.45328
G1 X39.507 Y19.453 E1588.4826
G1 X38.714 Y19.896 E1588.51281
G1 X38.003 Y20.432 E1588.54242
G1 X37.362 Y21.062 E1588.57232
G1 X36.806 Y21.773 E1588.60234
G1 X36.36 Y22.534 E1588.63167
G1 X36.011 Y23.36 E1588.6615
G1 X6.484 Y108.498 E1591.65866
G1 X6.484 Y113.264 E1591.81718
G1 X20.931 Y113.263 E1592.29769
G1 F2700 E1587.29769
G0 F11250 X20.331 Y113.051
G0 X17.507 Y112.3
G0 X20.204 Y102.235
G0 X30.48 Y83.411
G0 X30.06 Y82.849
G1 F2700 E1592.29769
G1 F2250 X29.3 Y83.25 E1592.32627
G1 X28.504 Y83.514 E1592.35416
G1 X27.704 Y83.642 E1592.38111
G1 X26.84 Y83.642 E1592.40985
G1 X26.012 Y83.506 E1592.43776
G1 X25.231 Y83.245 E1592.46514
G1 X24.484 Y82.849 E1592.49327
G1 X23.811 Y82.343 E1592.52127
G1 X23.235 Y81.738 E1592.54905
G1 X22.763 Y81.047 E1592.57689
G1 X22.403 Y80.288 E1592.60483
G1 X22.177 Y79.489 E1592.63244
G1 X22.077 Y78.685 E1592.65939
G1 X22.115 Y77.812 E1592.68845
G1 X22.271 Y77.032 E1592.71491
G1 X22.582 Y76.215 E1592.74399
G1 X22.982 Y75.523 E1592.77057
G1 X23.512 Y74.869 E1592.79857
G1 X24.16 Y74.295 E1592.82736
G1 X24.869 Y73.847 E1592.85526
G1 X25.644 Y73.521 E1592.88322
G1 X26.451 Y73.328 E1592.91082
G1 X27.289 Y73.26 E1592.93878
G1 X28.097 Y73.328 E1592.96575
G1 X28.917 Y73.526 E1592.99381
G1 X29.675 Y73.847 E1593.02119
G1 X30.409 Y74.314 E1593.05012
G1 X31.032 Y74.869 E1593.07787
G1 X31.562 Y75.523 E1593.10587
G1 X31.962 Y76.215 E1593.13246
G1 X32.264 Y77.005 E1593.16059
G1 X32.436 Y77.844 E1593.18907
G1 X32.467 Y78.684 E1593.21703
G1 X32.368 Y79.509 E1593.24467
G1 X32.137 Y80.3 E1593.27207
G1 X31.78 Y81.049 E1593.29967
G1 X31.309 Y81.738 E1593.32743
G1 X30.712 Y82.365 E1593.35622
G1 X30.06 Y82.849 E1593.38323
G0 F11250 X30.48 Y83.411
G0 X32.253 Y82.598
;TYPE:FILL
G1 F4500 X33.905 Y84.25 E1593.46094
G0 F11250 X32.364 Y82.463
G1 F4500 X29.515 Y93.096 E1593.82707
G0 F11250 X29.027 Y94.078
G1 F4500 X11.182 Y98.86 E1594.44154
G0 F11250 X12.055 Y96.34
G1 F4500 X18.866 Y103.151 E1594.7619
G1 X18.905 Y103.002
G1 X8.807 Y105.707 E1595.10961
G0 F11250 X9.87 Y102.641
G1 F4500 X17.073 Y109.844 E1595.44841
G1 X17.112 Y109.694
G1 X8.563 Y111.984 E1595.74278
G0 F11250 X10.728 Y111.984
G1 F4500 X7.764 Y109.02 E1595.8822
G0 F11250 X12.03 Y111.984
G1 F4500 X20.84 Y79.106 E1597.0143
G0 F11250 X20.92 Y79.75
G1 F4500 X18.61 Y77.44 E1597.12296
G0 F11250 X18.307 Y78.315
G1 F4500 X20.847 Y77.635 E1597.21041
G0 F11250 X22.031 Y74.662
G1 F4500 X30.378 Y43.51 E1598.28308
G0 F11250 X30.182 Y44.075
G1 F4500 X44.761 Y40.169 E1598.78508
G0 F11250 X44.012 Y43.445
G1 F4500 X33.906 Y33.339 E1599.26044
G0 F11250 X34.932 Y30.379
G1 F4500 X47.784 Y26.935 E1599.70298
G0 F11250 X47.861 Y24.628
G1 F4500 X33.683 Y77.539 E1601.52489
G0 F11250 X36.122 Y77.981
G1 F4500 X22.98 Y64.84 E1602.14303
G0 F11250 X23.057 Y64.619
G1 F4500 X40.225 Y60.019 E1602.73418
G0 F11250 X40.856 Y57.259
G1 F4500 X29.535 Y45.939 E1603.26666
G0 F11250 X27.807 Y50.923
G1 F4500 X43.249 Y46.786 E1603.79837
G0 F11250 X42.434 Y50.352
G1 F4500 X31.721 Y39.639 E1604.30228
G0 F11250 X32.557 Y37.227
G1 F4500 X46.273 Y33.552 E1604.77457
G0 F11250 X45.591 Y36.538
G1 F4500 X36.091 Y27.038 E1605.22142
G0 F11250 X37.332 Y23.524
G1 F4500 X45.819 Y21.25 E1605.51366
G0 F11250 X42.864 Y20.094
G1 F4500 X28.9 Y72.207 E1607.30809
G0 F11250 X32.412 Y74.536
G1 F4500 X37.201 Y73.253 E1607.47299
G0 F11250 X37.699 Y71.073
G1 F4500 X25.165 Y58.539 E1608.06255
G0 F11250 X25.432 Y57.771
G1 F4500 X41.737 Y53.402 E1608.62399
G0 F11250 X39.278 Y64.166
G1 F4500 X27.35 Y52.239 E1609.18502
G0 F11250 X38.713 Y66.636
G1 F4500 X20.682 Y71.467 E1609.80588
G0 F11250 X20.795 Y71.14
G1 F4500 X23.14 Y73.485 E1609.91619
G0 F11250 X21.996 Y75.958
G0 X21.662 Y76.837
G0 X21.475 Y77.758
G0 X21.437 Y78.696
G0 X21.55 Y79.631
G0 X21.698 Y80.143
G0 X22.949 Y83.283
G1 F4500 X15.932 Y85.163 E1610.1578
G0 F11250 X16.425 Y83.74
G1 F4500 X28.276 Y95.592 E1610.71526
G0 F11250 X25.471 Y101.242
G1 F4500 X23.03 Y101.896 E1610.79931
G0 F11250 X21.084 Y101.377
G1 F4500 X25.552 Y84.702 E1611.37349
G0 F11250 X25.97 Y84.8
G1 F4500 X31.091 Y89.921 E1611.61437
G0 F11250 X32.583 Y86.913
G1 F4500 X13.557 Y92.011 E1612.2695
G0 F11250 X14.24 Y90.04
G1 F4500 X25.462 Y101.262 E1612.79735
G0 F11250 X33.418 Y80.478
G1 F4500 X35.689 Y79.87 E1612.87554
G1 F2700 E1607.87554
G0 F11250 X47.169 Y29.631
G1 F2700 E1612.87554
G1 F4500 X38.899 Y21.361 E1613.26453
G1 F2700 E1608.26453
;MESH:NONMESH
G0 F300 X38.899 Y21.361 Z5
G0 F11250 X32.998 Y79.631
G0 X32.736 Y80.534
G0 X32.409 Y81.221
G0 X30.694 Y83.873
;TIME_ELAPSED:1656.172375
;LAYER:24
;TYPE:WALL-INNER
;MESH:Sperrklinke
G1 F2700 E1613.26453
G1 F2250 X29.787 Y84.353 E1613.29867
G1 X28.806 Y84.681 E1613.33307
G1 X27.788 Y84.844 E1613.36736
G1 X26.755 Y84.844 E1613.40172
G1 X25.738 Y84.681 E1613.43597
G1 X24.77 Y84.353 E1613.46997
G1 X23.858 Y83.879 E1613.50415
G1 X23.025 Y83.256 E1613.53875
G1 X22.307 Y82.507 E1613.57326
G1 X21.728 Y81.663 E1613.6073
G1 X21.282 Y80.729 E1613.64173
G1 X20.999 Y79.742 E1613.67588
G1 X20.872 Y78.717 E1613.71023
G1 X20.918 Y77.686 E1613.74456
G1 X21.117 Y76.687 E1613.77844
G1 X21.484 Y75.718 E1613.8129
G1 X21.996 Y74.831 E1613.84696
G1 X22.652 Y74.026 E1613.8815
G1 X23.422 Y73.342 E1613.91576
G1 X24.296 Y72.787 E1613.95019
G1 X25.25 Y72.382 E1613.98466
G1 X26.247 Y72.141 E1614.01878
G1 X27.268 Y72.054 E1614.05286
G1 X28.309 Y72.146 E1614.08762
G1 X29.302 Y72.389 E1614.12162
G1 X30.246 Y72.786 E1614.15568
G1 X31.122 Y73.342 E1614.19019
G1 X31.892 Y74.026 E1614.22445
G1 X32.545 Y74.827 E1614.25882
G1 X33.057 Y75.714 E1614.29288
G1 X33.425 Y76.682 E1614.32733
G1 X33.63 Y77.676 E1614.36108
G1 X33.672 Y78.705 E1614.39534
G1 X33.552 Y79.733 E1614.42976
G1 X33.256 Y80.743 E1614.46477
G1 X32.817 Y81.663 E1614.49867
G1 X32.235 Y82.511 E1614.53288
G1 X31.52 Y83.26 E1614.56732
G1 X30.694 Y83.873 E1614.60153
G0 F11250 X30.472 Y83.539
G1 F2250 X29.633 Y83.983 E1614.6331
G1 X28.713 Y84.291 E1614.66537
G1 X27.755 Y84.444 E1614.69764
G1 X26.788 Y84.444 E1614.7298
G1 X25.836 Y84.291 E1614.76187
G1 X24.924 Y83.984 E1614.79388
G1 X24.07 Y83.539 E1614.82591
G1 X23.295 Y82.96 E1614.85808
G1 X22.62 Y82.257 E1614.8905
G1 X22.074 Y81.462 E1614.92257
G1 X21.656 Y80.583 E1614.95495
G1 X21.393 Y79.666 E1614.98668
G1 X21.273 Y78.701 E1615.01902
G1 X21.324 Y77.692 E1615.05262
G1 X21.502 Y76.799 E1615.08291
G1 X21.849 Y75.885 E1615.11542
G1 X22.328 Y75.057 E1615.14724
G1 X22.944 Y74.3 E1615.1797
G1 X23.665 Y73.661 E1615.21174
G1 X24.477 Y73.145 E1615.24374
G1 X25.375 Y72.764 E1615.27619
G1 X26.31 Y72.537 E1615.30819
G1 X27.271 Y72.456 E1615.34026
G1 X28.241 Y72.537 E1615.37264
G1 X29.17 Y72.764 E1615.40445
G1 X30.067 Y73.145 E1615.43686
G1 X30.879 Y73.661 E1615.46886
G1 X31.603 Y74.303 E1615.50104
G1 X32.211 Y75.049 E1615.53305
G1 X32.693 Y75.883 E1615.56509
G1 X33.04 Y76.794 E1615.59752
G1 X33.231 Y77.725 E1615.62913
G1 X33.271 Y78.697 E1615.66148
G1 X33.149 Y79.687 E1615.69466
G1 X32.891 Y80.568 E1615.72519
G1 X32.468 Y81.465 E1615.75818
G1 X31.925 Y82.256 E1615.79009
G1 X31.257 Y82.957 E1615.82229
G1 X30.472 Y83.539 E1615.8548
G0 F11250 X30.221 Y83.219
G1 F2250 X29.476 Y83.612 E1615.88281
G1 X28.614 Y83.902 E1615.91306
G1 X27.723 Y84.044 E1615.94307
G1 X26.82 Y84.044 E1615.9731
G1 X25.932 Y83.901 E1616.00302
G1 X25.071 Y83.614 E1616.0332
G1 X24.282 Y83.197 E1616.06289
G1 X23.555 Y82.654 E1616.09307
G1 X22.935 Y82.008 E1616.12285
G1 X22.422 Y81.26 E1616.15301
G1 X22.033 Y80.448 E1616.18296
G1 X21.785 Y79.583 E1616.21289
G1 X21.674 Y78.683 E1616.24305
G1 X21.719 Y77.756 E1616.27392
G1 X21.901 Y76.875 E1616.30384
G1 X22.213 Y76.055 E1616.33302
G1 X22.659 Y75.284 E1616.36265
G1 X23.202 Y74.616 E1616.39128
G1 X23.903 Y73.984 E1616.42267
G1 X24.669 Y73.498 E1616.45284
G1 X25.503 Y73.143 E1616.48299
G1 X26.326 Y72.944 E1616.51115
G1 X27.271 Y72.857 E1616.54272
G1 X28.178 Y72.936 E1616.573
G1 X29.005 Y73.135 E1616.60129
G1 X29.873 Y73.497 E1616.63257
G1 X30.638 Y73.983 E1616.66271
G1 X31.311 Y74.577 E1616.69257
G1 X31.883 Y75.279 E1616.72269
G1 X32.33 Y76.053 E1616.75241
G1 X32.654 Y76.905 E1616.78273
G1 X32.834 Y77.779 E1616.81241
G1 X32.87 Y78.684 E1616.84254
G1 X32.758 Y79.598 E1616.87316
G1 X32.514 Y80.434 E1616.90213
G1 X32.138 Y81.227 E1616.93132
G1 X31.613 Y82.002 E1616.96245
G1 X30.99 Y82.656 E1616.99249
G1 X30.221 Y83.219 E1617.02419
G1 F2700 E1612.02419
G0 F11250 X30.36 Y83.486
G0 X19.921 Y101.746
G0 X16.689 Y112.064
G1 F2700 E1617.02419
G1 F2250 X16.676 Y111.633 E1617.03854
G1 X19.185 Y102.265 E1617.3611
G1 X19.305 Y102.032 E1617.36981
G1 X19.6 Y101.667 E1617.38542
G1 X19.985 Y101.455 E1617.40004
G1 X20.282 Y101.373 E1617.41029
G1 X20.555 Y101.356 E1617.41939
G1 X20.865 Y101.403 E1617.42982
G1 X24.942 Y102.488 E1617.57014
G1 X34.959 Y82.31 E1618.31941
G1 X35.246 Y81.691 E1618.3421
G1 X35.477 Y81.039 E1618.36511
G1 X35.665 Y80.338 E1618.38925
G1 X47.88 Y26.873 E1620.21332
G1 X48.003 Y26.107 E1620.23912
G1 X48.025 Y25.371 E1620.26361
G1 X47.945 Y24.639 E1620.2881
G1 X47.775 Y23.924 E1620.31255
G1 X47.511 Y23.239 E1620.33697
G1 X47.156 Y22.59 E1620.36157
G1 X46.713 Y21.987 E1620.38646
G1 X46.212 Y21.463 E1620.41057
G1 X45.629 Y20.995 E1620.43543
G1 X45.005 Y20.62 E1620.45965
G1 X44.334 Y20.329 E1620.48397
G1 X43.607 Y20.12 E1620.50913
G1 X42.893 Y20.015 E1620.53314
G1 X42.151 Y20.002 E1620.55782
G1 X41.419 Y20.088 E1620.58233
G1 X40.697 Y20.271 E1620.60711
G1 X40.023 Y20.539 E1620.63123
G1 X39.371 Y20.904 E1620.65608
G1 X38.788 Y21.343 E1620.68036
G1 X38.259 Y21.863 E1620.70503
G1 X37.801 Y22.449 E1620.72977
G1 X37.435 Y23.074 E1620.75386
G1 X37.132 Y23.791 E1620.77974
G1 X7.684 Y108.7 E1623.76885
G1 X7.684 Y112.064 E1623.88074
G1 X16.689 Y112.064 E1624.18025
G0 F11250 X17.237 Y112.464
G1 F2250 X17.08 Y112.317 E1624.1874
G1 X17.062 Y111.737 E1624.2067
G1 X19.559 Y102.428 E1624.52726
G1 X19.647 Y102.239 E1624.5342
G1 X19.818 Y102.027 E1624.54326
G1 X20.025 Y101.877 E1624.55176
G1 X20.345 Y101.768 E1624.563
G1 X20.762 Y101.789 E1624.57689
G1 X25.155 Y102.959 E1624.7281
G1 X35.32 Y82.482 E1625.48846
G1 X35.601 Y81.864 E1625.51104
G1 X35.611 Y81.859 E1625.51141
G1 X35.86 Y81.158 E1625.53616
G1 X36.049 Y80.454 E1625.5604
G1 X48.273 Y26.949 E1627.38584
G1 X48.402 Y26.145 E1627.41292
G1 X48.426 Y25.356 E1627.43918
G1 X48.34 Y24.571 E1627.46544
G1 X48.158 Y23.806 E1627.49159
G1 X47.874 Y23.07 E1627.51783
G1 X47.494 Y22.375 E1627.54418
G1 X47.02 Y21.729 E1627.57083
G1 X46.483 Y21.167 E1627.59668
G1 X45.858 Y20.667 E1627.6233
G1 X45.189 Y20.264 E1627.64928
G1 X44.469 Y19.952 E1627.67538
G1 X43.691 Y19.728 E1627.70231
G1 X42.926 Y19.615 E1627.72803
G1 X42.131 Y19.602 E1627.75447
G1 X41.347 Y19.694 E1627.78073
G1 X40.574 Y19.89 E1627.80725
G1 X39.851 Y20.177 E1627.83312
G1 X39.152 Y20.568 E1627.85976
G1 X38.527 Y21.04 E1627.88581
G1 X37.96 Y21.596 E1627.91222
G1 X37.469 Y22.224 E1627.93874
G1 X37.076 Y22.894 E1627.96457
G1 X36.759 Y23.647 E1627.99175
G1 X7.284 Y108.633 E1630.98357
G1 X7.284 Y112.464 E1631.11099
G1 X17.237 Y112.464 E1631.44203
G0 F11250 X17.173 Y112.614
G0 X18.935 Y112.863
G1 F2250 X17.871 Y112.576 E1631.47868
G1 X17.459 Y112.189 E1631.49748
G1 X17.448 Y111.84 E1631.50909
G1 X19.951 Y102.5 E1631.8307
G1 X20.092 Y102.319 E1631.83834
G1 X20.281 Y102.198 E1631.8458
G1 X20.588 Y102.161 E1631.85608
G1 X25.368 Y103.43 E1632.02057
G1 X35.681 Y82.654 E1632.79204
G1 X35.964 Y82.034 E1632.81471
G1 X35.976 Y82.026 E1632.81519
G1 X36.242 Y81.277 E1632.84162
G1 X36.437 Y80.551 E1632.86662
G1 X48.666 Y27.025 E1634.69278
G1 X48.801 Y26.183 E1634.72114
G1 X48.826 Y25.34 E1634.74919
G1 X48.735 Y24.503 E1634.77719
G1 X48.541 Y23.687 E1634.80509
G1 X48.238 Y22.902 E1634.83308
G1 X47.832 Y22.159 E1634.86124
G1 X47.327 Y21.471 E1634.88962
G1 X46.753 Y20.872 E1634.91722
G1 X46.087 Y20.338 E1634.94561
G1 X45.372 Y19.907 E1634.97338
G1 X44.604 Y19.574 E1635.00122
G1 X43.776 Y19.336 E1635.02987
G1 X42.958 Y19.216 E1635.05737
G1 X42.111 Y19.201 E1635.08555
G1 X41.274 Y19.3 E1635.11358
G1 X40.45 Y19.508 E1635.14185
G1 X39.679 Y19.815 E1635.16945
G1 X38.933 Y20.232 E1635.19787
G1 X38.265 Y20.736 E1635.22571
G1 X37.661 Y21.329 E1635.25386
G1 X37.138 Y21.999 E1635.28213
G1 X36.718 Y22.714 E1635.30971
G1 X36.385 Y23.504 E1635.33822
G1 X6.884 Y108.566 E1638.33272
G1 X6.884 Y112.864 E1638.47567
G1 X18.935 Y112.863 E1638.87649
G1 F2700 E1633.87649
G0 F11250 X20.334 Y113.051
G0 X20.931 Y113.263
;TYPE:WALL-OUTER
G1 F2700 E1638.87649
G1 F2250 X21.049 Y113.023 E1638.88538
G1 X17.975 Y112.19 E1638.99131
G1 X17.838 Y112.061 E1638.99757
G1 X17.834 Y111.944 E1639.00146
G1 X20.319 Y102.677 E1639.32057
G1 X20.429 Y102.57 E1639.32568
G1 X20.532 Y102.557 E1639.32913
G1 X25.581 Y103.9 E1639.5029
G1 X36.043 Y82.826 E1640.28545
G1 X36.326 Y82.203 E1640.3082
G1 X36.341 Y82.194 E1640.30879
G1 X36.624 Y81.396 E1640.33695
G1 X36.835 Y80.606 E1640.36414
G1 X49.059 Y27.101 E1642.18958
G1 X49.2 Y26.221 E1642.21922
G1 X49.227 Y25.324 E1642.24907
G1 X49.13 Y24.435 E1642.27881
G1 X48.924 Y23.568 E1642.30845
G1 X48.602 Y22.733 E1642.33822
G1 X48.17 Y21.944 E1642.36814
G1 X47.634 Y21.213 E1642.39829
G1 X47.024 Y20.576 E1642.42762
G1 X46.317 Y20.009 E1642.45776
G1 X45.556 Y19.551 E1642.4873
G1 X44.74 Y19.197 E1642.51689
G1 X43.861 Y18.944 E1642.54731
G1 X42.991 Y18.816 E1642.57656
G1 X42.091 Y18.801 E1642.6065
G1 X41.201 Y18.906 E1642.6363
G1 X40.326 Y19.127 E1642.66632
G1 X39.507 Y19.453 E1642.69564
G1 X38.714 Y19.896 E1642.72585
G1 X38.003 Y20.432 E1642.75547
G1 X37.362 Y21.062 E1642.78536
G1 X36.806 Y21.773 E1642.81538
G1 X36.36 Y22.534 E1642.84472
G1 X36.011 Y23.36 E1642.87454
G1 X6.484 Y108.498 E1645.87171
G1 X6.484 Y113.264 E1646.03022
G1 X20.931 Y113.263 E1646.51073
G1 F2700 E1641.51073
G0 F11250 X20.334 Y113.051
G0 X17.507 Y112.3
G0 X20.204 Y102.235
G0 X30.48 Y83.411
G0 X30.06 Y82.849
G1 F2700 E1646.51073
G1 F2250 X29.3 Y83.25 E1646.53931
G1 X28.504 Y83.514 E1646.56721
G1 X27.704 Y83.642 E1646.59415
G1 X26.84 Y83.642 E1646.62289
G1 X26.012 Y83.506 E1646.6508
G1 X25.231 Y83.245 E1646.67819
G1 X24.484 Y82.849 E1646.70631
G1 X23.811 Y82.343 E1646.73431
G1 X23.235 Y81.738 E1646.7621
G1 X22.763 Y81.047 E1646.78993
G1 X22.403 Y80.288 E1646.81787
G1 X22.177 Y79.489 E1646.84549
G1 X22.077 Y78.685 E1646.87243
G1 X22.115 Y77.812 E1646.9015
G1 X22.271 Y77.032 E1646.92795
G1 X22.582 Y76.215 E1646.95703
G1 X22.982 Y75.523 E1646.98361
G1 X23.512 Y74.869 E1647.01161
G1 X24.16 Y74.295 E1647.04041
G1 X24.869 Y73.847 E1647.0683
G1 X25.644 Y73.521 E1647.09626
G1 X26.451 Y73.328 E1647.12386
G1 X27.289 Y73.26 E1647.15183
G1 X28.113 Y73.33 E1647.17933
G1 X28.917 Y73.526 E1647.20685
G1 X29.675 Y73.847 E1647.23423
G1 X30.409 Y74.314 E1647.26317
G1 X31.032 Y74.869 E1647.29092
G1 X31.562 Y75.523 E1647.31892
G1 X31.962 Y76.215 E1647.3455
G1 X32.264 Y77.005 E1647.37363
G1 X32.436 Y77.844 E1647.40212
G1 X32.467 Y78.684 E1647.43008
G1 X32.368 Y79.509 E1647.45771
G1 X32.137 Y80.3 E1647.48512
G1 X31.78 Y81.049 E1647.51272
G1 X31.309 Y81.738 E1647.54048
G1 X30.712 Y82.365 E1647.56927
G1 X30.06 Y82.849 E1647.59628
G0 F11250 X30.48 Y83.411
G0 X32.151 Y82.714
;TYPE:FILL
G1 F4500 X29.197 Y93.736 E1647.97581
G0 F11250 X28.944 Y94.246
G1 F4500 X11.126 Y99.02 E1648.58934
G0 F11250 X12.106 Y96.193
G1 F4500 X18.908 Y102.994 E1648.90926
G1 X18.863 Y103.159
G1 X8.751 Y105.868 E1649.25745
G0 F11250 X7.764 Y108.821
G1 F4500 X10.927 Y111.984 E1649.40623
G0 F11250 X11.884 Y111.985
G1 F4500 X20.802 Y78.704 E1650.55221
G0 F11250 X20.892 Y79.523
G1 F4500 X18.661 Y77.292 E1650.65715
G0 F11250 X18.251 Y78.476
G1 F4500 X20.833 Y77.784 E1650.74606
G0 F11250 X21.784 Y75.039
G1 F4500 X29.736 Y45.361 E1651.76797
G0 F11250 X29.587 Y45.791
G1 F4500 X40.893 Y57.097 E1652.29977
G0 F11250 X40.189 Y60.175
G1 F4500 X23.001 Y64.78 E1652.89161
G1 X23.032 Y64.692
G1 X36.159 Y77.819 E1653.50906
G0 F11250 X35.653 Y80.025
G1 F4500 X33.371 Y80.636 E1653.58763
G0 F11250 X32.343 Y82.488
G1 F4500 X33.972 Y84.117 E1653.66426
G0 F11250 X32.5 Y87.082
G1 F4500 X13.501 Y92.172 E1654.31845
G0 F11250 X14.291 Y89.892
G1 F4500 X25.528 Y101.129 E1654.84701
G0 F11250 X25.388 Y101.411
G1 F4500 X23.304 Y101.969 E1654.91876
G0 F11250 X20.948 Y101.341
G1 F4500 X25.418 Y84.656 E1655.49328
G0 F11250 X26.207 Y84.837
G1 F4500 X31.157 Y89.788 E1655.72613
G0 F11250 X28.342 Y95.458
G1 F4500 X16.476 Y83.592 E1656.28427
G0 F11250 X15.877 Y85.324
G1 F4500 X23.077 Y83.395 E1656.53219
G0 F11250 X21.812 Y80.534
G0 X21.55 Y79.631
G0 X21.437 Y78.696
G0 X21.475 Y77.758
G0 X21.662 Y76.837
G0 X21.852 Y76.339
G0 X23.245 Y73.391
G1 F4500 X20.846 Y70.991 E1656.64506
G0 F11250 X20.627 Y71.628
G1 F4500 X38.677 Y66.792 E1657.26658
G0 F11250 X39.315 Y64.004
G1 F4500 X27.402 Y52.091 E1657.82693
G0 F11250 X27.751 Y51.084
G1 F4500 X43.213 Y46.941 E1658.35934
G0 F11250 X42.472 Y50.19
G1 F4500 X31.772 Y39.49 E1658.86263
G0 F11250 X32.501 Y37.388
G1 F4500 X46.237 Y33.708 E1659.3356
G0 F11250 X45.628 Y36.376
G1 F4500 X36.142 Y26.891 E1659.78177
G0 F11250 X37.263 Y23.689
G1 F4500 X45.955 Y21.36 E1660.08107
G0 F11250 X42.719 Y20.091
G1 F4500 X28.762 Y72.177 E1661.87457
G0 F11250 X32.51 Y74.656
G1 F4500 X37.165 Y73.408 E1662.03487
G0 F11250 X37.737 Y70.911
G1 F4500 X25.217 Y58.391 E1662.62377
G0 F11250 X25.377 Y57.932
G1 F4500 X41.701 Y53.558 E1663.18586
G0 F11250 X44.05 Y43.283
G1 F4500 X33.957 Y33.19 E1663.6606
G0 F11250 X34.877 Y30.54
G1 F4500 X47.749 Y27.091 E1664.10383
G0 F11250 X47.206 Y29.469
G1 F4500 X39.012 Y21.275 E1664.48925
G0 F11250 X47.792 Y24.34
G1 F4500 X33.62 Y77.23 E1666.31044
G1 F2700 E1661.31044
G0 F11250 X30.127 Y44.236
G1 F2700 E1666.31044
G1 F4500 X44.725 Y40.324 E1666.8131
G1 F2700 E1661.8131
G0 F11250 X22.466 Y75.144
G0 X22.199 Y75.606
G0 X9.921 Y102.493
G1 F2700 E1666.8131
G1 F4500 X17.116 Y109.687 E1667.15151
G1 X17.069 Y109.851
G1 X9.108 Y111.984 E1667.42563
G1 F2700 E1662.42563
;MESH:NONMESH
G0 F300 X9.108 Y111.984 Z5.2
G0 F11250 X30.694 Y83.873
;TIME_ELAPSED:1707.226410
;LAYER:25
;TYPE:WALL-INNER
;MESH:Sperrklinke
G1 F2700 E1667.42563
G1 F2250 X29.787 Y84.353 E1667.45976
G1 X28.806 Y84.681 E1667.49417
G1 X27.788 Y84.844 E1667.52846
G1 X26.755 Y84.844 E1667.56281
G1 X25.738 Y84.681 E1667.59707
G1 X24.77 Y84.353 E1667.63106
G1 X23.858 Y83.879 E1667.66525
G1 X23.025 Y83.256 E1667.69985
G1 X22.307 Y82.507 E1667.73436
G1 X21.728 Y81.663 E1667.7684
G1 X21.282 Y80.729 E1667.80282
G1 X20.999 Y79.742 E1667.83697
G1 X20.872 Y78.717 E1667.87133
G1 X20.918 Y77.686 E1667.90565
G1 X21.117 Y76.687 E1667.93953
G1 X21.484 Y75.718 E1667.97399
G1 X21.996 Y74.831 E1668.00806
G1 X22.652 Y74.026 E1668.0426
G1 X23.422 Y73.342 E1668.07685
G1 X24.296 Y72.787 E1668.11129
G1 X25.25 Y72.382 E1668.14576
G1 X26.247 Y72.141 E1668.17987
G1 X27.268 Y72.054 E1668.21396
G1 X28.309 Y72.146 E1668.24871
G1 X29.302 Y72.389 E1668.28272
G1 X30.246 Y72.786 E1668.31678
G1 X31.122 Y73.342 E1668.35129
G1 X31.892 Y74.026 E1668.38554
G1 X32.545 Y74.827 E1668.41991
G1 X33.057 Y75.714 E1668.45398
G1 X33.425 Y76.682 E1668.48842
G1 X33.63 Y77.676 E1668.52218
G1 X33.672 Y78.705 E1668.55643
G1 X33.552 Y79.733 E1668.59086
G1 X33.256 Y80.743 E1668.62586
G1 X32.817 Y81.663 E1668.65977
G1 X32.235 Y82.511 E1668.69397
G1 X31.52 Y83.26 E1668.72841
G1 X30.694 Y83.873 E1668.76263
G0 F11250 X30.472 Y83.539
G1 F2250 X29.633 Y83.983 E1668.7942
G1 X28.713 Y84.291 E1668.82647
G1 X27.755 Y84.444 E1668.85873
G1 X26.788 Y84.444 E1668.8909
G1 X25.836 Y84.291 E1668.92297
G1 X24.924 Y83.984 E1668.95497
G1 X24.07 Y83.539 E1668.987
G1 X23.295 Y82.96 E1669.01918
G1 X22.62 Y82.257 E1669.05159
G1 X22.074 Y81.462 E1669.08367
G1 X21.656 Y80.583 E1669.11604
G1 X21.393 Y79.666 E1669.14777
G1 X21.273 Y78.701 E1669.18011
G1 X21.324 Y77.692 E1669.21372
G1 X21.502 Y76.799 E1669.244
G1 X21.849 Y75.885 E1669.27652
G1 X22.328 Y75.057 E1669.30834
G1 X22.944 Y74.3 E1669.3408
G1 X23.665 Y73.661 E1669.37284
G1 X24.477 Y73.145 E1669.40484
G1 X25.375 Y72.764 E1669.43728
G1 X26.31 Y72.537 E1669.46928
G1 X27.271 Y72.456 E1669.50136
G1 X28.241 Y72.537 E1669.53374
G1 X29.17 Y72.764 E1669.56554
G1 X30.067 Y73.145 E1669.59796
G1 X30.879 Y73.661 E1669.62996
G1 X31.603 Y74.303 E1669.66214
G1 X32.211 Y75.049 E1669.69415
G1 X32.693 Y75.883 E1669.72619
G1 X33.04 Y76.794 E1669.75861
G1 X33.231 Y77.725 E1669.79022
G1 X33.271 Y78.697 E1669.82258
G1 X33.149 Y79.687 E1669.85575
G1 X32.891 Y80.568 E1669.88629
G1 X32.468 Y81.465 E1669.91927
G1 X31.925 Y82.256 E1669.95118
G1 X31.257 Y82.957 E1669.98339
G1 X30.472 Y83.539 E1670.01589
G0 F11250 X30.221 Y83.219
G1 F2250 X29.476 Y83.612 E1670.04391
G1 X28.614 Y83.902 E1670.07416
G1 X27.723 Y84.044 E1670.10416
G1 X26.82 Y84.044 E1670.1342
G1 X25.931 Y83.901 E1670.16415
G1 X25.077 Y83.615 E1670.1941
G1 X24.282 Y83.198 E1670.22396
G1 X23.555 Y82.654 E1670.25416
G1 X22.935 Y82.008 E1670.28394
G1 X22.422 Y81.26 E1670.31411
G1 X22.033 Y80.448 E1670.34405
G1 X21.785 Y79.583 E1670.37398
G1 X21.674 Y78.683 E1670.40414
G1 X21.719 Y77.756 E1670.43501
G1 X21.901 Y76.875 E1670.46493
G1 X22.213 Y76.055 E1670.49412
G1 X22.659 Y75.284 E1670.52374
G1 X23.202 Y74.616 E1670.55237
G1 X23.903 Y73.984 E1670.58376
G1 X24.669 Y73.498 E1670.61394
G1 X25.503 Y73.143 E1670.64408
G1 X26.326 Y72.944 E1670.67225
G1 X27.271 Y72.857 E1670.70381
G1 X28.178 Y72.936 E1670.73409
G1 X29.005 Y73.135 E1670.76238
G1 X29.873 Y73.497 E1670.79366
G1 X30.638 Y73.983 E1670.82381
G1 X31.311 Y74.577 E1670.85366
G1 X31.883 Y75.279 E1670.88378
G1 X32.33 Y76.053 E1670.91351
G1 X32.654 Y76.905 E1670.94383
G1 X32.834 Y77.779 E1670.97351
G1 X32.87 Y78.684 E1671.00363
G1 X32.758 Y79.598 E1671.03426
G1 X32.514 Y80.434 E1671.06322
G1 X32.138 Y81.227 E1671.09241
G1 X31.613 Y82.002 E1671.12355
G1 X30.99 Y82.656 E1671.15359
G1 X30.221 Y83.219 E1671.18529
G1 F2700 E1666.18529
G0 F11250 X30.36 Y83.486
G0 X19.923 Y101.743
G0 X16.689 Y112.064
G1 F2700 E1671.18529
G1 F2250 X16.676 Y111.633 E1671.19963
G1 X19.185 Y102.265 E1671.52219
G1 X19.305 Y102.032 E1671.53091
G1 X19.6 Y101.667 E1671.54652
G1 X19.985 Y101.455 E1671.56114
G1 X20.282 Y101.373 E1671.57138
G1 X20.555 Y101.356 E1671.58048
G1 X20.869 Y101.404 E1671.59105
G1 X24.936 Y102.501 E1671.73115
G1 X34.959 Y82.31 E1672.4809
G1 X35.246 Y81.691 E1672.50359
G1 X35.477 Y81.039 E1672.5266
G1 X35.665 Y80.338 E1672.55074
G1 X47.88 Y26.873 E1674.37481
G1 X48.003 Y26.107 E1674.40061
G1 X48.025 Y25.371 E1674.4251
G1 X47.945 Y24.639 E1674.44959
G1 X47.775 Y23.924 E1674.47404
G1 X47.511 Y23.239 E1674.49845
G1 X47.156 Y22.59 E1674.52306
G1 X46.713 Y21.987 E1674.54794
G1 X46.212 Y21.463 E1674.57206
G1 X45.629 Y20.995 E1674.59692
G1 X45.005 Y20.62 E1674.62114
G1 X44.334 Y20.329 E1674.64546
G1 X43.607 Y20.12 E1674.67062
G1 X42.893 Y20.015 E1674.69462
G1 X42.151 Y20.002 E1674.71931
G1 X41.419 Y20.088 E1674.74382
G1 X40.697 Y20.271 E1674.76859
G1 X40.023 Y20.539 E1674.79272
G1 X39.371 Y20.904 E1674.81757
G1 X38.788 Y21.343 E1674.84184
G1 X38.259 Y21.863 E1674.86652
G1 X37.801 Y22.449 E1674.89125
G1 X37.435 Y23.074 E1674.91534
G1 X37.132 Y23.791 E1674.94123
G1 X7.684 Y108.7 E1677.93034
G1 X7.684 Y112.064 E1678.04223
G1 X16.689 Y112.064 E1678.34174
G0 F11250 X17.237 Y112.464
G1 F2250 X17.081 Y112.318 E1678.34884
G1 X17.062 Y111.737 E1678.36818
G1 X19.559 Y102.428 E1678.68874
G1 X19.647 Y102.239 E1678.69567
G1 X19.818 Y102.027 E1678.70473
G1 X20.025 Y101.877 E1678.71324
G1 X20.345 Y101.768 E1678.72448
G1 X20.765 Y101.79 E1678.73847
G1 X25.148 Y102.972 E1678.88946
G1 X35.32 Y82.482 E1679.65031
G1 X35.601 Y81.864 E1679.67289
G1 X35.611 Y81.859 E1679.67326
G1 X35.86 Y81.158 E1679.69801
G1 X36.049 Y80.454 E1679.72225
G1 X48.273 Y26.949 E1681.54769
G1 X48.402 Y26.145 E1681.57477
G1 X48.426 Y25.356 E1681.60103
G1 X48.34 Y24.571 E1681.62729
G1 X48.158 Y23.806 E1681.65344
G1 X47.874 Y23.07 E1681.67968
G1 X47.494 Y22.375 E1681.70603
G1 X47.02 Y21.729 E1681.73268
G1 X46.483 Y21.167 E1681.75853
G1 X45.858 Y20.667 E1681.78515
G1 X45.189 Y20.264 E1681.81113
G1 X44.469 Y19.952 E1681.83723
G1 X43.691 Y19.728 E1681.86416
G1 X42.926 Y19.615 E1681.88988
G1 X42.131 Y19.602 E1681.91632
G1 X41.347 Y19.694 E1681.94258
G1 X40.574 Y19.89 E1681.9691
G1 X39.851 Y20.177 E1681.99497
G1 X39.152 Y20.568 E1682.02161
G1 X38.527 Y21.04 E1682.04766
G1 X37.96 Y21.596 E1682.07407
G1 X37.469 Y22.224 E1682.10059
G1 X37.076 Y22.894 E1682.12642
G1 X36.759 Y23.647 E1682.1536
G1 X7.284 Y108.633 E1685.14542
G1 X7.284 Y112.464 E1685.27284
G1 X17.237 Y112.464 E1685.60388
G0 F11250 X17.174 Y112.614
G0 X18.948 Y112.862
G1 F2250 X17.873 Y112.577 E1685.64086
G1 X17.459 Y112.189 E1685.65974
G1 X17.448 Y111.84 E1685.67135
G1 X19.951 Y102.5 E1685.99296
G1 X20.092 Y102.319 E1686.00059
G1 X20.281 Y102.198 E1686.00806
G1 X20.563 Y102.15 E1686.01757
G1 X25.361 Y103.444 E1686.18285
G1 X35.681 Y82.654 E1686.95484
G1 X35.964 Y82.034 E1686.97751
G1 X35.976 Y82.026 E1686.97799
G1 X36.242 Y81.277 E1687.00442
G1 X36.437 Y80.551 E1687.02943
G1 X48.666 Y27.025 E1688.85558
G1 X48.801 Y26.183 E1688.88394
G1 X48.826 Y25.34 E1688.91199
G1 X48.735 Y24.503 E1688.94
G1 X48.541 Y23.687 E1688.96789
G1 X48.238 Y22.902 E1688.99588
G1 X47.832 Y22.159 E1689.02404
G1 X47.327 Y21.471 E1689.05243
G1 X46.753 Y20.872 E1689.08002
G1 X46.087 Y20.338 E1689.10841
G1 X45.372 Y19.907 E1689.13618
G1 X44.604 Y19.574 E1689.16402
G1 X43.776 Y19.336 E1689.19268
G1 X42.958 Y19.216 E1689.22017
G1 X42.111 Y19.201 E1689.24835
G1 X41.274 Y19.3 E1689.27638
G1 X40.45 Y19.508 E1689.30465
G1 X39.679 Y19.815 E1689.33225
G1 X38.933 Y20.232 E1689.36067
G1 X38.265 Y20.736 E1689.38851
G1 X37.661 Y21.329 E1689.41666
G1 X37.138 Y21.999 E1689.44493
G1 X36.718 Y22.714 E1689.47251
G1 X36.385 Y23.504 E1689.50102
G1 X6.884 Y108.566 E1692.49552
G1 X6.884 Y112.864 E1692.63847
G1 X18.948 Y112.862 E1693.03972
G1 F2700 E1688.03972
G0 F11250 X20.378 Y113.052
G0 X20.931 Y113.264
;TYPE:WALL-OUTER
G1 F2700 E1693.03972
G1 F2250 X21.056 Y113.01 E1693.04914
G1 X17.976 Y112.19 E1693.15515
G1 X17.838 Y112.061 E1693.16143
G1 X17.834 Y111.944 E1693.16532
G1 X20.319 Y102.677 E1693.48443
G1 X20.429 Y102.57 E1693.48954
G1 X20.533 Y102.557 E1693.49302
G1 X25.573 Y103.916 E1693.66664
G1 X36.043 Y82.826 E1694.44978
G1 X36.326 Y82.203 E1694.47254
G1 X36.341 Y82.194 E1694.47312
G1 X36.624 Y81.396 E1694.50128
G1 X36.835 Y80.606 E1694.52848
G1 X49.059 Y27.101 E1696.35392
G1 X49.2 Y26.221 E1696.38356
G1 X49.227 Y25.324 E1696.41341
G1 X49.13 Y24.435 E1696.44315
G1 X48.924 Y23.568 E1696.47279
G1 X48.602 Y22.733 E1696.50255
G1 X48.17 Y21.944 E1696.53247
G1 X47.634 Y21.213 E1696.56262
G1 X47.024 Y20.576 E1696.59196
G1 X46.317 Y20.009 E1696.6221
G1 X45.556 Y19.551 E1696.65164
G1 X44.74 Y19.197 E1696.68122
G1 X43.861 Y18.944 E1696.71165
G1 X42.991 Y18.816 E1696.74089
G1 X42.091 Y18.801 E1696.77083
G1 X41.201 Y18.906 E1696.80064
G1 X40.326 Y19.127 E1696.83066
G1 X39.507 Y19.453 E1696.85997
G1 X38.714 Y19.896 E1696.89019
G1 X38.003 Y20.432 E1696.9198
G1 X37.362 Y21.062 E1696.94969
G1 X36.806 Y21.773 E1696.97971
G1 X36.36 Y22.534 E1697.00905
G1 X36.011 Y23.36 E1697.03888
G1 X6.484 Y108.498 E1700.03604
G1 X6.484 Y113.264 E1700.19456
G1 X20.931 Y113.264 E1700.67507
G1 F2700 E1695.67507
G0 F11250 X20.378 Y113.052
G0 X17.507 Y112.303
G0 X20.205 Y102.234
G0 X30.48 Y83.411
G0 X30.06 Y82.849
G1 F2700 E1700.67507
G1 F2250 X29.3 Y83.25 E1700.70365
G1 X28.504 Y83.514 E1700.73154
G1 X27.704 Y83.642 E1700.75849
G1 X26.84 Y83.642 E1700.78723
G1 X26.012 Y83.506 E1700.81513
G1 X25.231 Y83.245 E1700.84252
G1 X24.484 Y82.849 E1700.87064
G1 X23.811 Y82.343 E1700.89865
G1 X23.235 Y81.738 E1700.92643
G1 X22.763 Y81.047 E1700.95426
G1 X22.403 Y80.288 E1700.9822
G1 X22.177 Y79.489 E1701.00982
G1 X22.077 Y78.685 E1701.03677
G1 X22.115 Y77.812 E1701.06583
G1 X22.271 Y77.032 E1701.09229
G1 X22.582 Y76.215 E1701.12137
G1 X22.982 Y75.523 E1701.14795
G1 X23.512 Y74.869 E1701.17595
G1 X24.16 Y74.295 E1701.20474
G1 X24.869 Y73.847 E1701.23263
G1 X25.644 Y73.521 E1701.2606
G1 X26.451 Y73.328 E1701.2882
G1 X27.289 Y73.26 E1701.31616
G1 X28.113 Y73.33 E1701.34367
G1 X28.917 Y73.526 E1701.37119
G1 X29.675 Y73.847 E1701.39857
G1 X30.409 Y74.314 E1701.4275
G1 X31.032 Y74.869 E1701.45525
G1 X31.562 Y75.523 E1701.48325
G1 X31.962 Y76.215 E1701.50984
G1 X32.264 Y77.005 E1701.53797
G1 X32.436 Y77.844 E1701.56645
G1 X32.467 Y78.684 E1701.59441
G1 X32.368 Y79.509 E1701.62205
G1 X32.129 Y80.319 E1701.65014
G1 X31.78 Y81.049 E1701.67705
G1 X31.309 Y81.738 E1701.70481
G1 X30.712 Y82.365 E1701.7336
G1 X30.06 Y82.849 E1701.76061
G0 F11250 X30.48 Y83.411
G0 X31.948 Y82.926
;TYPE:FILL
G1 F4500 X28.88 Y94.374 E1702.15481
G1 X28.86 Y94.415
G1 X11.07 Y99.181 E1702.76737
G0 F11250 X12.157 Y96.044
G1 F4500 X18.95 Y102.837 E1703.08689
G0 F11250 X18.821 Y103.316
G1 F4500 X8.696 Y106.029 E1703.43553
G0 F11250 X7.787 Y108.645
G1 F4500 X11.126 Y111.984 E1703.59259
G0 F11250 X11.738 Y111.985
G1 F4500 X20.82 Y78.092 E1704.75964
G1 X20.826 Y77.932
G1 X18.196 Y78.637 E1704.85021
G0 F11250 X18.713 Y77.144
G1 F4500 X20.864 Y79.295 E1704.95138
G0 F11250 X21.511 Y75.511
G1 F4500 X29.094 Y47.212 E1705.92582
G0 F11250 X29.638 Y45.643
G1 F4500 X40.93 Y56.935 E1706.45696
G0 F11250 X41.666 Y53.713
G1 F4500 X25.32 Y58.093 E1707.01981
G1 X25.268 Y58.243
G1 X37.774 Y70.749 E1707.60805
G0 F11250 X37.13 Y73.564
G1 F4500 X32.598 Y74.778 E1707.7641
G0 F11250 X33.557 Y76.922
G1 F4500 X47.723 Y24.051 E1709.58462
G0 F11250 X46.092 Y21.469
G1 F4500 X37.196 Y23.853 E1709.89095
G0 F11250 X36.193 Y26.742
G1 F4500 X45.665 Y36.214 E1710.33648
G0 F11250 X46.201 Y33.863
G1 F4500 X32.446 Y37.549 E1710.81012
G0 F11250 X31.823 Y39.343
G1 F4500 X42.508 Y50.028 E1711.31271
G0 F11250 X43.177 Y47.097
G1 F4500 X27.696 Y51.245 E1711.84577
G0 F11250 X27.453 Y51.943
G1 F4500 X39.352 Y63.842 E1712.40546
G0 F11250 X38.642 Y66.947
G1 F4500 X20.57 Y71.789 E1713.02774
G0 F11250 X20.898 Y70.844
G1 F4500 X23.356 Y73.302 E1713.14335
G0 F11250 X28.625 Y72.143
G1 F4500 X42.573 Y20.088 E1714.93579
G0 F11250 X39.126 Y21.19
G1 F4500 X47.243 Y29.307 E1715.31758
G0 F11250 X47.713 Y27.246
G1 F4500 X34.82 Y30.701 E1715.76154
G0 F11250 X34.008 Y33.042
G1 F4500 X44.087 Y43.121 E1716.23562
G0 F11250 X44.689 Y40.48
G1 F4500 X30.07 Y44.397 E1716.739
G0 F11250 X40.154 Y60.33
G1 F4500 X22.946 Y64.941 E1717.33154
G0 F11250 X23.083 Y64.543
G1 F4500 X36.195 Y77.656 E1717.94831
G0 F11250 X35.618 Y80.18
G1 F4500 X33.321 Y80.796 E1718.02741
G0 F11250 X32.427 Y82.372
G1 F4500 X34.038 Y83.984 E1718.10321
G0 F11250 X32.416 Y87.25
G1 F4500 X13.446 Y92.333 E1718.75641
G0 F11250 X14.342 Y89.744
G1 F4500 X25.594 Y100.996 E1719.28567
G0 F11250 X25.304 Y101.579
G1 F4500 X23.559 Y102.047 E1719.34576
G0 F11250 X20.811 Y101.305
G1 F4500 X25.285 Y84.611 E1719.9206
G0 F11250 X26.444 Y84.875
G1 F4500 X31.223 Y89.654 E1720.14539
G0 F11250 X28.409 Y95.325
G1 F4500 X16.528 Y83.444 E1720.70423
G0 F11250 X15.82 Y85.485
G1 F4500 X23.221 Y83.502 E1720.95907
G0 F11250 X9.972 Y102.345
G1 F4500 X17.157 Y109.529 E1721.29701
G0 F11250 X17.027 Y110.008
G1 F4500 X9.653 Y111.984 E1721.55092
G1 F2700 E1716.55092
;MESH:NONMESH
G0 F300 X9.653 Y111.984 Z5.4
G0 F11250 X30.691 Y83.875
;TIME_ELAPSED:1756.723536
;LAYER:26
;TYPE:WALL-INNER
;MESH:Sperrklinke
G1 F2700 E1721.55092
G1 F2250 X29.79 Y84.352 E1721.58483
G1 X28.806 Y84.681 E1721.61934
G1 X27.788 Y84.844 E1721.65363
G1 X26.755 Y84.844 E1721.68799
G1 X25.738 Y84.681 E1721.72224
G1 X24.77 Y84.353 E1721.75624
G1 X23.858 Y83.879 E1721.79042
G1 X23.025 Y83.256 E1721.82502
G1 X22.307 Y82.507 E1721.85953
G1 X21.728 Y81.663 E1721.89357
G1 X21.282 Y80.729 E1721.928
G1 X20.999 Y79.742 E1721.96215
G1 X20.872 Y78.717 E1721.9965
G1 X20.918 Y77.686 E1722.03083
G1 X21.117 Y76.687 E1722.06471
G1 X21.484 Y75.718 E1722.09917
G1 X21.996 Y74.831 E1722.13323
G1 X22.652 Y74.026 E1722.16777
G1 X23.422 Y73.342 E1722.20203
G1 X24.296 Y72.787 E1722.23646
G1 X25.25 Y72.382 E1722.27093
G1 X26.247 Y72.141 E1722.30505
G1 X27.268 Y72.054 E1722.33913
G1 X28.309 Y72.146 E1722.37389
G1 X29.302 Y72.389 E1722.40789
G1 X30.246 Y72.786 E1722.44195
G1 X31.122 Y73.342 E1722.47646
G1 X31.892 Y74.026 E1722.51072
G1 X32.545 Y74.827 E1722.54509
G1 X33.057 Y75.714 E1722.57915
G1 X33.425 Y76.682 E1722.6136
G1 X33.63 Y77.676 E1722.64735
G1 X33.672 Y78.705 E1722.68161
G1 X33.552 Y79.733 E1722.71603
G1 X33.256 Y80.743 E1722.75104
G1 X32.817 Y81.663 E1722.78494
G1 X32.235 Y82.511 E1722.81915
G1 X31.52 Y83.26 E1722.85359
G1 X30.691 Y83.875 E1722.88792
G0 F11250 X30.472 Y83.539
G1 F2250 X29.633 Y83.983 E1722.91949
G1 X28.713 Y84.291 E1722.95176
G1 X27.756 Y84.444 E1722.98399
G1 X26.788 Y84.444 E1723.01619
G1 X25.836 Y84.291 E1723.04826
G1 X24.924 Y83.984 E1723.08027
G1 X24.07 Y83.539 E1723.1123
G1 X23.295 Y82.96 E1723.14447
G1 X22.62 Y82.257 E1723.17689
G1 X22.074 Y81.462 E1723.20896
G1 X21.656 Y80.583 E1723.24134
G1 X21.393 Y79.666 E1723.27307
G1 X21.273 Y78.701 E1723.30541
G1 X21.324 Y77.692 E1723.33901
G1 X21.502 Y76.799 E1723.3693
G1 X21.849 Y75.885 E1723.40181
G1 X22.328 Y75.057 E1723.43363
G1 X22.944 Y74.3 E1723.46609
G1 X23.665 Y73.661 E1723.49813
G1 X24.477 Y73.145 E1723.53013
G1 X25.375 Y72.764 E1723.56258
G1 X26.31 Y72.537 E1723.59458
G1 X27.271 Y72.456 E1723.62665
G1 X28.241 Y72.537 E1723.65903
G1 X29.17 Y72.764 E1723.69084
G1 X30.067 Y73.145 E1723.72325
G1 X30.879 Y73.661 E1723.75525
G1 X31.603 Y74.303 E1723.78743
G1 X32.211 Y75.049 E1723.81944
G1 X32.693 Y75.883 E1723.85148
G1 X33.04 Y76.794 E1723.8839
G1 X33.231 Y77.725 E1723.91552
G1 X33.271 Y78.697 E1723.94787
G1 X33.149 Y79.687 E1723.98105
G1 X32.891 Y80.568 E1724.01158
G1 X32.468 Y81.465 E1724.04457
G1 X31.925 Y82.256 E1724.07648
G1 X31.257 Y82.957 E1724.10868
G1 X30.472 Y83.539 E1724.14119
G0 F11250 X30.221 Y83.219
G1 F2250 X29.476 Y83.612 E1724.1692
G1 X28.614 Y83.902 E1724.19945
G1 X27.723 Y84.044 E1724.22946
G1 X26.82 Y84.044 E1724.25949
G1 X25.932 Y83.901 E1724.28941
G1 X25.071 Y83.614 E1724.31959
G1 X24.282 Y83.197 E1724.34928
G1 X23.555 Y82.654 E1724.37946
G1 X22.935 Y82.008 E1724.40924
G1 X22.422 Y81.26 E1724.4394
G1 X22.033 Y80.448 E1724.46935
G1 X21.785 Y79.583 E1724.49928
G1 X21.674 Y78.683 E1724.52944
G1 X21.719 Y77.756 E1724.56031
G1 X21.901 Y76.875 E1724.59023
G1 X22.213 Y76.055 E1724.61941
G1 X22.659 Y75.284 E1724.64904
G1 X23.202 Y74.616 E1724.67767
G1 X23.903 Y73.984 E1724.70906
G1 X24.669 Y73.498 E1724.73923
G1 X25.503 Y73.143 E1724.76938
G1 X26.326 Y72.944 E1724.79754
G1 X27.271 Y72.857 E1724.82911
G1 X28.178 Y72.936 E1724.85939
G1 X29.005 Y73.135 E1724.88768
G1 X29.873 Y73.497 E1724.91896
G1 X30.638 Y73.983 E1724.9491
G1 X31.311 Y74.577 E1724.97896
G1 X31.883 Y75.279 E1725.00908
G1 X32.33 Y76.053 E1725.0388
G1 X32.654 Y76.905 E1725.06912
G1 X32.834 Y77.779 E1725.0988
G1 X32.87 Y78.684 E1725.12893
G1 X32.758 Y79.598 E1725.15955
G1 X32.514 Y80.434 E1725.18852
G1 X32.138 Y81.227 E1725.21771
G1 X31.613 Y82.002 E1725.24884
G1 X30.99 Y82.656 E1725.27888
G1 X30.221 Y83.219 E1725.31058
G1 F2700 E1720.31058
G0 F11250 X30.36 Y83.486
G0 X19.919 Y101.76
G0 X16.698 Y112.064
G1 F2700 E1725.31058
G1 F2250 X16.683 Y111.617 E1725.32546
G1 X19.185 Y102.269 E1725.64732
G1 X19.46 Y101.814 E1725.665
G1 X19.893 Y101.499 E1725.68281
G1 X20.277 Y101.393 E1725.69606
G1 X20.55 Y101.376 E1725.70516
G1 X20.863 Y101.423 E1725.71569
G1 X24.927 Y102.514 E1725.85564
G1 X34.959 Y82.31 E1726.60591
G1 X35.246 Y81.691 E1726.6286
G1 X35.477 Y81.039 E1726.65161
G1 X35.665 Y80.338 E1726.67575
G1 X47.88 Y26.873 E1728.49982
G1 X48.003 Y26.107 E1728.52562
G1 X48.025 Y25.371 E1728.55011
G1 X47.945 Y24.639 E1728.5746
G1 X47.775 Y23.924 E1728.59905
G1 X47.511 Y23.239 E1728.62346
G1 X47.156 Y22.59 E1728.64807
G1 X46.713 Y21.987 E1728.67296
G1 X46.212 Y21.463 E1728.69707
G1 X45.629 Y20.995 E1728.72193
G1 X45.005 Y20.62 E1728.74615
G1 X44.334 Y20.329 E1728.77047
G1 X43.607 Y20.12 E1728.79563
G1 X42.893 Y20.015 E1728.81964
G1 X42.151 Y20.002 E1728.84432
G1 X41.419 Y20.088 E1728.86883
G1 X40.697 Y20.271 E1728.89361
G1 X40.023 Y20.539 E1728.91773
G1 X39.371 Y20.904 E1728.94258
G1 X38.788 Y21.343 E1728.96686
G1 X38.259 Y21.863 E1728.99153
G1 X37.801 Y22.449 E1729.01626
G1 X37.435 Y23.074 E1729.04035
G1 X37.132 Y23.791 E1729.06624
G1 X7.684 Y108.7 E1732.05535
G1 X7.684 Y112.064 E1732.16724
G1 X16.698 Y112.064 E1732.46705
G0 F11250 X17.263 Y112.464
G1 F2250 X17.089 Y112.302 E1732.47495
G1 X17.069 Y111.721 E1732.49429
G1 X19.555 Y102.448 E1732.8136
G1 X19.722 Y102.146 E1732.82508
G1 X19.915 Y101.964 E1732.8339
G1 X20.129 Y101.847 E1732.84201
G1 X20.595 Y101.766 E1732.85775
G1 X25.14 Y102.986 E1733.01426
G1 X35.32 Y82.482 E1733.77566
G1 X35.601 Y81.864 E1733.79824
G1 X35.611 Y81.859 E1733.79861
G1 X35.86 Y81.158 E1733.82335
G1 X36.049 Y80.454 E1733.8476
G1 X48.273 Y26.949 E1735.67303
G1 X48.402 Y26.145 E1735.70012
G1 X48.426 Y25.356 E1735.72637
G1 X48.34 Y24.571 E1735.75264
G1 X48.158 Y23.806 E1735.77879
G1 X47.874 Y23.07 E1735.80503
G1 X47.494 Y22.375 E1735.83137
G1 X47.02 Y21.729 E1735.85802
G1 X46.483 Y21.167 E1735.88388
G1 X45.858 Y20.667 E1735.9105
G1 X45.189 Y20.264 E1735.93647
G1 X44.469 Y19.952 E1735.96257
G1 X43.691 Y19.728 E1735.9895
G1 X42.926 Y19.615 E1736.01522
G1 X42.131 Y19.602 E1736.04167
G1 X41.347 Y19.694 E1736.06792
G1 X40.574 Y19.89 E1736.09444
G1 X39.851 Y20.177 E1736.12032
G1 X39.152 Y20.568 E1736.14696
G1 X38.527 Y21.04 E1736.17301
G1 X37.96 Y21.596 E1736.19942
G1 X37.469 Y22.224 E1736.22593
G1 X37.076 Y22.894 E1736.25177
G1 X36.759 Y23.647 E1736.27894
G1 X7.284 Y108.633 E1739.27076
G1 X7.284 Y112.464 E1739.39818
G1 X17.263 Y112.464 E1739.73008
G0 F11250 X17.202 Y112.614
G0 X19.018 Y112.863
G1 F2250 X17.881 Y112.561 E1739.76921
G1 X17.468 Y112.173 E1739.78806
G1 X17.456 Y111.824 E1739.79967
G1 X19.947 Y102.52 E1740.12003
G1 X20.088 Y102.339 E1740.12766
G1 X20.277 Y102.218 E1740.13512
G1 X20.558 Y102.17 E1740.1446
G1 X25.353 Y103.457 E1740.30973
G1 X35.681 Y82.654 E1741.08222
G1 X35.964 Y82.034 E1741.10489
G1 X35.976 Y82.026 E1741.10537
G1 X36.242 Y81.277 E1741.1318
G1 X36.437 Y80.551 E1741.15681
G1 X48.666 Y27.025 E1742.98296
G1 X48.801 Y26.183 E1743.01132
G1 X48.826 Y25.34 E1743.03937
G1 X48.735 Y24.503 E1743.06738
G1 X48.541 Y23.687 E1743.09527
G1 X48.238 Y22.902 E1743.12326
G1 X47.832 Y22.159 E1743.15142
G1 X47.327 Y21.471 E1743.17981
G1 X46.753 Y20.872 E1743.2074
G1 X46.087 Y20.338 E1743.23579
G1 X45.372 Y19.907 E1743.26356
G1 X44.604 Y19.574 E1743.2914
G1 X43.776 Y19.336 E1743.32006
G1 X42.958 Y19.216 E1743.34755
G1 X42.111 Y19.201 E1743.37573
G1 X41.274 Y19.3 E1743.40376
G1 X40.45 Y19.508 E1743.43203
G1 X39.679 Y19.815 E1743.45963
G1 X38.933 Y20.232 E1743.48806
G1 X38.265 Y20.736 E1743.51589
G1 X37.661 Y21.329 E1743.54404
G1 X37.138 Y21.999 E1743.57231
G1 X36.718 Y22.714 E1743.59989
G1 X36.385 Y23.504 E1743.6284
G1 X6.884 Y108.566 E1746.6229
G1 X6.884 Y112.864 E1746.76585
G1 X19.018 Y112.863 E1747.16943
G1 F2700 E1742.16943
G0 F11250 X20.44 Y113.052
G0 X20.931 Y113.264
;TYPE:WALL-OUTER
G1 F2700 E1747.16943
G1 F2250 X21.064 Y112.995 E1747.17941
G1 X17.984 Y112.174 E1747.28543
G1 X17.846 Y112.045 E1747.29171
G1 X17.842 Y111.928 E1747.2956
G1 X20.315 Y102.697 E1747.61346
G1 X20.425 Y102.59 E1747.61856
G1 X20.528 Y102.577 E1747.62201
G1 X25.565 Y103.928 E1747.79547
G1 X36.043 Y82.826 E1748.57908
G1 X36.326 Y82.203 E1748.60184
G1 X36.341 Y82.194 E1748.60242
G1 X36.624 Y81.396 E1748.63058
G1 X36.835 Y80.606 E1748.65778
G1 X49.059 Y27.101 E1750.48322
G1 X49.2 Y26.221 E1750.51286
G1 X49.227 Y25.324 E1750.54271
G1 X49.13 Y24.435 E1750.57245
G1 X48.924 Y23.568 E1750.60209
G1 X48.602 Y22.733 E1750.63185
G1 X48.17 Y21.944 E1750.66177
G1 X47.634 Y21.213 E1750.69192
G1 X47.024 Y20.576 E1750.72126
G1 X46.317 Y20.009 E1750.7514
G1 X45.556 Y19.551 E1750.78094
G1 X44.74 Y19.197 E1750.81052
G1 X43.861 Y18.944 E1750.84095
G1 X42.991 Y18.816 E1750.87019
G1 X42.091 Y18.801 E1750.90013
G1 X41.201 Y18.906 E1750.92994
G1 X40.326 Y19.127 E1750.95996
G1 X39.507 Y19.453 E1750.98928
G1 X38.714 Y19.896 E1751.01949
G1 X38.003 Y20.432 E1751.0491
G1 X37.362 Y21.062 E1751.07899
G1 X36.806 Y21.773 E1751.10901
G1 X36.36 Y22.534 E1751.13835
G1 X36.011 Y23.36 E1751.16818
G1 X6.484 Y108.498 E1754.16534
G1 X6.484 Y113.264 E1754.32386
G1 X20.931 Y113.264 E1754.80437
G1 F2700 E1749.80437
G0 F11250 X20.44 Y113.052
G0 X17.513 Y112.281
G0 X20.201 Y102.251
G0 X30.48 Y83.411
G0 X30.06 Y82.849
G1 F2700 E1754.80437
G1 F2250 X29.3 Y83.25 E1754.83295
G1 X28.504 Y83.514 E1754.86084
G1 X27.704 Y83.642 E1754.88779
G1 X26.84 Y83.642 E1754.91653
G1 X26.012 Y83.506 E1754.94443
G1 X25.231 Y83.245 E1754.97182
G1 X24.484 Y82.849 E1754.99994
G1 X23.811 Y82.343 E1755.02795
G1 X23.235 Y81.738 E1755.05573
G1 X22.763 Y81.047 E1755.08356
G1 X22.403 Y80.288 E1755.1115
G1 X22.177 Y79.489 E1755.13912
G1 X22.077 Y78.685 E1755.16607
G1 X22.115 Y77.812 E1755.19513
G1 X22.271 Y77.032 E1755.22159
G1 X22.582 Y76.215 E1755.25067
G1 X22.982 Y75.523 E1755.27725
G1 X23.512 Y74.869 E1755.30525
G1 X24.16 Y74.295 E1755.33404
G1 X24.869 Y73.847 E1755.36193
G1 X25.644 Y73.521 E1755.3899
G1 X26.451 Y73.328 E1755.4175
G1 X27.289 Y73.26 E1755.44546
G1 X28.113 Y73.33 E1755.47297
G1 X28.917 Y73.526 E1755.50049
G1 X29.675 Y73.847 E1755.52787
G1 X30.409 Y74.314 E1755.5568
G1 X31.032 Y74.869 E1755.58455
G1 X31.562 Y75.523 E1755.61255
G1 X31.962 Y76.215 E1755.63914
G1 X32.264 Y77.005 E1755.66727
G1 X32.436 Y77.844 E1755.69575
G1 X32.468 Y78.652 E1755.72265
G1 X32.368 Y79.509 E1755.75135
G1 X32.137 Y80.3 E1755.77875
G1 X31.78 Y81.049 E1755.80635
G1 X31.309 Y81.738 E1755.83411
G1 X30.712 Y82.365 E1755.8629
G1 X30.06 Y82.849 E1755.88991
G0 F11250 X30.48 Y83.411
G0 X31.743 Y83.141
;TYPE:FILL
G1 F4500 X28.562 Y95.012 E1756.29867
G1 X28.474 Y95.19
G1 X16.58 Y83.295 E1756.85815
G0 F11250 X15.764 Y85.647
G1 F4500 X23.366 Y83.61 E1757.11992
G0 F11250 X25.15 Y84.566
G1 F4500 X20.662 Y101.314 E1757.69661
G0 F11250 X20.06 Y101.675
G0 X18.994 Y102.68
G1 F4500 X12.209 Y95.895 E1758.01576
G0 F11250 X13.389 Y92.495
G1 F4500 X32.332 Y87.42 E1758.66802
G0 F11250 X31.289 Y89.52
G1 F4500 X26.678 Y84.908 E1758.88493
G0 F11250 X29.564 Y83.836
G0 X32.508 Y82.253
G1 F4500 X34.104 Y83.849 E1758.96
G0 F11250 X33.24 Y80.965
G1 F4500 X35.581 Y80.337 E1759.04062
G0 F11250 X36.233 Y77.493
G1 F4500 X23.134 Y64.394 E1759.65676
G0 F11250 X22.889 Y65.103
G1 F4500 X40.117 Y60.487 E1760.24997
G0 F11250 X39.389 Y63.679
G1 F4500 X27.505 Y51.794 E1760.80898
G0 F11250 X27.64 Y51.407
G1 F4500 X43.141 Y47.253 E1761.34274
G0 F11250 X42.546 Y49.864
G1 F4500 X31.875 Y39.194 E1761.84465
G0 F11250 X32.39 Y37.711
G1 F4500 X46.165 Y34.02 E1762.31897
G0 F11250 X45.702 Y36.05
G1 F4500 X36.245 Y26.593 E1762.7638
G0 F11250 X37.14 Y24.015
G1 F4500 X46.216 Y21.583 E1763.07632
G0 F11250 X47.643 Y23.803
G1 F4500 X33.486 Y76.637 E1764.89557
G0 F11250 X32.681 Y74.903
G1 F4500 X37.094 Y73.72 E1765.04753
G0 F11250 X37.811 Y70.586
G1 F4500 X25.319 Y58.094 E1765.63512
G1 X25.264 Y58.255
G1 X41.629 Y53.87 E1766.19862
G0 F11250 X40.968 Y56.771
G1 F4500 X29.69 Y45.494 E1766.72908
G0 F11250 X30.014 Y44.559
G1 F4500 X44.653 Y40.637 E1767.23315
G0 F11250 X44.124 Y42.957
G1 F4500 X34.06 Y32.893 E1767.70653
G0 F11250 X34.764 Y30.863
G1 F4500 X47.677 Y27.403 E1768.15116
G0 F11250 X47.281 Y29.143
G1 F4500 X39.24 Y21.103 E1768.52936
G0 F11250 X42.427 Y20.086
G1 F4500 X28.487 Y72.109 E1770.3207
G0 F11250 X23.471 Y73.216
G1 F4500 X20.949 Y70.694 E1770.43933
G0 F11250 X20.514 Y71.951
G1 F4500 X38.606 Y67.103 E1771.0623
G0 F11250 X24.559 Y73.289
G0 X23.764 Y73.792
G0 X23.365 Y74.146
G0 X21.093 Y76.525
G1 F4500 X28.448 Y49.076 E1772.00746
G0 F11250 X20.996 Y76.886
G1 F4500 X11.591 Y111.985 E1773.21604
G0 F11250 X11.328 Y111.985
G1 F4500 X7.839 Y108.496 E1773.38015
G0 F11250 X8.639 Y106.192
G1 F4500 X18.781 Y103.474 E1773.72938
G0 F11250 X19.919 Y101.76
G0 X23.8 Y102.129
G1 F4500 X25.218 Y101.749 E1773.77821
G0 F11250 X25.659 Y100.86
G1 F4500 X14.395 Y89.595 E1774.30806
G0 F11250 X11.014 Y99.343
G1 F4500 X28.775 Y94.584 E1774.91963
G0 F11250 X20.835 Y79.065
G1 F4500 X18.764 Y76.995 E1775.01702
G0 F11250 X18.139 Y78.799
G1 F4500 X20.819 Y78.081 E1775.1093
G0 F11250 X10.024 Y102.195
G1 F4500 X17.202 Y109.374 E1775.44695
G0 F11250 X16.989 Y110.166
G1 F4500 X10.202 Y111.984 E1775.68065
G1 F2700 E1770.68065
;MESH:NONMESH
G0 F300 X10.202 Y111.984 Z5.6
G0 F11250 X30.691 Y83.875
;TIME_ELAPSED:1807.278004
;LAYER:27
;TYPE:WALL-INNER
;MESH:Sperrklinke
G1 F2700 E1775.68065
G1 F2250 X29.79 Y84.352 E1775.71456
G1 X28.806 Y84.681 E1775.74907
G1 X27.788 Y84.844 E1775.78336
G1 X26.755 Y84.844 E1775.81771
G1 X25.738 Y84.681 E1775.85197
G1 X24.77 Y84.353 E1775.88596
G1 X23.858 Y83.879 E1775.92015
G1 X23.025 Y83.256 E1775.95475
G1 X22.307 Y82.507 E1775.98926
G1 X21.728 Y81.663 E1776.0233
G1 X21.282 Y80.729 E1776.05772
G1 X20.999 Y79.742 E1776.09187
G1 X20.872 Y78.717 E1776.12623
G1 X20.918 Y77.686 E1776.16055
G1 X21.117 Y76.687 E1776.19443
G1 X21.484 Y75.718 E1776.22889
G1 X21.996 Y74.831 E1776.26296
G1 X22.652 Y74.026 E1776.2975
G1 X23.422 Y73.342 E1776.33175
G1 X24.296 Y72.787 E1776.36619
G1 X25.25 Y72.382 E1776.40066
G1 X26.247 Y72.141 E1776.43477
G1 X27.268 Y72.054 E1776.46886
G1 X28.309 Y72.146 E1776.50361
G1 X29.302 Y72.389 E1776.53762
G1 X30.246 Y72.786 E1776.57168
G1 X31.122 Y73.342 E1776.60619
G1 X31.892 Y74.026 E1776.64044
G1 X32.545 Y74.827 E1776.67481
G1 X33.057 Y75.714 E1776.70888
G1 X33.425 Y76.682 E1776.74332
G1 X33.63 Y77.676 E1776.77708
G1 X33.672 Y78.705 E1776.81133
G1 X33.552 Y79.733 E1776.84576
G1 X33.256 Y80.743 E1776.88076
G1 X32.817 Y81.663 E1776.91467
G1 X32.235 Y82.51 E1776.94885
G1 X31.525 Y83.257 E1776.98312
G1 X30.691 Y83.875 E1777.01765
G0 F11250 X30.472 Y83.539
G1 F2250 X29.633 Y83.983 E1777.04922
G1 X28.713 Y84.291 E1777.08149
G1 X27.756 Y84.444 E1777.11372
G1 X26.788 Y84.444 E1777.14592
G1 X25.836 Y84.291 E1777.17799
G1 X24.924 Y83.984 E1777.20999
G1 X24.07 Y83.539 E1777.24202
G1 X23.295 Y82.96 E1777.2742
G1 X22.62 Y82.257 E1777.30661
G1 X22.074 Y81.462 E1777.33869
G1 X21.656 Y80.583 E1777.37107
G1 X21.393 Y79.666 E1777.40279
G1 X21.273 Y78.701 E1777.43514
G1 X21.324 Y77.692 E1777.46874
G1 X21.502 Y76.799 E1777.49903
G1 X21.849 Y75.885 E1777.53154
G1 X22.328 Y75.057 E1777.56336
G1 X22.944 Y74.3 E1777.59582
G1 X23.665 Y73.661 E1777.62786
G1 X24.477 Y73.145 E1777.65986
G1 X25.375 Y72.764 E1777.69231
G1 X26.31 Y72.537 E1777.72431
G1 X27.271 Y72.456 E1777.75638
G1 X28.241 Y72.537 E1777.78876
G1 X29.17 Y72.764 E1777.82057
G1 X30.067 Y73.145 E1777.85298
G1 X30.879 Y73.661 E1777.88498
G1 X31.603 Y74.303 E1777.91716
G1 X32.211 Y75.049 E1777.94917
G1 X32.693 Y75.883 E1777.98121
G1 X33.04 Y76.794 E1778.01363
G1 X33.231 Y77.725 E1778.04524
G1 X33.271 Y78.697 E1778.0776
G1 X33.149 Y79.687 E1778.11078
G1 X32.891 Y80.568 E1778.14131
G1 X32.468 Y81.465 E1778.17429
G1 X31.925 Y82.256 E1778.20621
G1 X31.257 Y82.957 E1778.23841
G1 X30.472 Y83.539 E1778.27091
G0 F11250 X30.221 Y83.219
G1 F2250 X29.476 Y83.612 E1778.29893
G1 X28.614 Y83.902 E1778.32918
G1 X27.723 Y84.044 E1778.35919
G1 X26.82 Y84.044 E1778.38922
G1 X25.932 Y83.901 E1778.41914
G1 X25.071 Y83.614 E1778.44932
G1 X24.282 Y83.197 E1778.479
G1 X23.555 Y82.654 E1778.50919
G1 X22.935 Y82.008 E1778.53897
G1 X22.422 Y81.26 E1778.56913
G1 X22.033 Y80.448 E1778.59908
G1 X21.785 Y79.583 E1778.62901
G1 X21.674 Y78.683 E1778.65917
G1 X21.719 Y77.756 E1778.69004
G1 X21.901 Y76.875 E1778.71996
G1 X22.213 Y76.055 E1778.74914
G1 X22.659 Y75.284 E1778.77876
G1 X23.202 Y74.616 E1778.8074
G1 X23.903 Y73.984 E1778.83879
G1 X24.669 Y73.498 E1778.86896
G1 X25.503 Y73.143 E1778.89911
G1 X26.326 Y72.944 E1778.92727
G1 X27.271 Y72.857 E1778.95883
G1 X28.178 Y72.936 E1778.98912
G1 X29.005 Y73.135 E1779.01741
G1 X29.873 Y73.497 E1779.04869
G1 X30.638 Y73.983 E1779.07883
G1 X31.311 Y74.577 E1779.10869
G1 X31.883 Y75.279 E1779.13881
G1 X32.33 Y76.053 E1779.16853
G1 X32.654 Y76.905 E1779.19885
G1 X32.834 Y77.779 E1779.22853
G1 X32.87 Y78.684 E1779.25865
G1 X32.758 Y79.598 E1779.28928
G1 X32.514 Y80.434 E1779.31825
G1 X32.138 Y81.227 E1779.34744
G1 X31.613 Y82.002 E1779.37857
G1 X30.99 Y82.656 E1779.40861
G1 X30.221 Y83.219 E1779.44031
G1 F2700 E1774.44031
G0 F11250 X30.36 Y83.486
G0 X19.908 Y101.795
G0 X16.706 Y112.064
G1 F2700 E1779.44031
G1 F2250 X16.691 Y111.585 E1779.45625
G1 X19.173 Y102.313 E1779.7755
G1 X19.292 Y102.081 E1779.78417
G1 X19.531 Y101.785 E1779.79682
G1 X19.82 Y101.575 E1779.80871
G1 X20.189 Y101.426 E1779.82194
G1 X20.541 Y101.404 E1779.83367
G1 X20.852 Y101.451 E1779.84413
G1 X24.918 Y102.532 E1779.98407
G1 X34.959 Y82.31 E1780.735
G1 X35.246 Y81.691 E1780.7577
G1 X35.477 Y81.039 E1780.7807
G1 X35.665 Y80.338 E1780.80484
G1 X47.88 Y26.873 E1782.62891
G1 X48.003 Y26.107 E1782.65472
G1 X48.025 Y25.371 E1782.67921
G1 X47.945 Y24.639 E1782.7037
G1 X47.775 Y23.924 E1782.72814
G1 X47.511 Y23.239 E1782.75256
G1 X47.156 Y22.59 E1782.77716
G1 X46.713 Y21.987 E1782.80205
G1 X46.212 Y21.463 E1782.82616
G1 X45.629 Y20.995 E1782.85103
G1 X45.005 Y20.62 E1782.87524
G1 X44.334 Y20.329 E1782.89957
G1 X43.607 Y20.12 E1782.92473
G1 X42.893 Y20.015 E1782.94873
G1 X42.151 Y20.002 E1782.97341
G1 X41.419 Y20.088 E1782.99793
G1 X40.697 Y20.271 E1783.0227
G1 X40.023 Y20.539 E1783.04683
G1 X39.371 Y20.904 E1783.07168
G1 X38.788 Y21.343 E1783.09595
G1 X38.259 Y21.863 E1783.12062
G1 X37.801 Y22.449 E1783.14536
G1 X37.435 Y23.074 E1783.16945
G1 X37.132 Y23.791 E1783.19534
G1 X7.684 Y108.7 E1786.18445
G1 X7.684 Y112.064 E1786.29633
G1 X16.706 Y112.064 E1786.59641
G0 F11250 X17.304 Y112.464
G1 F2250 X17.096 Y112.268 E1786.60591
G1 X17.078 Y111.689 E1786.62518
G1 X19.547 Y102.476 E1786.94242
G1 X19.714 Y102.174 E1786.9539
G1 X19.906 Y101.993 E1786.96267
G1 X20.12 Y101.875 E1786.9708
G1 X20.587 Y101.794 E1786.98656
G1 X25.131 Y103.003 E1787.14296
G1 X35.32 Y82.482 E1787.90499
G1 X35.601 Y81.864 E1787.92757
G1 X35.611 Y81.859 E1787.92794
G1 X35.86 Y81.158 E1787.95268
G1 X36.049 Y80.454 E1787.97693
G1 X48.273 Y26.949 E1789.80236
G1 X48.402 Y26.145 E1789.82945
G1 X48.426 Y25.356 E1789.8557
G1 X48.34 Y24.571 E1789.88197
G1 X48.158 Y23.806 E1789.90812
G1 X47.874 Y23.07 E1789.93436
G1 X47.494 Y22.375 E1789.96071
G1 X47.02 Y21.729 E1789.98736
G1 X46.483 Y21.167 E1790.01321
G1 X45.858 Y20.667 E1790.03983
G1 X45.189 Y20.264 E1790.06581
G1 X44.469 Y19.952 E1790.0919
G1 X43.691 Y19.728 E1790.11883
G1 X42.926 Y19.615 E1790.14455
G1 X42.131 Y19.602 E1790.171
G1 X41.347 Y19.694 E1790.19725
G1 X40.574 Y19.89 E1790.22378
G1 X39.851 Y20.177 E1790.24965
G1 X39.152 Y20.568 E1790.27629
G1 X38.527 Y21.04 E1790.30234
G1 X37.96 Y21.596 E1790.32875
G1 X37.469 Y22.224 E1790.35526
G1 X37.076 Y22.894 E1790.3811
G1 X36.759 Y23.647 E1790.40827
G1 X7.284 Y108.633 E1793.40009
G1 X7.284 Y112.464 E1793.52751
G1 X17.304 Y112.464 E1793.86078
G0 F11250 X17.249 Y112.614
G0 X19.126 Y112.864
G1 F2250 X17.886 Y112.528 E1793.90351
G1 X17.475 Y112.14 E1793.92231
G1 X17.464 Y111.792 E1793.93389
G1 X19.912 Y102.648 E1794.24873
G1 X20.025 Y102.426 E1794.25702
G1 X20.14 Y102.317 E1794.26229
G1 X20.396 Y102.211 E1794.2715
G1 X20.575 Y102.209 E1794.27746
G1 X25.344 Y103.474 E1794.44156
G1 X35.681 Y82.654 E1795.21469
G1 X35.964 Y82.034 E1795.23735
G1 X35.976 Y82.026 E1795.23783
G1 X36.242 Y81.277 E1795.26427
G1 X36.437 Y80.551 E1795.28927
G1 X48.666 Y27.025 E1797.11543
G1 X48.801 Y26.183 E1797.14379
G1 X48.826 Y25.34 E1797.17184
G1 X48.735 Y24.503 E1797.19984
G1 X48.541 Y23.687 E1797.22774
G1 X48.238 Y22.902 E1797.25573
G1 X47.832 Y22.159 E1797.28389
G1 X47.327 Y21.471 E1797.31227
G1 X46.753 Y20.872 E1797.33987
G1 X46.087 Y20.338 E1797.36826
G1 X45.372 Y19.907 E1797.39603
G1 X44.604 Y19.574 E1797.42387
G1 X43.776 Y19.336 E1797.45252
G1 X42.958 Y19.216 E1797.48002
G1 X42.111 Y19.201 E1797.5082
G1 X41.274 Y19.3 E1797.53623
G1 X40.45 Y19.508 E1797.5645
G1 X39.679 Y19.815 E1797.5921
G1 X38.933 Y20.232 E1797.62052
G1 X38.265 Y20.736 E1797.64836
G1 X37.661 Y21.329 E1797.67651
G1 X37.138 Y21.999 E1797.70478
G1 X36.718 Y22.714 E1797.73236
G1 X36.385 Y23.504 E1797.76087
G1 X6.884 Y108.566 E1800.75537
G1 X6.884 Y112.864 E1800.89832
G1 X19.126 Y112.864 E1801.30549
G1 F2700 E1796.30549
G0 F11250 X20.522 Y113.051
G0 X20.931 Y113.264
;TYPE:WALL-OUTER
G1 F2700 E1801.30549
G1 F2250 X21.072 Y112.978 E1801.31609
G1 X17.991 Y112.142 E1801.42227
G1 X17.854 Y112.012 E1801.42856
G1 X17.85 Y111.896 E1801.43242
G1 X20.307 Y102.725 E1801.7482
G1 X20.417 Y102.618 E1801.75331
G1 X20.52 Y102.605 E1801.75676
G1 X25.557 Y103.944 E1801.93011
G1 X36.043 Y82.826 E1802.71432
G1 X36.326 Y82.203 E1802.73708
G1 X36.341 Y82.194 E1802.73766
G1 X36.624 Y81.396 E1802.76582
G1 X36.835 Y80.606 E1802.79302
G1 X49.059 Y27.101 E1804.61845
G1 X49.2 Y26.221 E1804.6481
G1 X49.227 Y25.324 E1804.67794
G1 X49.13 Y24.435 E1804.70769
G1 X48.924 Y23.568 E1804.73733
G1 X48.602 Y22.733 E1804.76709
G1 X48.17 Y21.944 E1804.79701
G1 X47.634 Y21.213 E1804.82716
G1 X47.024 Y20.576 E1804.85649
G1 X46.317 Y20.009 E1804.88664
G1 X45.556 Y19.551 E1804.91618
G1 X44.74 Y19.197 E1804.94576
G1 X43.861 Y18.944 E1804.97619
G1 X42.991 Y18.816 E1805.00543
G1 X42.091 Y18.801 E1805.03537
G1 X41.201 Y18.906 E1805.06518
G1 X40.326 Y19.127 E1805.09519
G1 X39.507 Y19.453 E1805.12451
G1 X38.714 Y19.896 E1805.15473
G1 X38.003 Y20.432 E1805.18434
G1 X37.362 Y21.062 E1805.21423
G1 X36.806 Y21.773 E1805.24425
G1 X36.36 Y22.534 E1805.27359
G1 X36.011 Y23.36 E1805.30342
G1 X6.484 Y108.498 E1808.30058
G1 X6.484 Y113.264 E1808.4591
G1 X20.931 Y113.264 E1808.93961
G1 F2700 E1803.93961
G0 F11250 X20.522 Y113.051
G0 X17.522 Y112.249
G0 X20.191 Y102.284
G0 X30.48 Y83.411
G0 X30.06 Y82.849
G1 F2700 E1808.93961
G1 F2250 X29.3 Y83.25 E1808.96819
G1 X28.504 Y83.514 E1808.99608
G1 X27.704 Y83.642 E1809.02303
G1 X26.84 Y83.642 E1809.05176
G1 X26.012 Y83.506 E1809.07967
G1 X25.231 Y83.245 E1809.10706
G1 X24.484 Y82.849 E1809.13518
G1 X23.811 Y82.343 E1809.16319
G1 X23.235 Y81.738 E1809.19097
G1 X22.763 Y81.047 E1809.2188
G1 X22.403 Y80.288 E1809.24674
G1 X22.177 Y79.489 E1809.27436
G1 X22.077 Y78.685 E1809.30131
G1 X22.115 Y77.812 E1809.33037
G1 X22.271 Y77.032 E1809.35683
G1 X22.582 Y76.215 E1809.3859
G1 X22.982 Y75.523 E1809.41249
G1 X23.512 Y74.869 E1809.44049
G1 X24.16 Y74.295 E1809.46928
G1 X24.869 Y73.847 E1809.49717
G1 X25.644 Y73.521 E1809.52514
G1 X26.451 Y73.328 E1809.55274
G1 X27.289 Y73.26 E1809.5807
G1 X28.113 Y73.33 E1809.6082
G1 X28.917 Y73.526 E1809.63573
G1 X29.675 Y73.847 E1809.66311
G1 X30.409 Y74.314 E1809.69204
G1 X31.032 Y74.869 E1809.71979
G1 X31.562 Y75.523 E1809.74779
G1 X31.962 Y76.215 E1809.77438
G1 X32.264 Y77.005 E1809.80251
G1 X32.436 Y77.844 E1809.83099
G1 X32.467 Y78.684 E1809.85895
G1 X32.368 Y79.509 E1809.88659
G1 X32.137 Y80.3 E1809.91399
G1 X31.78 Y81.049 E1809.94159
G1 X31.309 Y81.738 E1809.96935
G1 X30.712 Y82.365 E1809.99814
G1 X30.06 Y82.849 E1810.02515
G0 F11250 X30.48 Y83.411
G0 X31.547 Y83.328
;TYPE:FILL
G1 F4500 X28.245 Y95.651 E1810.44948
G0 F11250 X28.541 Y95.057
G1 F4500 X16.63 Y83.147 E1811.00971
G0 F11250 X15.708 Y85.808
G1 F4500 X23.51 Y83.718 E1811.27835
G0 F11250 X25.016 Y84.521
G1 F4500 X20.512 Y101.328 E1811.85708
G0 F11250 X19.035 Y102.521
G1 F4500 X12.261 Y95.747 E1812.17571
G0 F11250 X13.334 Y92.656
G1 F4500 X32.247 Y87.588 E1812.82695
G0 F11250 X31.355 Y89.386
G1 F4500 X26.893 Y84.924 E1813.03683
G0 F11250 X29.564 Y83.836
G0 X32.589 Y82.135
G1 F4500 X34.17 Y83.716 E1813.1112
G0 F11250 X33.159 Y81.132
G1 F4500 X35.539 Y80.494 E1813.19315
G0 F11250 X36.27 Y77.331
G1 F4500 X23.186 Y64.246 E1813.8086
G0 F11250 X22.834 Y65.264
G1 F4500 X40.082 Y60.642 E1814.40252
G0 F11250 X39.427 Y63.517
G1 F4500 X27.556 Y51.646 E1814.96089
G1 X27.584 Y51.568
G1 X43.106 Y47.409 E1815.49537
G0 F11250 X42.583 Y49.703
G1 F4500 X31.927 Y39.046 E1815.99661
G0 F11250 X32.334 Y37.872
G1 F4500 X46.13 Y34.175 E1816.47166
G0 F11250 X45.74 Y35.888
G1 F4500 X36.296 Y26.445 E1816.91585
G0 F11250 X37.084 Y24.176
G1 F4500 X46.328 Y21.699 E1817.23416
G0 F11250 X47.556 Y23.58
G1 F4500 X33.404 Y76.399 E1819.05289
G0 F11250 X32.754 Y75.029
G1 F4500 X37.058 Y73.876 E1819.20109
G0 F11250 X37.849 Y70.424
G1 F4500 X25.371 Y57.946 E1819.78802
G0 F11250 X25.208 Y58.416
G1 F4500 X41.594 Y54.026 E1820.35224
G0 F11250 X41.005 Y56.61
G1 F4500 X29.741 Y45.345 E1820.88208
G0 F11250 X29.958 Y44.72
G1 F4500 X44.618 Y40.792 E1821.38688
G0 F11250 X44.162 Y42.796
G1 F4500 X34.112 Y32.745 E1821.85962
G0 F11250 X34.709 Y31.024
G1 F4500 X47.642 Y27.558 E1822.30495
G0 F11250 X47.318 Y28.981
G1 F4500 X39.354 Y21.017 E1822.67956
G0 F11250 X42.282 Y20.084
G1 F4500 X28.35 Y72.076 E1824.46983
G0 F11250 X23.592 Y73.137
G1 F4500 X21.001 Y70.547 E1824.59168
G0 F11250 X20.458 Y72.112
G1 F4500 X38.57 Y67.259 E1825.21533
G0 F11250 X27.806 Y50.927
G1 F4500 X11.445 Y111.984 E1827.31774
G1 X11.527 Y111.984
G1 X7.891 Y108.348 E1827.48877
G0 F11250 X8.583 Y106.352
G1 F4500 X18.738 Y103.631 E1827.83844
G0 F11250 X19.908 Y101.795
G0 X24.031 Y102.213
G1 F4500 X25.134 Y101.918 E1827.87641
G0 F11250 X25.726 Y100.727
G1 F4500 X14.445 Y89.447 E1828.40701
G0 F11250 X10.958 Y99.504
G1 F4500 X28.69 Y94.753 E1829.01759
G0 F11250 X20.808 Y78.839
G1 F4500 X18.816 Y76.847 E1829.11128
G0 F11250 X18.084 Y78.96
G1 F4500 X20.813 Y78.229 E1829.20525
G0 F11250 X10.076 Y102.048
G1 F4500 X17.244 Y109.215 E1829.54239
G0 F11250 X16.946 Y110.323
G1 F4500 X10.747 Y111.984 E1829.75584
G1 F2700 E1824.75584
;MESH:NONMESH
G0 F300 X10.747 Y111.984 Z5.8
G0 F11250 X30.694 Y83.873
;TIME_ELAPSED:1857.130964
;LAYER:28
;TYPE:WALL-INNER
;MESH:Sperrklinke
G1 F2700 E1829.75584
G1 F2250 X29.787 Y84.353 E1829.78997
G1 X28.806 Y84.681 E1829.82437
G1 X27.788 Y84.844 E1829.85866
G1 X26.755 Y84.844 E1829.89302
G1 X25.738 Y84.681 E1829.92728
G1 X24.77 Y84.353 E1829.96127
G1 X23.858 Y83.879 E1829.99546
G1 X23.025 Y83.256 E1830.03006
G1 X22.307 Y82.507 E1830.06457
G1 X21.728 Y81.663 E1830.09861
G1 X21.282 Y80.729 E1830.13303
G1 X20.999 Y79.742 E1830.16718
G1 X20.872 Y78.717 E1830.20154
G1 X20.918 Y77.686 E1830.23586
G1 X21.117 Y76.687 E1830.26974
G1 X21.484 Y75.718 E1830.3042
G1 X21.996 Y74.831 E1830.33827
G1 X22.652 Y74.026 E1830.37281
G1 X23.422 Y73.342 E1830.40706
G1 X24.296 Y72.787 E1830.4415
G1 X25.25 Y72.382 E1830.47597
G1 X26.247 Y72.141 E1830.51008
G1 X27.268 Y72.054 E1830.54417
G1 X28.309 Y72.146 E1830.57892
G1 X29.302 Y72.389 E1830.61293
G1 X30.246 Y72.786 E1830.64699
G1 X31.122 Y73.342 E1830.6815
G1 X31.892 Y74.026 E1830.71575
G1 X32.545 Y74.827 E1830.75012
G1 X33.057 Y75.714 E1830.78419
G1 X33.425 Y76.682 E1830.81863
G1 X33.63 Y77.676 E1830.85239
G1 X33.672 Y78.705 E1830.88664
G1 X33.552 Y79.733 E1830.92107
G1 X33.256 Y80.743 E1830.95607
G1 X32.817 Y81.663 E1830.98998
G1 X32.235 Y82.511 E1831.02418
G1 X31.52 Y83.26 E1831.05862
G1 X30.694 Y83.873 E1831.09284
G0 F11250 X30.472 Y83.539
G1 F2250 X29.633 Y83.983 E1831.12441
G1 X28.713 Y84.291 E1831.15668
G1 X27.755 Y84.444 E1831.18894
G1 X26.788 Y84.444 E1831.22111
G1 X25.836 Y84.291 E1831.25318
G1 X24.924 Y83.984 E1831.28518
G1 X24.07 Y83.539 E1831.31721
G1 X23.295 Y82.96 E1831.34939
G1 X22.62 Y82.257 E1831.3818
G1 X22.074 Y81.462 E1831.41388
G1 X21.656 Y80.583 E1831.44625
G1 X21.393 Y79.666 E1831.47798
G1 X21.273 Y78.701 E1831.51032
G1 X21.324 Y77.692 E1831.54393
G1 X21.502 Y76.799 E1831.57421
G1 X21.849 Y75.885 E1831.60673
G1 X22.328 Y75.057 E1831.63854
G1 X22.944 Y74.3 E1831.67101
G1 X23.665 Y73.661 E1831.70305
G1 X24.477 Y73.145 E1831.73505
G1 X25.375 Y72.764 E1831.76749
G1 X26.31 Y72.537 E1831.79949
G1 X27.271 Y72.456 E1831.83157
G1 X28.241 Y72.537 E1831.86394
G1 X29.17 Y72.764 E1831.89575
G1 X30.067 Y73.145 E1831.92817
G1 X30.879 Y73.661 E1831.96017
G1 X31.603 Y74.303 E1831.99235
G1 X32.211 Y75.049 E1832.02436
G1 X32.693 Y75.883 E1832.0564
G1 X33.04 Y76.794 E1832.08882
G1 X33.231 Y77.725 E1832.12043
G1 X33.271 Y78.697 E1832.15279
G1 X33.149 Y79.687 E1832.18596
G1 X32.891 Y80.568 E1832.2165
G1 X32.468 Y81.465 E1832.24948
G1 X31.925 Y82.256 E1832.28139
G1 X31.257 Y82.957 E1832.3136
G1 X30.472 Y83.539 E1832.3461
G0 F11250 X30.221 Y83.219
G1 F2250 X29.476 Y83.612 E1832.37412
G1 X28.614 Y83.902 E1832.40437
G1 X27.723 Y84.044 E1832.43437
G1 X26.82 Y84.044 E1832.46441
G1 X25.931 Y83.901 E1832.49436
G1 X25.077 Y83.615 E1832.52431
G1 X24.282 Y83.198 E1832.55417
G1 X23.555 Y82.654 E1832.58437
G1 X22.935 Y82.008 E1832.61415
G1 X22.422 Y81.26 E1832.64432
G1 X22.033 Y80.448 E1832.67426
G1 X21.785 Y79.583 E1832.70419
G1 X21.674 Y78.683 E1832.73435
G1 X21.719 Y77.756 E1832.76522
G1 X21.901 Y76.875 E1832.79514
G1 X22.213 Y76.055 E1832.82432
G1 X22.659 Y75.284 E1832.85395
G1 X23.202 Y74.616 E1832.88258
G1 X23.903 Y73.984 E1832.91397
G1 X24.669 Y73.498 E1832.94415
G1 X25.503 Y73.143 E1832.97429
G1 X26.326 Y72.944 E1833.00246
G1 X27.271 Y72.857 E1833.03402
G1 X28.178 Y72.936 E1833.0643
G1 X29.005 Y73.135 E1833.09259
G1 X29.873 Y73.497 E1833.12387
G1 X30.638 Y73.983 E1833.15402
G1 X31.311 Y74.577 E1833.18387
G1 X31.883 Y75.279 E1833.21399
G1 X32.33 Y76.053 E1833.24372
G1 X32.654 Y76.905 E1833.27404
G1 X32.834 Y77.779 E1833.30371
G1 X32.87 Y78.684 E1833.33384
G1 X32.758 Y79.598 E1833.36447
G1 X32.514 Y80.434 E1833.39343
G1 X32.138 Y81.227 E1833.42262
G1 X31.613 Y82.002 E1833.45376
G1 X30.99 Y82.656 E1833.4838
G1 X30.221 Y83.219 E1833.5155
G1 F2700 E1828.5155
G0 F11250 X30.36 Y83.486
G0 X19.897 Y101.829
G0 X16.716 Y112.064
G1 F2700 E1833.5155
G1 F2250 X16.699 Y111.553 E1833.5325
G1 X19.165 Y102.345 E1833.84955
G1 X19.284 Y102.113 E1833.85823
G1 X19.523 Y101.817 E1833.87088
G1 X19.812 Y101.607 E1833.88276
G1 X20.113 Y101.485 E1833.89356
G1 X20.399 Y101.438 E1833.9032
G1 X20.723 Y101.451 E1833.91399
G1 X24.903 Y102.565 E1834.05787
G1 X34.959 Y82.31 E1834.81001
G1 X35.246 Y81.691 E1834.8327
G1 X35.477 Y81.039 E1834.85571
G1 X35.665 Y80.338 E1834.87985
G1 X47.88 Y26.873 E1836.70392
G1 X48.003 Y26.107 E1836.72973
G1 X48.025 Y25.371 E1836.75422
G1 X47.945 Y24.639 E1836.77871
G1 X47.775 Y23.924 E1836.80315
G1 X47.511 Y23.239 E1836.82757
G1 X47.156 Y22.59 E1836.85217
G1 X46.713 Y21.987 E1836.87706
G1 X46.212 Y21.463 E1836.90117
G1 X45.629 Y20.995 E1836.92604
G1 X45.005 Y20.62 E1836.95025
G1 X44.334 Y20.329 E1836.97458
G1 X43.607 Y20.12 E1836.99974
G1 X42.893 Y20.015 E1837.02374
G1 X42.151 Y20.002 E1837.04842
G1 X41.419 Y20.088 E1837.07294
G1 X40.697 Y20.271 E1837.09771
G1 X40.023 Y20.539 E1837.12183
G1 X39.371 Y20.904 E1837.14669
G1 X38.788 Y21.343 E1837.17096
G1 X38.259 Y21.863 E1837.19563
G1 X37.801 Y22.449 E1837.22037
G1 X37.435 Y23.074 E1837.24446
G1 X37.132 Y23.791 E1837.27035
G1 X7.684 Y108.7 E1840.25945
G1 X7.684 Y112.064 E1840.37134
G1 X16.716 Y112.064 E1840.67175
G0 F11250 X17.346 Y112.464
G1 F2250 X17.104 Y112.236 E1840.68281
G1 X17.086 Y111.657 E1840.70207
G1 X19.539 Y102.508 E1841.01712
G1 X19.706 Y102.207 E1841.02857
G1 X19.898 Y102.025 E1841.03737
G1 X20.112 Y101.907 E1841.04549
G1 X20.579 Y101.826 E1841.06126
G1 X25.116 Y103.037 E1841.21744
G1 X35.32 Y82.482 E1841.98071
G1 X35.601 Y81.864 E1842.00329
G1 X35.611 Y81.859 E1842.00366
G1 X35.86 Y81.158 E1842.0284
G1 X36.049 Y80.454 E1842.05265
G1 X48.273 Y26.949 E1843.87808
G1 X48.402 Y26.145 E1843.90517
G1 X48.426 Y25.356 E1843.93142
G1 X48.34 Y24.571 E1843.95769
G1 X48.158 Y23.806 E1843.98384
G1 X47.874 Y23.07 E1844.01008
G1 X47.494 Y22.375 E1844.03643
G1 X47.02 Y21.729 E1844.06308
G1 X46.483 Y21.167 E1844.08893
G1 X45.858 Y20.667 E1844.11555
G1 X45.189 Y20.264 E1844.14153
G1 X44.469 Y19.952 E1844.16763
G1 X43.691 Y19.728 E1844.19455
G1 X42.926 Y19.615 E1844.22027
G1 X42.131 Y19.602 E1844.24672
G1 X41.347 Y19.694 E1844.27297
G1 X40.574 Y19.89 E1844.2995
G1 X39.851 Y20.177 E1844.32537
G1 X39.152 Y20.568 E1844.35201
G1 X38.527 Y21.04 E1844.37806
G1 X37.96 Y21.596 E1844.40447
G1 X37.469 Y22.224 E1844.43098
G1 X37.076 Y22.894 E1844.45682
G1 X36.759 Y23.647 E1844.48399
G1 X7.284 Y108.633 E1847.47581
G1 X7.284 Y112.464 E1847.60323
G1 X17.346 Y112.464 E1847.9379
G0 F11250 X17.297 Y112.642
G0 X19.242 Y112.863
G1 F2250 X17.894 Y112.496 E1847.98436
G1 X17.483 Y112.108 E1848.00316
G1 X17.472 Y111.76 E1848.01474
G1 X19.904 Y102.68 E1848.32739
G1 X20.017 Y102.458 E1848.33568
G1 X20.132 Y102.349 E1848.34095
G1 X20.387 Y102.243 E1848.35013
G1 X20.567 Y102.241 E1848.35612
G1 X25.329 Y103.508 E1848.52001
G1 X35.681 Y82.654 E1849.29438
G1 X35.964 Y82.034 E1849.31704
G1 X35.976 Y82.026 E1849.31752
G1 X36.242 Y81.277 E1849.34396
G1 X36.437 Y80.551 E1849.36896
G1 X48.666 Y27.025 E1851.19512
G1 X48.801 Y26.183 E1851.22348
G1 X48.826 Y25.34 E1851.25153
G1 X48.735 Y24.503 E1851.27953
G1 X48.541 Y23.687 E1851.30743
G1 X48.238 Y22.902 E1851.33542
G1 X47.832 Y22.159 E1851.36358
G1 X47.327 Y21.471 E1851.39196
G1 X46.753 Y20.872 E1851.41956
G1 X46.087 Y20.338 E1851.44795
G1 X45.372 Y19.907 E1851.47572
G1 X44.604 Y19.574 E1851.50356
G1 X43.776 Y19.336 E1851.53221
G1 X42.958 Y19.216 E1851.55971
G1 X42.111 Y19.201 E1851.58789
G1 X41.274 Y19.3 E1851.61592
G1 X40.45 Y19.508 E1851.64419
G1 X39.679 Y19.815 E1851.67179
G1 X38.933 Y20.232 E1851.70021
G1 X38.265 Y20.736 E1851.72804
G1 X37.661 Y21.329 E1851.7562
G1 X37.138 Y21.999 E1851.78447
G1 X36.718 Y22.714 E1851.81205
G1 X36.385 Y23.504 E1851.84056
G1 X6.884 Y108.566 E1854.83506
G1 X6.884 Y112.864 E1854.97801
G1 X19.242 Y112.863 E1855.38904
G1 F2700 E1850.38904
G0 F11250 X20.655 Y113.052
G0 X20.931 Y113.263
;TYPE:WALL-OUTER
G1 F2700 E1855.38904
G1 F2250 X21.088 Y112.944 E1855.40086
G1 X17.999 Y112.11 E1855.50728
G1 X17.862 Y111.98 E1855.51356
G1 X17.858 Y111.864 E1855.51742
G1 X20.299 Y102.757 E1855.83102
G1 X20.409 Y102.65 E1855.83612
G1 X20.512 Y102.637 E1855.83957
G1 X25.541 Y103.98 E1856.0127
G1 X36.043 Y82.826 E1856.79822
G1 X36.326 Y82.203 E1856.82098
G1 X36.341 Y82.194 E1856.82156
G1 X36.624 Y81.396 E1856.84972
G1 X36.835 Y80.606 E1856.87692
G1 X49.059 Y27.101 E1858.70235
G1 X49.2 Y26.221 E1858.732
G1 X49.227 Y25.324 E1858.76184
G1 X49.13 Y24.435 E1858.79159
G1 X48.924 Y23.568 E1858.82123
G1 X48.602 Y22.733 E1858.85099
G1 X48.17 Y21.944 E1858.88091
G1 X47.634 Y21.213 E1858.91106
G1 X47.024 Y20.576 E1858.94039
G1 X46.317 Y20.009 E1858.97054
G1 X45.556 Y19.551 E1859.00008
G1 X44.74 Y19.197 E1859.02966
G1 X43.861 Y18.944 E1859.06008
G1 X42.991 Y18.816 E1859.08933
G1 X42.091 Y18.801 E1859.11927
G1 X41.201 Y18.906 E1859.14908
G1 X40.326 Y19.127 E1859.17909
G1 X39.507 Y19.453 E1859.20841
G1 X38.714 Y19.896 E1859.23862
G1 X38.003 Y20.432 E1859.26824
G1 X37.362 Y21.062 E1859.29813
G1 X36.806 Y21.773 E1859.32815
G1 X36.36 Y22.534 E1859.35749
G1 X36.011 Y23.36 E1859.38731
G1 X6.484 Y108.498 E1862.38448
G1 X6.484 Y113.264 E1862.543
G1 X20.931 Y113.263 E1863.02351
G1 F2700 E1858.02351
G0 F11250 X20.655 Y113.052
G0 X17.531 Y112.217
G0 X20.181 Y102.317
G0 X30.48 Y83.411
G0 X30.06 Y82.849
G1 F2700 E1863.02351
G1 F2250 X29.3 Y83.25 E1863.05209
G1 X28.504 Y83.514 E1863.07998
G1 X27.704 Y83.642 E1863.10693
G1 X26.84 Y83.642 E1863.13566
G1 X26.012 Y83.506 E1863.16357
G1 X25.231 Y83.245 E1863.19096
G1 X24.484 Y82.849 E1863.21908
G1 X23.811 Y82.343 E1863.24709
G1 X23.235 Y81.738 E1863.27487
G1 X22.763 Y81.047 E1863.3027
G1 X22.403 Y80.288 E1863.33064
G1 X22.177 Y79.489 E1863.35826
G1 X22.077 Y78.685 E1863.38521
G1 X22.115 Y77.812 E1863.41427
G1 X22.271 Y77.032 E1863.44073
G1 X22.582 Y76.215 E1863.4698
G1 X22.982 Y75.523 E1863.49639
G1 X23.512 Y74.869 E1863.52439
G1 X24.16 Y74.295 E1863.55318
G1 X24.869 Y73.847 E1863.58107
G1 X25.644 Y73.521 E1863.60904
G1 X26.451 Y73.328 E1863.63663
G1 X27.289 Y73.26 E1863.6646
G1 X28.113 Y73.33 E1863.6921
G1 X28.917 Y73.526 E1863.71963
G1 X29.675 Y73.847 E1863.74701
G1 X30.409 Y74.314 E1863.77594
G1 X31.032 Y74.869 E1863.80369
G1 X31.562 Y75.523 E1863.83169
G1 X31.962 Y76.215 E1863.85827
G1 X32.264 Y77.005 E1863.8864
G1 X32.436 Y77.844 E1863.91489
G1 X32.467 Y78.684 E1863.94285
G1 X32.365 Y79.52 E1863.97086
G1 X32.137 Y80.3 E1863.99789
G1 X31.78 Y81.049 E1864.02549
G1 X31.309 Y81.738 E1864.05324
G1 X30.712 Y82.365 E1864.08204
G1 X30.06 Y82.849 E1864.10905
G0 F11250 X30.48 Y83.411
G0 X31.36 Y83.478
;TYPE:FILL
G1 F4500 X27.925 Y96.298 E1864.55048
G0 F11250 X28.607 Y94.923
G1 F4500 X16.683 Y82.998 E1865.11137
G0 F11250 X15.652 Y85.97
G1 F4500 X23.655 Y83.826 E1865.38694
G0 F11250 X24.881 Y84.475
G1 F4500 X20.354 Y101.369 E1865.96866
G0 F11250 X19.078 Y102.364
G1 F4500 X12.312 Y95.598 E1866.28691
G0 F11250 X13.278 Y92.818
G1 F4500 X32.163 Y87.758 E1866.93719
G0 F11250 X31.422 Y89.252
G1 F4500 X27.094 Y84.924 E1867.14076
G0 F11250 X29.564 Y83.836
G0 X29.8 Y83.712
G0 X32.671 Y82.016
G1 F4500 X34.237 Y83.581 E1867.2144
G0 F11250 X33.08 Y81.3
G1 F4500 X35.497 Y80.653 E1867.29762
G0 F11250 X36.308 Y77.167
G1 F4500 X23.238 Y64.097 E1867.91239
G0 F11250 X22.778 Y65.426
G1 F4500 X40.046 Y60.799 E1868.50699
G0 F11250 X39.464 Y63.353
G1 F4500 X27.608 Y51.496 E1869.06468
G0 F11250 X27.528 Y51.73
G1 F4500 X43.07 Y47.565 E1869.59985
G0 F11250 X42.62 Y49.538
G1 F4500 X31.978 Y38.897 E1870.1004
G0 F11250 X32.278 Y38.034
G1 F4500 X46.094 Y34.332 E1870.57613
G0 F11250 X45.777 Y35.724
G1 F4500 X36.348 Y26.296 E1871.01962
G0 F11250 X37.028 Y24.338
G1 F4500 X46.44 Y21.816 E1871.3437
G0 F11250 X47.47 Y23.355
G1 F4500 X33.317 Y76.173 E1873.16241
G0 F11250 X32.828 Y75.157
G1 F4500 X37.023 Y74.032 E1873.30687
G0 F11250 X37.885 Y70.26
G1 F4500 X25.423 Y57.797 E1873.89307
G0 F11250 X25.152 Y58.578
G1 F4500 X41.558 Y54.182 E1874.45798
G0 F11250 X41.042 Y56.446
G1 F4500 X29.793 Y45.197 E1874.9871
G0 F11250 X29.902 Y44.882
G1 F4500 X44.582 Y40.949 E1875.49258
G0 F11250 X44.198 Y42.631
G1 F4500 X34.163 Y32.596 E1875.96459
G0 F11250 X34.652 Y31.186
G1 F4500 X47.606 Y27.715 E1876.41064
G0 F11250 X47.355 Y28.817
G1 F4500 X39.475 Y20.937 E1876.7813
G0 F11250 X42.135 Y20.084
G1 F4500 X28.208 Y72.058 E1878.57094
G0 F11250 X23.715 Y73.06
G1 F4500 X21.053 Y70.397 E1878.69618
G0 F11250 X20.402 Y72.274
G1 F4500 X38.534 Y67.416 E1879.32052
G0 F11250 X27.159 Y52.791
G1 F4500 X11.298 Y111.985 E1881.35877
G1 X11.295 Y111.985
G1 X16.904 Y110.482 E1881.55191
G0 F11250 X17.286 Y109.057
G1 F4500 X10.127 Y101.898 E1881.88865
G0 F11250 X10.902 Y99.666
G1 F4500 X28.607 Y94.922 E1882.49829
G0 F11250 X25.793 Y100.594
G1 F4500 X14.497 Y89.298 E1883.02962
G0 F11250 X18.028 Y79.122
G1 F4500 X20.807 Y78.378 E1883.12531
G0 F11250 X20.799 Y78.629
G1 F4500 X18.868 Y76.698 E1883.21614
G0 F11250 X25.051 Y102.087
G1 F4500 X24.239 Y102.304 E1883.24409
G0 F11250 X19.897 Y101.829
G0 X18.695 Y103.79
G1 F4500 X8.527 Y106.514 E1883.59421
G0 F11250 X7.942 Y108.199
G1 F4500 X11.727 Y111.984 E1883.77224
G1 F2700 E1878.77224
;MESH:NONMESH
G0 F300 X11.727 Y111.984 Z6
G0 F11250 X30.691 Y83.875
;TIME_ELAPSED:1906.669526
;LAYER:29
;TYPE:WALL-INNER
;MESH:Sperrklinke
G1 F2700 E1883.77224
G1 F2250 X29.79 Y84.352 E1883.80615
G1 X28.806 Y84.681 E1883.84066
G1 X27.788 Y84.844 E1883.87495
G1 X26.755 Y84.844 E1883.9093
G1 X25.738 Y84.681 E1883.94356
G1 X24.77 Y84.353 E1883.97756
G1 X23.858 Y83.879 E1884.01174
G1 X23.025 Y83.256 E1884.04634
G1 X22.307 Y82.507 E1884.08085
G1 X21.728 Y81.663 E1884.11489
G1 X21.282 Y80.729 E1884.14931
G1 X20.999 Y79.742 E1884.18347
G1 X20.872 Y78.717 E1884.21782
G1 X20.918 Y77.686 E1884.25214
G1 X21.117 Y76.687 E1884.28602
G1 X21.484 Y75.718 E1884.32049
G1 X21.996 Y74.831 E1884.35455
G1 X22.652 Y74.026 E1884.38909
G1 X23.422 Y73.342 E1884.42334
G1 X24.296 Y72.787 E1884.45778
G1 X25.25 Y72.382 E1884.49225
G1 X26.247 Y72.141 E1884.52637
G1 X27.268 Y72.054 E1884.56045
G1 X28.309 Y72.146 E1884.59521
G1 X29.302 Y72.389 E1884.62921
G1 X30.246 Y72.786 E1884.66327
G1 X31.122 Y73.342 E1884.69778
G1 X31.892 Y74.026 E1884.73203
G1 X32.545 Y74.827 E1884.76641
G1 X33.057 Y75.714 E1884.80047
G1 X33.425 Y76.682 E1884.83491
G1 X33.63 Y77.676 E1884.86867
G1 X33.672 Y78.705 E1884.90292
G1 X33.552 Y79.733 E1884.93735
G1 X33.256 Y80.743 E1884.97235
G1 X32.817 Y81.663 E1885.00626
G1 X32.235 Y82.51 E1885.04044
G1 X31.525 Y83.257 E1885.07472
G1 X30.691 Y83.875 E1885.10924
G0 F11250 X30.472 Y83.539
G1 F2250 X29.633 Y83.983 E1885.14081
G1 X28.713 Y84.291 E1885.17308
G1 X27.756 Y84.444 E1885.20531
G1 X26.788 Y84.444 E1885.23751
G1 X25.836 Y84.291 E1885.26958
G1 X24.924 Y83.984 E1885.30159
G1 X24.07 Y83.539 E1885.33362
G1 X23.295 Y82.96 E1885.36579
G1 X22.62 Y82.257 E1885.39821
G1 X22.074 Y81.462 E1885.43028
G1 X21.656 Y80.583 E1885.46266
G1 X21.393 Y79.666 E1885.49439
G1 X21.273 Y78.701 E1885.52673
G1 X21.324 Y77.692 E1885.56033
G1 X21.502 Y76.799 E1885.59062
G1 X21.849 Y75.885 E1885.62313
G1 X22.328 Y75.057 E1885.65495
G1 X22.944 Y74.3 E1885.68741
G1 X23.665 Y73.661 E1885.71945
G1 X24.477 Y73.145 E1885.75145
G1 X25.375 Y72.764 E1885.7839
G1 X26.31 Y72.537 E1885.8159
G1 X27.271 Y72.456 E1885.84797
G1 X28.241 Y72.537 E1885.88035
G1 X29.17 Y72.764 E1885.91216
G1 X30.067 Y73.145 E1885.94457
G1 X30.879 Y73.661 E1885.97657
G1 X31.603 Y74.303 E1886.00875
G1 X32.211 Y75.049 E1886.04076
G1 X32.693 Y75.883 E1886.0728
G1 X33.04 Y76.794 E1886.10523
G1 X33.231 Y77.725 E1886.13684
G1 X33.271 Y78.697 E1886.16919
G1 X33.149 Y79.687 E1886.20237
G1 X32.891 Y80.568 E1886.2329
G1 X32.468 Y81.465 E1886.26589
G1 X31.925 Y82.256 E1886.2978
G1 X31.257 Y82.957 E1886.33
G1 X30.472 Y83.539 E1886.36251
G0 F11250 X30.221 Y83.219
G1 F2250 X29.476 Y83.612 E1886.39052
G1 X28.614 Y83.902 E1886.42077
G1 X27.723 Y84.044 E1886.45078
G1 X26.82 Y84.044 E1886.48081
G1 X25.931 Y83.901 E1886.51076
G1 X25.077 Y83.615 E1886.54072
G1 X24.282 Y83.198 E1886.57057
G1 X23.555 Y82.654 E1886.60077
G1 X22.935 Y82.008 E1886.63056
G1 X22.422 Y81.26 E1886.66072
G1 X22.033 Y80.448 E1886.69067
G1 X21.785 Y79.583 E1886.7206
G1 X21.674 Y78.683 E1886.75076
G1 X21.719 Y77.756 E1886.78163
G1 X21.901 Y76.875 E1886.81155
G1 X22.213 Y76.055 E1886.84073
G1 X22.659 Y75.284 E1886.87035
G1 X23.202 Y74.616 E1886.89899
G1 X23.903 Y73.984 E1886.93038
G1 X24.669 Y73.498 E1886.96055
G1 X25.503 Y73.143 E1886.9907
G1 X26.326 Y72.944 E1887.01886
G1 X27.271 Y72.857 E1887.05042
G1 X28.178 Y72.936 E1887.08071
G1 X29.005 Y73.135 E1887.109
G1 X29.873 Y73.497 E1887.14028
G1 X30.638 Y73.983 E1887.17042
G1 X31.311 Y74.577 E1887.20028
G1 X31.883 Y75.279 E1887.23039
G1 X32.33 Y76.053 E1887.26012
G1 X32.654 Y76.905 E1887.29044
G1 X32.834 Y77.779 E1887.32012
G1 X32.87 Y78.684 E1887.35024
G1 X32.758 Y79.598 E1887.38087
G1 X32.514 Y80.434 E1887.40984
G1 X32.138 Y81.227 E1887.43903
G1 X31.613 Y82.002 E1887.47016
G1 X30.99 Y82.656 E1887.5002
G1 X30.221 Y83.219 E1887.5319
G1 F2700 E1882.5319
G0 F11250 X30.36 Y83.486
G0 X19.892 Y101.857
G0 X16.725 Y112.064
G1 F2700 E1887.5319
G1 F2250 X16.707 Y111.521 E1887.54997
G1 X19.149 Y102.413 E1887.8636
G1 X19.272 Y102.149 E1887.87329
G1 X19.567 Y101.783 E1887.88893
G1 X19.95 Y101.572 E1887.90347
G1 X20.247 Y101.49 E1887.91372
G1 X20.52 Y101.472 E1887.92282
G1 X20.837 Y101.52 E1887.93348
G1 X24.88 Y102.609 E1888.07275
G1 X34.959 Y82.31 E1888.82654
G1 X35.246 Y81.691 E1888.84923
G1 X35.477 Y81.039 E1888.87224
G1 X35.665 Y80.338 E1888.89638
G1 X47.88 Y26.873 E1890.72045
G1 X48.003 Y26.107 E1890.74625
G1 X48.025 Y25.371 E1890.77074
G1 X47.945 Y24.639 E1890.79523
G1 X47.775 Y23.924 E1890.81968
G1 X47.511 Y23.239 E1890.8441
G1 X47.156 Y22.59 E1890.8687
G1 X46.713 Y21.987 E1890.89359
G1 X46.212 Y21.463 E1890.9177
G1 X45.629 Y20.995 E1890.94256
G1 X45.005 Y20.62 E1890.96678
G1 X44.334 Y20.329 E1890.9911
G1 X43.607 Y20.12 E1891.01626
G1 X42.893 Y20.015 E1891.04027
G1 X42.151 Y20.002 E1891.06495
G1 X41.419 Y20.088 E1891.08946
G1 X40.697 Y20.271 E1891.11424
G1 X40.023 Y20.539 E1891.13836
G1 X39.371 Y20.904 E1891.16321
G1 X38.788 Y21.343 E1891.18749
G1 X38.259 Y21.863 E1891.21216
G1 X37.801 Y22.449 E1891.23689
G1 X37.435 Y23.074 E1891.26098
G1 X37.132 Y23.791 E1891.28687
G1 X7.684 Y108.7 E1894.27598
G1 X7.684 Y112.064 E1894.38787
G1 X16.725 Y112.064 E1894.68857
G0 F11250 X17.391 Y112.465
G1 F2250 X17.113 Y112.206 E1894.70121
G1 X17.093 Y111.625 E1894.72055
G1 X19.527 Y102.544 E1895.03324
G1 X19.597 Y102.386 E1895.03899
G1 X19.785 Y102.144 E1895.04918
G1 X19.991 Y101.994 E1895.05766
G1 X20.311 Y101.884 E1895.06891
G1 X20.733 Y101.906 E1895.08297
G1 X25.092 Y103.081 E1895.23312
G1 X35.32 Y82.482 E1895.99806
G1 X35.601 Y81.864 E1896.02064
G1 X35.611 Y81.859 E1896.02101
G1 X35.86 Y81.158 E1896.04575
G1 X36.049 Y80.454 E1896.07
G1 X48.273 Y26.949 E1897.89543
G1 X48.402 Y26.145 E1897.92252
G1 X48.426 Y25.356 E1897.94877
G1 X48.34 Y24.571 E1897.97503
G1 X48.158 Y23.806 E1898.00119
G1 X47.874 Y23.07 E1898.02743
G1 X47.494 Y22.375 E1898.05377
G1 X47.02 Y21.729 E1898.08042
G1 X46.483 Y21.167 E1898.10628
G1 X45.858 Y20.667 E1898.1329
G1 X45.189 Y20.264 E1898.15887
G1 X44.469 Y19.952 E1898.18497
G1 X43.691 Y19.728 E1898.2119
G1 X42.926 Y19.615 E1898.23762
G1 X42.131 Y19.602 E1898.26407
G1 X41.347 Y19.694 E1898.29032
G1 X40.574 Y19.89 E1898.31684
G1 X39.851 Y20.177 E1898.34272
G1 X39.152 Y20.568 E1898.36936
G1 X38.527 Y21.04 E1898.39541
G1 X37.96 Y21.596 E1898.42182
G1 X37.469 Y22.224 E1898.44833
G1 X37.076 Y22.894 E1898.47417
G1 X36.759 Y23.647 E1898.50134
G1 X7.284 Y108.633 E1901.49316
G1 X7.284 Y112.464 E1901.62058
G1 X17.391 Y112.465 E1901.95674
G0 F11250 X17.348 Y112.626
G0 X19.416 Y112.863
G1 F2250 X17.906 Y112.464 E1902.00869
G1 X17.492 Y112.078 E1902.02751
G1 X17.48 Y111.728 E1902.03916
G1 X19.919 Y102.637 E1902.35222
G1 X20.06 Y102.435 E1902.36042
G1 X20.183 Y102.345 E1902.36549
G1 X20.375 Y102.279 E1902.37224
G1 X20.629 Y102.292 E1902.3807
G1 X25.305 Y103.552 E1902.54177
G1 X35.681 Y82.654 E1903.3178
G1 X35.964 Y82.034 E1903.34047
G1 X35.976 Y82.026 E1903.34095
G1 X36.242 Y81.277 E1903.36738
G1 X36.437 Y80.551 E1903.39239
G1 X48.666 Y27.025 E1905.21854
G1 X48.801 Y26.183 E1905.2469
G1 X48.826 Y25.34 E1905.27495
G1 X48.735 Y24.503 E1905.30296
G1 X48.541 Y23.687 E1905.33085
G1 X48.238 Y22.902 E1905.35884
G1 X47.832 Y22.159 E1905.387
G1 X47.327 Y21.471 E1905.41539
G1 X46.753 Y20.872 E1905.44298
G1 X46.087 Y20.338 E1905.47137
G1 X45.372 Y19.907 E1905.49914
G1 X44.604 Y19.574 E1905.52698
G1 X43.776 Y19.336 E1905.55564
G1 X42.958 Y19.216 E1905.58313
G1 X42.111 Y19.201 E1905.61131
G1 X41.274 Y19.3 E1905.63934
G1 X40.45 Y19.508 E1905.66761
G1 X39.679 Y19.815 E1905.69521
G1 X38.933 Y20.232 E1905.72363
G1 X38.265 Y20.736 E1905.75147
G1 X37.661 Y21.329 E1905.77962
G1 X37.138 Y21.999 E1905.80789
G1 X36.718 Y22.714 E1905.83547
G1 X36.385 Y23.504 E1905.86398
G1 X6.884 Y108.566 E1908.85848
G1 X6.884 Y112.864 E1909.00143
G1 X19.416 Y112.863 E1909.41825
G1 F2700 E1904.41825
G0 F11250 X20.736 Y113.059
G0 X20.931 Y113.263
;TYPE:WALL-OUTER
G1 F2700 E1909.41825
G1 F2250 X21.111 Y112.899 E1909.43175
G1 X18.008 Y112.078 E1909.53851
G1 X17.87 Y111.949 E1909.54479
G1 X17.866 Y111.832 E1909.54869
G1 X20.287 Y102.793 E1909.85992
G1 X20.462 Y102.663 E1909.86717
G1 X25.517 Y104.024 E1910.04129
G1 X36.043 Y82.826 E1910.82847
G1 X36.326 Y82.203 E1910.85123
G1 X36.341 Y82.194 E1910.85181
G1 X36.624 Y81.396 E1910.87998
G1 X36.835 Y80.606 E1910.90717
G1 X49.059 Y27.101 E1912.73261
G1 X49.2 Y26.221 E1912.76225
G1 X49.227 Y25.324 E1912.7921
G1 X49.13 Y24.435 E1912.82184
G1 X48.924 Y23.568 E1912.85148
G1 X48.602 Y22.733 E1912.88125
G1 X48.17 Y21.944 E1912.91117
G1 X47.634 Y21.213 E1912.94132
G1 X47.024 Y20.576 E1912.97065
G1 X46.317 Y20.009 E1913.00079
G1 X45.556 Y19.551 E1913.03033
G1 X44.74 Y19.197 E1913.05992
G1 X43.861 Y18.944 E1913.09034
G1 X42.991 Y18.816 E1913.11959
G1 X42.091 Y18.801 E1913.14953
G1 X41.201 Y18.906 E1913.17933
G1 X40.326 Y19.127 E1913.20935
G1 X39.507 Y19.453 E1913.23867
G1 X38.714 Y19.896 E1913.26888
G1 X38.003 Y20.432 E1913.2985
G1 X37.362 Y21.062 E1913.32839
G1 X36.806 Y21.773 E1913.35841
G1 X36.36 Y22.534 E1913.38775
G1 X36.011 Y23.36 E1913.41757
G1 X6.484 Y108.498 E1916.41474
G1 X6.484 Y113.264 E1916.57325
G1 X20.931 Y113.263 E1917.05376
G1 F2700 E1912.05376
G0 F11250 X20.736 Y113.059
G0 X17.538 Y112.189
G0 X20.174 Y102.347
G0 X30.48 Y83.411
G0 X30.06 Y82.849
G1 F2700 E1917.05376
G1 F2250 X29.3 Y83.25 E1917.08234
G1 X28.504 Y83.514 E1917.11024
G1 X27.704 Y83.642 E1917.13718
G1 X26.84 Y83.642 E1917.16592
G1 X26.012 Y83.506 E1917.19383
G1 X25.231 Y83.245 E1917.22122
G1 X24.484 Y82.849 E1917.24934
G1 X23.811 Y82.343 E1917.27734
G1 X23.235 Y81.738 E1917.30513
G1 X22.763 Y81.047 E1917.33296
G1 X22.403 Y80.288 E1917.3609
G1 X22.177 Y79.489 E1917.38852
G1 X22.077 Y78.685 E1917.41546
G1 X22.115 Y77.812 E1917.44453
G1 X22.271 Y77.032 E1917.47098
G1 X22.582 Y76.215 E1917.50006
G1 X22.982 Y75.523 E1917.52664
G1 X23.512 Y74.869 E1917.55464
G1 X24.16 Y74.295 E1917.58343
G1 X24.869 Y73.847 E1917.61133
G1 X25.644 Y73.521 E1917.63929
G1 X26.451 Y73.328 E1917.66689
G1 X27.289 Y73.26 E1917.69485
G1 X28.113 Y73.33 E1917.72236
G1 X28.917 Y73.526 E1917.74988
G1 X29.675 Y73.847 E1917.77726
G1 X30.409 Y74.314 E1917.8062
G1 X31.032 Y74.869 E1917.83395
G1 X31.562 Y75.523 E1917.86195
G1 X31.962 Y76.215 E1917.88853
G1 X32.264 Y77.005 E1917.91666
G1 X32.436 Y77.844 E1917.94515
G1 X32.467 Y78.684 E1917.9731
G1 X32.368 Y79.509 E1918.00074
G1 X32.137 Y80.3 E1918.02815
G1 X31.78 Y81.049 E1918.05575
G1 X31.309 Y81.738 E1918.0835
G1 X30.712 Y82.365 E1918.1123
G1 X30.06 Y82.849 E1918.13931
G0 F11250 X30.48 Y83.411
G0 X31.178 Y83.613
;TYPE:FILL
G1 F4500 X27.609 Y96.933 E1918.59796
G0 F11250 X28.522 Y95.091
G1 F4500 X10.846 Y99.827 E1919.2066
G0 F11250 X10.179 Y101.751
G1 F4500 X17.327 Y108.899 E1919.54282
G0 F11250 X16.861 Y110.639
G1 F4500 X11.84 Y111.984 E1919.71571
G1 X11.927 Y111.985
G1 X7.993 Y108.05 E1919.90078
G0 F11250 X8.471 Y106.675
G1 F4500 X18.651 Y103.948 E1920.2513
G0 F11250 X19.142 Y102.229
G1 F4500 X12.364 Y95.45 E1920.57014
G0 F11250 X13.221 Y92.979
G1 F4500 X32.08 Y87.926 E1921.21952
G0 F11250 X31.488 Y89.119
G1 F4500 X27.294 Y84.924 E1921.41682
G0 F11250 X24.747 Y84.43
G1 F4500 X20.194 Y101.422 E1922.00191
G0 F11250 X24.421 Y102.402
G1 F4500 X24.965 Y102.256 E1922.02064
G0 F11250 X25.858 Y100.459
G1 F4500 X14.549 Y89.15 E1922.55258
G0 F11250 X15.597 Y86.131
G1 F4500 X23.798 Y83.933 E1922.83498
G0 F11250 X22.373 Y81.637
G0 X20.8 Y78.525
G1 F4500 X17.971 Y79.283 E1922.93239
G0 F11250 X18.919 Y76.549
G1 F4500 X20.804 Y78.435 E1923.02108
G0 F11250 X16.734 Y82.85
G1 F4500 X28.673 Y94.789 E1923.58265
G0 F11250 X34.303 Y83.448
G1 F4500 X32.752 Y81.898 E1923.65558
G0 F11250 X32.999 Y81.468
G1 F4500 X35.455 Y80.81 E1923.74015
G0 F11250 X36.345 Y77.005
G1 F4500 X23.289 Y63.949 E1924.35426
G0 F11250 X22.721 Y65.587
G1 F4500 X40.011 Y60.954 E1924.94962
G0 F11250 X39.501 Y63.191
G1 F4500 X27.659 Y51.349 E1925.50663
G0 F11250 X27.471 Y51.891
G1 F4500 X43.034 Y47.721 E1926.04252
G0 F11250 X42.658 Y49.377
G1 F4500 X32.029 Y38.748 E1926.54247
G0 F11250 X32.221 Y38.195
G1 F4500 X46.058 Y34.487 E1927.01893
G0 F11250 X45.814 Y35.563
G1 F4500 X36.4 Y26.148 E1927.46176
G0 F11250 X36.972 Y24.499
G1 F4500 X46.552 Y21.932 E1927.79163
G0 F11250 X47.376 Y23.159
G1 F4500 X33.232 Y75.948 E1929.60933
G0 F11250 X32.901 Y75.283
G1 F4500 X36.987 Y74.188 E1929.75003
G0 F11250 X37.923 Y70.098
G1 F4500 X25.474 Y57.649 E1930.33559
G0 F11250 X25.097 Y58.739
G1 F4500 X41.522 Y54.338 E1930.90116
G0 F11250 X41.079 Y56.284
G1 F4500 X29.844 Y45.048 E1931.42964
G1 X29.847 Y45.043
G1 X44.546 Y41.104 E1931.93578
G0 F11250 X44.236 Y42.47
G1 F4500 X34.215 Y32.448 E1932.40716
G0 F11250 X34.597 Y31.347
G1 F4500 X47.57 Y27.871 E1932.85387
G0 F11250 X47.392 Y28.656
G1 F4500 X39.603 Y20.866 E1933.22026
G0 F11250 X41.984 Y20.101
G1 F4500 X28.065 Y72.046 E1935.00891
G0 F11250 X23.837 Y72.982
G1 F4500 X21.104 Y70.249 E1935.13746
G0 F11250 X20.347 Y72.435
G1 F4500 X38.499 Y67.571 E1935.7625
G0 F11250 X26.517 Y54.642
G1 F4500 X11.152 Y111.985 E1937.73702
G1 F2700 E1932.73702
;MESH:NONMESH
G0 F300 X11.152 Y111.985 Z6.2
G0 F11250 X30.694 Y83.873
;TIME_ELAPSED:1955.707182
;LAYER:30
;TYPE:WALL-INNER
;MESH:Sperrklinke
G1 F2700 E1937.73702
G1 F2250 X29.787 Y84.353 E1937.77115
G1 X28.806 Y84.681 E1937.80555
G1 X27.788 Y84.844 E1937.83984
G1 X26.755 Y84.844 E1937.8742
G1 X25.738 Y84.681 E1937.90845
G1 X24.77 Y84.353 E1937.94245
G1 X23.858 Y83.879 E1937.97663
G1 X23.025 Y83.256 E1938.01123
G1 X22.307 Y82.507 E1938.04574
G1 X21.728 Y81.663 E1938.07978
G1 X21.282 Y80.729 E1938.11421
G1 X20.999 Y79.742 E1938.14836
G1 X20.872 Y78.717 E1938.18271
G1 X20.918 Y77.686 E1938.21704
G1 X21.117 Y76.687 E1938.25092
G1 X21.484 Y75.718 E1938.28538
G1 X21.996 Y74.831 E1938.31944
G1 X22.652 Y74.026 E1938.35398
G1 X23.422 Y73.342 E1938.38824
G1 X24.296 Y72.787 E1938.42267
G1 X25.25 Y72.382 E1938.45714
G1 X26.247 Y72.141 E1938.49126
G1 X27.268 Y72.054 E1938.52534
G1 X28.309 Y72.146 E1938.5601
G1 X29.302 Y72.389 E1938.5941
G1 X30.246 Y72.786 E1938.62816
G1 X31.122 Y73.342 E1938.66267
G1 X31.892 Y74.026 E1938.69693
G1 X32.545 Y74.827 E1938.7313
G1 X33.057 Y75.714 E1938.76536
G1 X33.425 Y76.682 E1938.79981
G1 X33.63 Y77.676 E1938.83356
G1 X33.672 Y78.705 E1938.86782
G1 X33.552 Y79.733 E1938.90224
G1 X33.256 Y80.743 E1938.93725
G1 X32.817 Y81.663 E1938.97115
G1 X32.235 Y82.511 E1939.00536
G1 X31.52 Y83.26 E1939.0398
G1 X30.694 Y83.873 E1939.07401
G0 F11250 X30.472 Y83.539
G1 F2250 X29.633 Y83.983 E1939.10558
G1 X28.713 Y84.291 E1939.13785
G1 X27.755 Y84.444 E1939.17012
G1 X26.788 Y84.444 E1939.20228
G1 X25.836 Y84.291 E1939.23435
G1 X24.924 Y83.984 E1939.26636
G1 X24.07 Y83.539 E1939.29839
G1 X23.295 Y82.96 E1939.33056
G1 X22.62 Y82.257 E1939.36298
G1 X22.074 Y81.462 E1939.39505
G1 X21.656 Y80.583 E1939.42743
G1 X21.393 Y79.666 E1939.45916
G1 X21.273 Y78.701 E1939.4915
G1 X21.324 Y77.692 E1939.5251
G1 X21.502 Y76.799 E1939.55539
G1 X21.849 Y75.885 E1939.5879
G1 X22.328 Y75.057 E1939.61972
G1 X22.944 Y74.3 E1939.65218
G1 X23.665 Y73.661 E1939.68422
G1 X24.477 Y73.145 E1939.71622
G1 X25.375 Y72.764 E1939.74867
G1 X26.31 Y72.537 E1939.78067
G1 X27.271 Y72.456 E1939.81275
G1 X28.241 Y72.537 E1939.84512
G1 X29.17 Y72.764 E1939.87693
G1 X30.067 Y73.145 E1939.90934
G1 X30.879 Y73.661 E1939.94134
G1 X31.603 Y74.303 E1939.97352
G1 X32.211 Y75.049 E1940.00553
G1 X32.693 Y75.883 E1940.03757
G1 X33.04 Y76.794 E1940.07
G1 X33.231 Y77.725 E1940.10161
G1 X33.271 Y78.697 E1940.13396
G1 X33.149 Y79.687 E1940.16714
G1 X32.891 Y80.568 E1940.19767
G1 X32.468 Y81.465 E1940.23066
G1 X31.925 Y82.256 E1940.26257
G1 X31.257 Y82.957 E1940.29477
G1 X30.472 Y83.539 E1940.32728
G0 F11250 X30.221 Y83.219
G1 F2250 X29.476 Y83.612 E1940.35529
G1 X28.614 Y83.902 E1940.38554
G1 X27.723 Y84.044 E1940.41555
G1 X26.82 Y84.044 E1940.44558
G1 X25.931 Y83.901 E1940.47553
G1 X25.077 Y83.615 E1940.50549
G1 X24.282 Y83.198 E1940.53534
G1 X23.555 Y82.654 E1940.56554
G1 X22.935 Y82.008 E1940.59533
G1 X22.422 Y81.26 E1940.62549
G1 X22.033 Y80.448 E1940.65544
G1 X21.785 Y79.583 E1940.68537
G1 X21.674 Y78.683 E1940.71553
G1 X21.719 Y77.756 E1940.7464
G1 X21.901 Y76.875 E1940.77632
G1 X22.213 Y76.055 E1940.8055
G1 X22.659 Y75.284 E1940.83512
G1 X23.202 Y74.616 E1940.86376
G1 X23.903 Y73.984 E1940.89515
G1 X24.669 Y73.498 E1940.92532
G1 X25.503 Y73.143 E1940.95547
G1 X26.326 Y72.944 E1940.98363
G1 X27.271 Y72.857 E1941.01519
G1 X28.178 Y72.936 E1941.04548
G1 X29.005 Y73.135 E1941.07377
G1 X29.873 Y73.497 E1941.10505
G1 X30.638 Y73.983 E1941.13519
G1 X31.311 Y74.577 E1941.16505
G1 X31.883 Y75.279 E1941.19516
G1 X32.33 Y76.053 E1941.22489
G1 X32.654 Y76.905 E1941.25521
G1 X32.834 Y77.779 E1941.28489
G1 X32.87 Y78.684 E1941.31501
G1 X32.758 Y79.598 E1941.34564
G1 X32.514 Y80.434 E1941.37461
G1 X32.138 Y81.227 E1941.4038
G1 X31.613 Y82.002 E1941.43493
G1 X30.99 Y82.656 E1941.46497
G1 X30.221 Y83.219 E1941.49667
G1 F2700 E1936.49667
G0 F11250 X30.36 Y83.486
G0 X19.877 Y101.912
G0 X16.742 Y112.064
G1 F2700 E1941.49667
G1 F2250 X16.723 Y111.47 E1941.51644
G1 X19.137 Y102.461 E1941.82665
G1 X19.305 Y102.101 E1941.83986
G1 X19.639 Y101.785 E1941.85516
G1 X19.937 Y101.62 E1941.86649
G1 X20.234 Y101.538 E1941.87673
G1 X20.506 Y101.52 E1941.8858
G1 X20.824 Y101.568 E1941.8965
G1 X24.86 Y102.654 E1942.03551
G1 X34.959 Y82.31 E1942.79094
G1 X35.246 Y81.691 E1942.81363
G1 X35.477 Y81.039 E1942.83664
G1 X35.665 Y80.338 E1942.86078
G1 X47.88 Y26.873 E1944.68485
G1 X48.003 Y26.107 E1944.71065
G1 X48.025 Y25.371 E1944.73514
G1 X47.945 Y24.639 E1944.75963
G1 X47.775 Y23.924 E1944.78408
G1 X47.511 Y23.239 E1944.8085
G1 X47.156 Y22.59 E1944.8331
G1 X46.713 Y21.987 E1944.85799
G1 X46.212 Y21.463 E1944.8821
G1 X45.629 Y20.995 E1944.90696
G1 X45.005 Y20.62 E1944.93118
G1 X44.334 Y20.329 E1944.9555
G1 X43.607 Y20.12 E1944.98066
G1 X42.893 Y20.015 E1945.00467
G1 X42.151 Y20.002 E1945.02935
G1 X41.419 Y20.088 E1945.05386
G1 X40.697 Y20.271 E1945.07864
G1 X40.023 Y20.539 E1945.10276
G1 X39.371 Y20.904 E1945.12761
G1 X38.788 Y21.343 E1945.15189
G1 X38.259 Y21.863 E1945.17656
G1 X37.801 Y22.449 E1945.20129
G1 X37.435 Y23.074 E1945.22538
G1 X37.132 Y23.791 E1945.25127
G1 X7.684 Y108.7 E1948.24038
G1 X7.684 Y112.064 E1948.35227
G1 X16.742 Y112.064 E1948.65354
G0 F11250 X17.458 Y112.463
G1 F2250 X17.128 Y112.153 E1948.6686
G1 X17.11 Y111.573 E1948.6879
G1 X19.493 Y102.661 E1948.99473
G1 X19.682 Y102.291 E1949.00855
G1 X19.873 Y102.109 E1949.01732
G1 X20.194 Y101.955 E1949.02916
G1 X20.632 Y101.93 E1949.04375
G1 X25.072 Y103.125 E1949.19668
G1 X35.32 Y82.482 E1949.96322
G1 X35.601 Y81.864 E1949.9858
G1 X35.611 Y81.859 E1949.98618
G1 X35.86 Y81.158 E1950.01092
G1 X36.049 Y80.454 E1950.03516
G1 X48.273 Y26.949 E1951.8606
G1 X48.402 Y26.145 E1951.88768
G1 X48.426 Y25.356 E1951.91394
G1 X48.34 Y24.571 E1951.9402
G1 X48.158 Y23.806 E1951.96636
G1 X47.874 Y23.07 E1951.99259
G1 X47.494 Y22.375 E1952.01894
G1 X47.02 Y21.729 E1952.04559
G1 X46.483 Y21.167 E1952.07144
G1 X45.858 Y20.667 E1952.09806
G1 X45.189 Y20.264 E1952.12404
G1 X44.469 Y19.952 E1952.15014
G1 X43.691 Y19.728 E1952.17707
G1 X42.926 Y19.615 E1952.20279
G1 X42.131 Y19.602 E1952.22923
G1 X41.347 Y19.694 E1952.25549
G1 X40.574 Y19.89 E1952.28201
G1 X39.851 Y20.177 E1952.30788
G1 X39.152 Y20.568 E1952.33452
G1 X38.527 Y21.04 E1952.36057
G1 X37.96 Y21.596 E1952.38698
G1 X37.469 Y22.224 E1952.4135
G1 X37.076 Y22.894 E1952.43933
G1 X36.759 Y23.647 E1952.46651
G1 X7.284 Y108.633 E1955.45833
G1 X7.284 Y112.464 E1955.58575
G1 X17.458 Y112.463 E1955.92414
G0 F11250 X17.424 Y112.586
G0 X19.589 Y112.863
G1 F2250 X17.918 Y112.412 E1955.9817
G1 X17.507 Y112.025 E1956.00048
G1 X17.496 Y111.676 E1956.01209
G1 X19.907 Y102.685 E1956.3217
G1 X20.048 Y102.483 E1956.32989
G1 X20.3 Y102.341 E1956.33951
G1 X20.523 Y102.315 E1956.34698
G1 X25.285 Y103.596 E1956.511
G1 X35.681 Y82.654 E1957.28863
G1 X35.964 Y82.034 E1957.3113
G1 X35.976 Y82.026 E1957.31178
G1 X36.242 Y81.277 E1957.33822
G1 X36.437 Y80.551 E1957.36322
G1 X48.666 Y27.025 E1959.18937
G1 X48.801 Y26.183 E1959.21774
G1 X48.826 Y25.34 E1959.24579
G1 X48.735 Y24.503 E1959.27379
G1 X48.541 Y23.687 E1959.30169
G1 X48.238 Y22.902 E1959.32967
G1 X47.832 Y22.159 E1959.35783
G1 X47.327 Y21.471 E1959.38622
G1 X46.753 Y20.872 E1959.41381
G1 X46.087 Y20.338 E1959.44221
G1 X45.372 Y19.907 E1959.46997
G1 X44.604 Y19.574 E1959.49781
G1 X43.776 Y19.336 E1959.52647
G1 X42.958 Y19.216 E1959.55397
G1 X42.111 Y19.201 E1959.58214
G1 X41.274 Y19.3 E1959.61018
G1 X40.45 Y19.508 E1959.63844
G1 X39.679 Y19.815 E1959.66604
G1 X38.933 Y20.232 E1959.69447
G1 X38.265 Y20.736 E1959.7223
G1 X37.661 Y21.329 E1959.75045
G1 X37.138 Y21.999 E1959.77872
G1 X36.718 Y22.714 E1959.8063
G1 X36.385 Y23.504 E1959.83482
G1 X6.884 Y108.566 E1962.82931
G1 X6.884 Y112.864 E1962.97226
G1 X19.589 Y112.863 E1963.39483
G0 F11250 X20.758 Y112.98
G0 X20.928 Y113.264
;TYPE:WALL-OUTER
G1 F2250 X21.131 Y112.856 E1963.40999
G1 X19.359 Y112.389 E1963.47094
G1 X18.023 Y112.026 E1963.51699
G1 X17.886 Y111.897 E1963.52325
G1 X17.882 Y111.78 E1963.52714
G1 X20.275 Y102.841 E1963.83492
G1 X20.45 Y102.711 E1963.84217
G1 X25.497 Y104.068 E1964.016
G1 X36.043 Y82.826 E1964.80479
G1 X36.326 Y82.203 E1964.82755
G1 X36.341 Y82.194 E1964.82813
G1 X36.624 Y81.396 E1964.85629
G1 X36.835 Y80.606 E1964.88349
G1 X49.059 Y27.101 E1966.70892
G1 X49.2 Y26.221 E1966.73857
G1 X49.227 Y25.324 E1966.76841
G1 X49.13 Y24.435 E1966.79816
G1 X48.924 Y23.568 E1966.8278
G1 X48.602 Y22.733 E1966.85756
G1 X48.17 Y21.944 E1966.88748
G1 X47.634 Y21.213 E1966.91763
G1 X47.024 Y20.576 E1966.94696
G1 X46.317 Y20.009 E1966.97711
G1 X45.556 Y19.551 E1967.00665
G1 X44.74 Y19.197 E1967.03623
G1 X43.861 Y18.944 E1967.06665
G1 X42.991 Y18.816 E1967.0959
G1 X42.091 Y18.801 E1967.12584
G1 X41.201 Y18.906 E1967.15565
G1 X40.326 Y19.127 E1967.18566
G1 X39.507 Y19.453 E1967.21498
G1 X38.714 Y19.896 E1967.24519
G1 X38.003 Y20.432 E1967.27481
G1 X37.362 Y21.062 E1967.3047
G1 X36.806 Y21.773 E1967.33472
G1 X36.36 Y22.534 E1967.36406
G1 X36.011 Y23.36 E1967.39388
G1 X6.484 Y108.498 E1970.39105
G1 X6.484 Y113.264 E1970.54957
G1 X20.928 Y113.264 E1971.02998
G1 F2700 E1966.02998
G0 F11250 X20.758 Y112.98
G0 X17.553 Y112.132
G0 X20.16 Y102.401
G0 X30.48 Y83.411
G0 X30.06 Y82.849
G1 F2700 E1971.02998
G1 F2250 X29.3 Y83.25 E1971.05856
G1 X28.504 Y83.514 E1971.08645
G1 X27.704 Y83.642 E1971.1134
G1 X26.84 Y83.642 E1971.14213
G1 X26.012 Y83.506 E1971.17004
G1 X25.231 Y83.245 E1971.19743
G1 X24.484 Y82.849 E1971.22555
G1 X23.811 Y82.343 E1971.25356
G1 X23.235 Y81.738 E1971.28134
G1 X22.763 Y81.047 E1971.30917
G1 X22.403 Y80.288 E1971.33711
G1 X22.177 Y79.489 E1971.36473
G1 X22.077 Y78.685 E1971.39168
G1 X22.115 Y77.812 E1971.42074
G1 X22.271 Y77.032 E1971.4472
G1 X22.582 Y76.215 E1971.47627
G1 X22.982 Y75.523 E1971.50286
G1 X23.512 Y74.869 E1971.53086
G1 X24.16 Y74.295 E1971.55965
G1 X24.869 Y73.847 E1971.58754
G1 X25.644 Y73.521 E1971.61551
G1 X26.451 Y73.328 E1971.6431
G1 X27.289 Y73.26 E1971.67107
G1 X28.113 Y73.33 E1971.69857
G1 X28.917 Y73.526 E1971.7261
G1 X29.675 Y73.847 E1971.75348
G1 X30.409 Y74.314 E1971.78241
G1 X31.032 Y74.869 E1971.81016
G1 X31.562 Y75.523 E1971.83816
G1 X31.962 Y76.215 E1971.86475
G1 X32.264 Y77.005 E1971.89288
G1 X32.436 Y77.844 E1971.92136
G1 X32.467 Y78.684 E1971.94932
G1 X32.368 Y79.509 E1971.97695
G1 X32.137 Y80.3 E1972.00436
G1 X31.78 Y81.049 E1972.03196
G1 X31.309 Y81.738 E1972.05972
G1 X30.712 Y82.365 E1972.08851
G1 X30.06 Y82.849 E1972.11552
G0 F11250 X30.48 Y83.411
G0 X30.994 Y83.75
;TYPE:FILL
G1 F4500 X27.288 Y97.583 E1972.59183
G0 F11250 X28.439 Y95.26
G1 F4500 X10.79 Y99.989 E1973.19955
G0 F11250 X10.23 Y101.601
G1 F4500 X17.371 Y108.742 E1973.53544
G0 F11250 X16.82 Y110.797
G1 F4500 X12.389 Y111.984 E1973.68801
G0 F11250 X12.128 Y111.985
G1 F4500 X8.045 Y107.902 E1973.88006
G0 F11250 X8.415 Y106.837
G1 F4500 X18.611 Y104.106 E1974.23114
G0 F11250 X19.233 Y102.119
G1 F4500 X12.415 Y95.301 E1974.55184
G0 F11250 X13.165 Y93.141
G1 F4500 X31.996 Y88.096 E1975.20025
G0 F11250 X31.555 Y88.984
G1 F4500 X27.494 Y84.924 E1975.39124
G0 F11250 X24.618 Y84.365
G1 F4500 X20.023 Y101.511 E1975.98164
G0 F11250 X24.6 Y102.501
G1 F4500 X24.882 Y102.425 E1975.99136
G0 F11250 X25.925 Y100.326
G1 F4500 X14.6 Y89.001 E1976.52405
G0 F11250 X15.54 Y86.293
G1 F4500 X23.98 Y84.032 E1976.81466
G0 F11250 X22.392 Y81.647
G0 X20.8 Y78.672
G1 F4500 X17.915 Y79.445 E1976.914
G0 F11250 X20.813 Y78.243
G1 F4500 X18.97 Y76.4 E1977.00069
G0 F11250 X20.29 Y72.597
G1 F4500 X38.463 Y67.728 E1977.62645
G0 F11250 X37.96 Y69.934
G1 F4500 X25.526 Y57.5 E1978.2113
G0 F11250 X25.871 Y56.506
G1 F4500 X11.005 Y111.984 E1980.12161
G0 F11250 X19.877 Y101.912
G0 X28.74 Y94.655
G1 F4500 X16.785 Y82.7 E1980.68393
G0 F11250 X23.96 Y72.904
G1 F4500 X21.156 Y70.1 E1980.81583
G0 F11250 X22.665 Y65.749
G1 F4500 X39.975 Y61.111 E1981.41187
G0 F11250 X39.539 Y63.027
G1 F4500 X27.711 Y51.199 E1981.96822
G0 F11250 X27.415 Y52.053
G1 F4500 X42.999 Y47.877 E1982.50483
G0 F11250 X42.695 Y49.213
G1 F4500 X32.081 Y38.599 E1983.00408
G0 F11250 X32.166 Y38.357
G1 F4500 X46.023 Y34.644 E1983.48123
G0 F11250 X45.852 Y35.399
G1 F4500 X36.451 Y25.999 E1983.9234
G0 F11250 X36.916 Y24.661
G1 F4500 X46.662 Y22.049 E1984.25899
G0 F11250 X47.277 Y22.979
G1 F4500 X33.143 Y75.73 E1986.07538
G0 F11250 X32.974 Y75.41
G1 F4500 X36.951 Y74.345 E1986.21232
G0 F11250 X36.382 Y76.841
G1 F4500 X23.341 Y63.8 E1986.82573
G0 F11250 X25.04 Y58.901
G1 F4500 X41.487 Y54.494 E1987.39205
G0 F11250 X41.117 Y56.12
G1 F4500 X29.896 Y44.899 E1987.91986
G0 F11250 X29.79 Y45.205
G1 F4500 X44.511 Y41.261 E1988.42675
G0 F11250 X44.273 Y42.306
G1 F4500 X34.266 Y32.299 E1988.89744
G0 F11250 X34.54 Y31.509
G1 F4500 X47.535 Y28.027 E1989.34491
G0 F11250 X47.43 Y28.492
G1 F4500 X39.732 Y20.794 E1989.707
G0 F11250 X41.832 Y20.119
G1 F4500 X27.922 Y72.033 E1991.49457
G0 F11250 X30.784 Y73.792
G0 X31.487 Y74.415
G0 X32.082 Y75.144
G0 X32.552 Y75.958
G0 X32.886 Y76.836
G0 X33.074 Y77.758
G0 X33.095 Y78.29
G0 X32.921 Y81.636
G1 F4500 X35.414 Y80.968 E1991.58041
G0 F11250 X34.37 Y83.314
G1 F4500 X32.835 Y81.779 E1991.65262
;MESH:NONMESH
G0 F300 X32.835 Y81.779 Z6.4
G0 F11250 X30.691 Y83.875
;TIME_ELAPSED:2004.022610
;LAYER:31
;TYPE:WALL-INNER
;MESH:Sperrklinke
G1 F2250 X29.79 Y84.352 E1991.68652
G1 X28.806 Y84.681 E1991.72103
G1 X27.788 Y84.844 E1991.75532
G1 X26.755 Y84.844 E1991.78968
G1 X25.738 Y84.681 E1991.82394
G1 X24.77 Y84.353 E1991.85793
G1 X23.858 Y83.879 E1991.89212
G1 X23.025 Y83.256 E1991.92671
G1 X22.307 Y82.507 E1991.96122
G1 X21.728 Y81.663 E1991.99527
G1 X21.282 Y80.729 E1992.02969
G1 X20.999 Y79.742 E1992.06384
G1 X20.872 Y78.717 E1992.09819
G1 X20.918 Y77.686 E1992.13252
G1 X21.117 Y76.687 E1992.1664
G1 X21.484 Y75.718 E1992.20086
G1 X21.996 Y74.831 E1992.23493
G1 X22.652 Y74.026 E1992.26946
G1 X23.422 Y73.342 E1992.30372
G1 X24.296 Y72.787 E1992.33816
G1 X25.25 Y72.382 E1992.37263
G1 X26.247 Y72.141 E1992.40674
G1 X27.268 Y72.054 E1992.44082
G1 X28.309 Y72.146 E1992.47558
G1 X29.302 Y72.389 E1992.50958
G1 X30.246 Y72.786 E1992.54364
G1 X31.122 Y73.342 E1992.57815
G1 X31.892 Y74.026 E1992.61241
G1 X32.545 Y74.827 E1992.64678
G1 X33.057 Y75.714 E1992.68085
G1 X33.425 Y76.682 E1992.71529
G1 X33.63 Y77.676 E1992.74905
G1 X33.672 Y78.705 E1992.7833
G1 X33.552 Y79.733 E1992.81772
G1 X33.256 Y80.743 E1992.85273
G1 X32.817 Y81.663 E1992.88663
G1 X32.235 Y82.51 E1992.92081
G1 X31.525 Y83.257 E1992.95509
G1 X30.691 Y83.875 E1992.98962
G0 F11250 X30.472 Y83.539
G1 F2250 X29.633 Y83.983 E1993.02119
G1 X28.713 Y84.291 E1993.05346
G1 X27.756 Y84.444 E1993.08569
G1 X26.788 Y84.444 E1993.11789
G1 X25.836 Y84.291 E1993.14996
G1 X24.924 Y83.984 E1993.18196
G1 X24.07 Y83.539 E1993.21399
G1 X23.295 Y82.96 E1993.24617
G1 X22.62 Y82.257 E1993.27858
G1 X22.074 Y81.462 E1993.31066
G1 X21.656 Y80.583 E1993.34303
G1 X21.393 Y79.666 E1993.37476
G1 X21.273 Y78.701 E1993.40711
G1 X21.324 Y77.692 E1993.44071
G1 X21.502 Y76.799 E1993.47099
G1 X21.849 Y75.885 E1993.50351
G1 X22.328 Y75.057 E1993.53533
G1 X22.944 Y74.3 E1993.56779
G1 X23.665 Y73.661 E1993.59983
G1 X24.477 Y73.145 E1993.63183
G1 X25.375 Y72.764 E1993.66427
G1 X26.31 Y72.537 E1993.69627
G1 X27.271 Y72.456 E1993.72835
G1 X28.241 Y72.537 E1993.76073
G1 X29.17 Y72.764 E1993.79253
G1 X30.067 Y73.145 E1993.82495
G1 X30.879 Y73.661 E1993.85695
G1 X31.603 Y74.303 E1993.88913
G1 X32.211 Y75.049 E1993.92114
G1 X32.693 Y75.883 E1993.95318
G1 X33.04 Y76.794 E1993.9856
G1 X33.231 Y77.725 E1994.01721
G1 X33.271 Y78.697 E1994.04957
G1 X33.149 Y79.687 E1994.08274
G1 X32.891 Y80.568 E1994.11328
G1 X32.468 Y81.465 E1994.14626
G1 X31.925 Y82.256 E1994.17817
G1 X31.257 Y82.957 E1994.21038
G1 X30.472 Y83.539 E1994.24288
G0 F11250 X30.221 Y83.219
G1 F2250 X29.476 Y83.612 E1994.2709
G1 X28.614 Y83.902 E1994.30115
G1 X27.723 Y84.044 E1994.33115
G1 X26.82 Y84.044 E1994.36119
G1 X25.932 Y83.901 E1994.3911
G1 X25.071 Y83.614 E1994.42129
G1 X24.282 Y83.197 E1994.45097
G1 X23.555 Y82.654 E1994.48115
G1 X22.935 Y82.008 E1994.51093
G1 X22.422 Y81.26 E1994.5411
G1 X22.033 Y80.448 E1994.57105
G1 X21.785 Y79.583 E1994.60098
G1 X21.674 Y78.683 E1994.63114
G1 X21.719 Y77.756 E1994.66201
G1 X21.901 Y76.875 E1994.69193
G1 X22.213 Y76.055 E1994.72111
G1 X22.659 Y75.284 E1994.75073
G1 X23.202 Y74.616 E1994.77936
G1 X23.903 Y73.984 E1994.81076
G1 X24.669 Y73.498 E1994.84093
G1 X25.503 Y73.143 E1994.87108
G1 X26.326 Y72.944 E1994.89924
G1 X27.271 Y72.857 E1994.9308
G1 X28.178 Y72.936 E1994.96108
G1 X29.005 Y73.135 E1994.98937
G1 X29.873 Y73.497 E1995.02065
G1 X30.638 Y73.983 E1995.0508
G1 X31.311 Y74.577 E1995.08065
G1 X31.883 Y75.279 E1995.11077
G1 X32.33 Y76.053 E1995.1405
G1 X32.654 Y76.905 E1995.17082
G1 X32.834 Y77.779 E1995.2005
G1 X32.87 Y78.684 E1995.23062
G1 X32.758 Y79.598 E1995.26125
G1 X32.514 Y80.434 E1995.29021
G1 X32.138 Y81.227 E1995.3194
G1 X31.613 Y82.002 E1995.35054
G1 X30.99 Y82.656 E1995.38058
G1 X30.221 Y83.219 E1995.41228
G1 F2700 E1990.41228
G0 F11250 X30.36 Y83.486
G0 X19.858 Y101.981
G0 X16.76 Y112.064
G1 F2700 E1995.41228
G1 F2250 X16.739 Y111.401 E1995.43434
G1 X19.125 Y102.499 E1995.74087
G1 X19.297 Y102.162 E1995.75346
G1 X19.622 Y101.854 E1995.76835
G1 X19.92 Y101.689 E1995.77968
G1 X20.215 Y101.606 E1995.78987
G1 X20.488 Y101.588 E1995.79897
G1 X20.803 Y101.634 E1995.80956
G1 X24.834 Y102.702 E1995.94826
G1 X34.959 Y82.31 E1996.7055
G1 X35.246 Y81.691 E1996.7282
G1 X35.477 Y81.039 E1996.7512
G1 X35.665 Y80.338 E1996.77534
G1 X47.88 Y26.873 E1998.59941
G1 X48.003 Y26.107 E1998.62522
G1 X48.025 Y25.371 E1998.64971
G1 X47.945 Y24.639 E1998.6742
G1 X47.775 Y23.924 E1998.69864
G1 X47.511 Y23.239 E1998.72306
G1 X47.156 Y22.59 E1998.74766
G1 X46.713 Y21.987 E1998.77255
G1 X46.212 Y21.463 E1998.79666
G1 X45.629 Y20.995 E1998.82153
G1 X45.005 Y20.62 E1998.84574
G1 X44.334 Y20.329 E1998.87007
G1 X43.607 Y20.12 E1998.89523
G1 X42.893 Y20.015 E1998.91923
G1 X42.151 Y20.002 E1998.94391
G1 X41.419 Y20.088 E1998.96843
G1 X40.697 Y20.271 E1998.9932
G1 X40.023 Y20.539 E1999.01732
G1 X39.371 Y20.904 E1999.04218
G1 X38.788 Y21.343 E1999.06645
G1 X38.259 Y21.863 E1999.09112
G1 X37.801 Y22.449 E1999.11586
G1 X37.435 Y23.074 E1999.13995
G1 X37.132 Y23.791 E1999.16584
G1 X7.684 Y108.7 E2002.15495
G1 X7.684 Y112.064 E2002.26683
G1 X16.76 Y112.064 E2002.5687
G0 F11250 X17.547 Y112.464
G1 F2250 X17.143 Y112.083 E2002.58717
G1 X17.126 Y111.505 E2002.60641
G1 X19.499 Y102.66 E2002.91099
G1 X19.665 Y102.36 E2002.9224
G1 X19.856 Y102.178 E2002.93117
G1 X20.069 Y102.06 E2002.93927
G1 X20.536 Y101.977 E2002.95505
G1 X25.047 Y103.172 E2003.11026
G1 X35.32 Y82.482 E2003.87857
G1 X35.601 Y81.864 E2003.90115
G1 X35.611 Y81.859 E2003.90152
G1 X35.86 Y81.158 E2003.92626
G1 X36.049 Y80.454 E2003.95051
G1 X48.273 Y26.949 E2005.77594
G1 X48.402 Y26.145 E2005.80303
G1 X48.426 Y25.356 E2005.82928
G1 X48.34 Y24.571 E2005.85555
G1 X48.158 Y23.806 E2005.8817
G1 X47.874 Y23.07 E2005.90794
G1 X47.494 Y22.375 E2005.93429
G1 X47.02 Y21.729 E2005.96093
G1 X46.483 Y21.167 E2005.98679
G1 X45.858 Y20.667 E2006.01341
G1 X45.189 Y20.264 E2006.03939
G1 X44.469 Y19.952 E2006.06548
G1 X43.691 Y19.728 E2006.09241
G1 X42.926 Y19.615 E2006.11813
G1 X42.131 Y19.602 E2006.14458
G1 X41.347 Y19.694 E2006.17083
G1 X40.574 Y19.89 E2006.19736
G1 X39.851 Y20.177 E2006.22323
G1 X39.152 Y20.568 E2006.24987
G1 X38.527 Y21.04 E2006.27592
G1 X37.96 Y21.596 E2006.30233
G1 X37.469 Y22.224 E2006.32884
G1 X37.076 Y22.894 E2006.35468
G1 X36.759 Y23.647 E2006.38185
G1 X7.284 Y108.633 E2009.37367
G1 X7.284 Y112.464 E2009.50109
G1 X17.547 Y112.464 E2009.84244
G0 F11250 X17.525 Y112.542
G0 X19.841 Y112.864
G1 F2250 X17.933 Y112.344 E2009.90822
G1 X17.523 Y111.956 E2009.92699
G1 X17.512 Y111.608 E2009.93857
G1 X19.891 Y102.753 E2010.24353
G1 X19.976 Y102.611 E2010.24904
G1 X20.154 Y102.462 E2010.25676
G1 X20.283 Y102.409 E2010.2614
G1 X20.526 Y102.393 E2010.2695
G1 X25.26 Y103.642 E2010.43234
G1 X35.681 Y82.654 E2011.21172
G1 X35.964 Y82.034 E2011.23438
G1 X35.976 Y82.026 E2011.23486
G1 X36.242 Y81.277 E2011.2613
G1 X36.437 Y80.551 E2011.2863
G1 X48.666 Y27.025 E2013.11246
G1 X48.801 Y26.183 E2013.14082
G1 X48.826 Y25.34 E2013.16887
G1 X48.735 Y24.503 E2013.19687
G1 X48.541 Y23.687 E2013.22477
G1 X48.238 Y22.902 E2013.25276
G1 X47.832 Y22.159 E2013.28092
G1 X47.327 Y21.471 E2013.3093
G1 X46.753 Y20.872 E2013.3369
G1 X46.087 Y20.338 E2013.36529
G1 X45.372 Y19.907 E2013.39306
G1 X44.604 Y19.574 E2013.4209
G1 X43.776 Y19.336 E2013.44955
G1 X42.958 Y19.216 E2013.47705
G1 X42.111 Y19.201 E2013.50523
G1 X41.274 Y19.3 E2013.53326
G1 X40.45 Y19.508 E2013.56152
G1 X39.679 Y19.815 E2013.58913
G1 X38.933 Y20.232 E2013.61755
G1 X38.265 Y20.736 E2013.64538
G1 X37.661 Y21.329 E2013.67354
G1 X37.138 Y21.999 E2013.70181
G1 X36.718 Y22.714 E2013.72939
G1 X36.385 Y23.504 E2013.7579
G1 X6.884 Y108.566 E2016.75239
G1 X6.884 Y112.864 E2016.89535
G1 X19.841 Y112.864 E2017.3263
G0 F11250 X20.757 Y112.979
G0 X20.931 Y113.264
;TYPE:WALL-OUTER
G1 F2250 X21.157 Y112.809 E2017.3432
G1 X18.039 Y111.958 E2017.45069
G1 X17.902 Y111.828 E2017.45698
G1 X17.898 Y111.712 E2017.46084
G1 X20.259 Y102.909 E2017.76397
G1 X20.434 Y102.779 E2017.77122
G1 X25.473 Y104.112 E2017.94459
G1 X36.043 Y82.826 E2018.73504
G1 X36.326 Y82.203 E2018.7578
G1 X36.341 Y82.194 E2018.75838
G1 X36.624 Y81.396 E2018.78655
G1 X36.835 Y80.606 E2018.81374
G1 X49.059 Y27.101 E2020.63918
G1 X49.2 Y26.221 E2020.66882
G1 X49.227 Y25.324 E2020.69867
G1 X49.13 Y24.435 E2020.72841
G1 X48.924 Y23.568 E2020.75805
G1 X48.602 Y22.733 E2020.78782
G1 X48.17 Y21.944 E2020.81774
G1 X47.634 Y21.213 E2020.84788
G1 X47.024 Y20.576 E2020.87722
G1 X46.317 Y20.009 E2020.90736
G1 X45.556 Y19.551 E2020.9369
G1 X44.74 Y19.197 E2020.96649
G1 X43.861 Y18.944 E2020.99691
G1 X42.991 Y18.816 E2021.02616
G1 X42.091 Y18.801 E2021.0561
G1 X41.201 Y18.906 E2021.0859
G1 X40.326 Y19.127 E2021.11592
G1 X39.507 Y19.453 E2021.14524
G1 X38.714 Y19.896 E2021.17545
G1 X38.003 Y20.432 E2021.20507
G1 X37.362 Y21.062 E2021.23496
G1 X36.806 Y21.773 E2021.26498
G1 X36.36 Y22.534 E2021.29432
G1 X36.011 Y23.36 E2021.32414
G1 X6.484 Y108.498 E2024.32131
G1 X6.484 Y113.264 E2024.47982
G1 X20.931 Y113.264 E2024.96033
G1 F2700 E2019.96033
G0 F11250 X20.757 Y112.979
G0 X17.571 Y112.065
G0 X20.141 Y102.469
G0 X30.48 Y83.411
G0 X30.06 Y82.849
G1 F2700 E2024.96033
G1 F2250 X29.3 Y83.25 E2024.98891
G1 X28.504 Y83.514 E2025.01681
G1 X27.704 Y83.642 E2025.04375
G1 X26.84 Y83.642 E2025.07249
G1 X26.012 Y83.506 E2025.1004
G1 X25.231 Y83.245 E2025.12779
G1 X24.484 Y82.849 E2025.15591
G1 X23.811 Y82.343 E2025.18391
G1 X23.235 Y81.738 E2025.2117
G1 X22.763 Y81.047 E2025.23953
G1 X22.403 Y80.288 E2025.26747
G1 X22.177 Y79.489 E2025.29509
G1 X22.077 Y78.685 E2025.32203
G1 X22.115 Y77.812 E2025.3511
G1 X22.271 Y77.032 E2025.37755
G1 X22.582 Y76.215 E2025.40663
G1 X22.982 Y75.523 E2025.43321
G1 X23.512 Y74.869 E2025.46121
G1 X24.16 Y74.295 E2025.49
G1 X24.869 Y73.847 E2025.5179
G1 X25.644 Y73.521 E2025.54586
G1 X26.451 Y73.328 E2025.57346
G1 X27.289 Y73.26 E2025.60142
G1 X28.113 Y73.33 E2025.62893
G1 X28.917 Y73.526 E2025.65645
G1 X29.675 Y73.847 E2025.68383
G1 X30.409 Y74.314 E2025.71277
G1 X31.032 Y74.869 E2025.74052
G1 X31.562 Y75.523 E2025.76852
G1 X31.962 Y76.215 E2025.7951
G1 X32.264 Y77.005 E2025.82323
G1 X32.436 Y77.844 E2025.85172
G1 X32.467 Y78.684 E2025.87967
G1 X32.368 Y79.509 E2025.90731
G1 X32.137 Y80.3 E2025.93472
G1 X31.78 Y81.049 E2025.96231
G1 X31.309 Y81.738 E2025.99007
G1 X30.712 Y82.365 E2026.01887
G1 X30.06 Y82.849 E2026.04588
G0 F11250 X30.48 Y83.411
G0 X30.812 Y83.885
;TYPE:FILL
G1 F4500 X26.973 Y98.213 E2026.53924
G0 F11250 X25.99 Y100.191
G1 F4500 X14.652 Y88.853 E2027.07254
G0 F11250 X15.485 Y86.454
G1 F4500 X24.165 Y84.128 E2027.37143
G0 F11250 X24.49 Y84.298
G1 F4500 X19.842 Y101.644 E2027.96871
G0 F11250 X19.334 Y102.02
G1 F4500 X12.467 Y95.153 E2028.29171
G0 F11250 X13.109 Y93.302
G1 F4500 X31.912 Y88.264 E2028.93916
G0 F11250 X31.621 Y88.852
G1 F4500 X27.692 Y84.922 E2029.12399
G0 F11250 X29.883 Y83.688
G0 X32.812 Y81.811
G1 F4500 X35.36 Y81.128 E2029.21173
G0 F11250 X34.436 Y83.181
G1 F4500 X32.909 Y81.655 E2029.28353
G0 F11250 X36.419 Y76.679
G1 F4500 X23.392 Y63.652 E2029.89628
G0 F11250 X22.609 Y65.91
G1 F4500 X39.94 Y61.266 E2030.49305
G0 F11250 X39.575 Y62.865
G1 F4500 X27.762 Y51.052 E2031.0487
G0 F11250 X27.359 Y52.214
G1 F4500 X42.964 Y48.033 E2031.58603
G0 F11250 X42.732 Y49.051
G1 F4500 X32.132 Y38.451 E2032.08462
G1 X32.109 Y38.518
G1 X45.987 Y34.8 E2032.56248
G0 F11250 X45.888 Y35.237
G1 F4500 X36.502 Y25.85 E2033.00399
G0 F11250 X36.859 Y24.822
G1 F4500 X46.751 Y22.171 E2033.34461
G0 F11250 X47.179 Y22.801
G1 F4500 X33.049 Y75.537 E2035.16049
G1 X33.047 Y75.537
G1 X36.916 Y74.5 E2035.29372
G0 F11250 X37.997 Y69.772
G1 F4500 X25.577 Y57.352 E2035.87791
G0 F11250 X25.229 Y58.357
G1 F4500 X10.859 Y111.984 E2037.72448
G0 F11250 X12.327 Y111.984
G1 F4500 X8.096 Y107.753 E2037.9235
G0 F11250 X8.359 Y106.998
G1 F4500 X18.569 Y104.263 E2038.27505
G0 F11250 X17.413 Y108.584
G1 F4500 X10.281 Y101.453 E2038.6105
G0 F11250 X10.735 Y100.15
G1 F4500 X28.355 Y95.429 E2039.21721
G0 F11250 X28.805 Y94.521
G1 F4500 X16.837 Y82.553 E2039.78015
G0 F11250 X17.859 Y79.606
G1 F4500 X20.806 Y78.817 E2039.88162
G0 F11250 X20.821 Y78.052
G1 F4500 X19.022 Y76.252 E2039.96626
G0 F11250 X20.235 Y72.758
G1 F4500 X38.428 Y67.883 E2040.59271
G0 F11250 X27.779 Y72.02
G1 F4500 X41.681 Y20.137 E2042.37922
G0 F11250 X39.86 Y20.722
G1 F4500 X47.467 Y28.33 E2042.73705
G1 X47.499 Y28.183
G1 X34.485 Y31.67 E2043.18517
G0 F11250 X34.317 Y32.151
G1 F4500 X44.31 Y42.144 E2043.65521
G0 F11250 X44.475 Y41.416
G1 F4500 X29.735 Y45.366 E2044.16276
G0 F11250 X29.947 Y44.751
G1 F4500 X41.154 Y55.958 E2044.68991
G0 F11250 X41.452 Y54.65
G1 F4500 X24.985 Y59.062 E2045.25692
G0 F11250 X21.207 Y69.952
G1 F4500 X24.081 Y72.826 E2045.3921
G1 F2700 E2040.3921
G0 F11250 X22.466 Y75.144
G0 X21.996 Y75.958
G0 X21.662 Y76.837
G0 X21.556 Y77.359
G0 X16.776 Y110.955
G1 F2700 E2045.3921
G1 F4500 X12.933 Y111.984 E2045.52442
G1 F2700 E2040.52442
;MESH:NONMESH
G0 F300 X12.933 Y111.984 Z6.6
G0 F11250 X30.694 Y83.873
;TIME_ELAPSED:2052.503058
;LAYER:32
;TYPE:WALL-INNER
;MESH:Sperrklinke
G1 F2700 E2045.52442
G1 F2250 X29.787 Y84.353 E2045.55856
G1 X28.806 Y84.681 E2045.59296
G1 X27.788 Y84.844 E2045.62725
G1 X26.755 Y84.844 E2045.66161
G1 X25.738 Y84.681 E2045.69586
G1 X24.77 Y84.353 E2045.72986
G1 X23.858 Y83.879 E2045.76404
G1 X23.025 Y83.256 E2045.79864
G1 X22.307 Y82.507 E2045.83315
G1 X21.728 Y81.663 E2045.86719
G1 X21.282 Y80.729 E2045.90162
G1 X20.999 Y79.742 E2045.93577
G1 X20.872 Y78.717 E2045.97012
G1 X20.918 Y77.686 E2046.00445
G1 X21.117 Y76.687 E2046.03832
G1 X21.484 Y75.718 E2046.07279
G1 X21.996 Y74.831 E2046.10685
G1 X22.652 Y74.026 E2046.14139
G1 X23.422 Y73.342 E2046.17565
G1 X24.296 Y72.787 E2046.21008
G1 X25.25 Y72.382 E2046.24455
G1 X26.247 Y72.141 E2046.27867
G1 X27.268 Y72.054 E2046.31275
G1 X28.309 Y72.146 E2046.34751
G1 X29.302 Y72.389 E2046.38151
G1 X30.246 Y72.786 E2046.41557
G1 X31.122 Y73.342 E2046.45008
G1 X31.892 Y74.026 E2046.48434
G1 X32.545 Y74.827 E2046.51871
G1 X33.057 Y75.714 E2046.55277
G1 X33.425 Y76.682 E2046.58722
G1 X33.63 Y77.676 E2046.62097
G1 X33.672 Y78.705 E2046.65523
G1 X33.552 Y79.733 E2046.68965
G1 X33.256 Y80.743 E2046.72465
G1 X32.817 Y81.663 E2046.75856
G1 X32.235 Y82.511 E2046.79277
G1 X31.52 Y83.26 E2046.82721
G1 X30.694 Y83.873 E2046.86142
G0 F11250 X30.472 Y83.539
G1 F2250 X29.633 Y83.983 E2046.89299
G1 X28.713 Y84.291 E2046.92526
G1 X27.755 Y84.444 E2046.95753
G1 X26.788 Y84.444 E2046.98969
G1 X25.836 Y84.291 E2047.02176
G1 X24.924 Y83.984 E2047.05377
G1 X24.07 Y83.539 E2047.08579
G1 X23.295 Y82.96 E2047.11797
G1 X22.62 Y82.257 E2047.15039
G1 X22.074 Y81.462 E2047.18246
G1 X21.656 Y80.583 E2047.21484
G1 X21.393 Y79.666 E2047.24656
G1 X21.273 Y78.701 E2047.27891
G1 X21.324 Y77.692 E2047.31251
G1 X21.502 Y76.799 E2047.3428
G1 X21.849 Y75.885 E2047.37531
G1 X22.328 Y75.057 E2047.40713
G1 X22.944 Y74.3 E2047.43959
G1 X23.665 Y73.661 E2047.47163
G1 X24.477 Y73.145 E2047.50363
G1 X25.375 Y72.764 E2047.53608
G1 X26.31 Y72.537 E2047.56808
G1 X27.271 Y72.456 E2047.60015
G1 X28.241 Y72.537 E2047.63253
G1 X29.17 Y72.764 E2047.66434
G1 X30.067 Y73.145 E2047.69675
G1 X30.879 Y73.661 E2047.72875
G1 X31.603 Y74.303 E2047.76093
G1 X32.211 Y75.049 E2047.79294
G1 X32.693 Y75.883 E2047.82498
G1 X33.04 Y76.794 E2047.8574
G1 X33.231 Y77.725 E2047.88901
G1 X33.271 Y78.697 E2047.92137
G1 X33.149 Y79.687 E2047.95455
G1 X32.891 Y80.568 E2047.98508
G1 X32.468 Y81.465 E2048.01807
G1 X31.925 Y82.256 E2048.04998
G1 X31.257 Y82.957 E2048.08218
G1 X30.472 Y83.539 E2048.11468
G0 F11250 X30.221 Y83.219
G1 F2250 X29.476 Y83.612 E2048.1427
G1 X28.614 Y83.902 E2048.17295
G1 X27.723 Y84.044 E2048.20296
G1 X26.82 Y84.044 E2048.23299
G1 X25.931 Y83.901 E2048.26294
G1 X25.077 Y83.615 E2048.29289
G1 X24.282 Y83.198 E2048.32275
G1 X23.555 Y82.654 E2048.35295
G1 X22.935 Y82.008 E2048.38273
G1 X22.422 Y81.26 E2048.4129
G1 X22.033 Y80.448 E2048.44285
G1 X21.785 Y79.583 E2048.47278
G1 X21.674 Y78.683 E2048.50294
G1 X21.719 Y77.756 E2048.53381
G1 X21.901 Y76.875 E2048.56373
G1 X22.213 Y76.055 E2048.59291
G1 X22.659 Y75.284 E2048.62253
G1 X23.202 Y74.616 E2048.65117
G1 X23.903 Y73.984 E2048.68256
G1 X24.669 Y73.498 E2048.71273
G1 X25.503 Y73.143 E2048.74288
G1 X26.326 Y72.944 E2048.77104
G1 X27.271 Y72.857 E2048.8026
G1 X28.178 Y72.936 E2048.83288
G1 X29.005 Y73.135 E2048.86118
G1 X29.873 Y73.497 E2048.89246
G1 X30.638 Y73.983 E2048.9226
G1 X31.311 Y74.577 E2048.95246
G1 X31.883 Y75.279 E2048.98257
G1 X32.33 Y76.053 E2049.0123
G1 X32.654 Y76.905 E2049.04262
G1 X32.834 Y77.779 E2049.0723
G1 X32.87 Y78.684 E2049.10242
G1 X32.758 Y79.598 E2049.13305
G1 X32.514 Y80.434 E2049.16202
G1 X32.138 Y81.227 E2049.19121
G1 X31.613 Y82.002 E2049.22234
G1 X30.99 Y82.656 E2049.25238
G1 X30.221 Y83.219 E2049.28408
G1 F2700 E2044.28408
G0 F11250 X30.36 Y83.486
G0 X19.839 Y102.047
G0 X16.804 Y112.065
G1 F2700 E2049.28408
G1 F2250 X16.718 Y111.828 E2049.29247
G1 X16.759 Y111.338 E2049.30882
G1 X19.101 Y102.597 E2049.6098
G1 X19.268 Y102.239 E2049.62294
G1 X19.662 Y101.864 E2049.64103
G1 X20.117 Y101.679 E2049.65737
G1 X20.467 Y101.656 E2049.66903
G1 X20.782 Y101.702 E2049.67962
G1 X23.428 Y102.4 E2049.77064
G1 X24.801 Y102.774 E2049.81797
G1 X34.959 Y82.31 E2050.57785
G1 X35.246 Y81.691 E2050.60054
G1 X35.477 Y81.039 E2050.62355
G1 X35.665 Y80.338 E2050.64768
G1 X47.88 Y26.873 E2052.47176
G1 X48.003 Y26.107 E2052.49756
G1 X48.025 Y25.371 E2052.52205
G1 X47.945 Y24.639 E2052.54654
G1 X47.775 Y23.924 E2052.57099
G1 X47.511 Y23.239 E2052.5954
G1 X47.156 Y22.59 E2052.62001
G1 X46.713 Y21.987 E2052.64489
G1 X46.212 Y21.463 E2052.66901
G1 X45.629 Y20.995 E2052.69387
G1 X45.005 Y20.62 E2052.71809
G1 X44.334 Y20.329 E2052.74241
G1 X43.607 Y20.12 E2052.76757
G1 X42.893 Y20.015 E2052.79157
G1 X42.151 Y20.002 E2052.81626
G1 X41.419 Y20.088 E2052.84077
G1 X40.697 Y20.271 E2052.86554
G1 X40.023 Y20.539 E2052.88967
G1 X39.371 Y20.904 E2052.91452
G1 X38.788 Y21.343 E2052.93879
G1 X38.259 Y21.863 E2052.96347
G1 X37.801 Y22.449 E2052.9882
G1 X37.435 Y23.074 E2053.01229
G1 X37.132 Y23.791 E2053.03818
G1 X7.684 Y108.7 E2056.02729
G1 X7.684 Y112.064 E2056.13918
G1 X16.804 Y112.065 E2056.44251
G0 F11250 X17.564 Y112.463
G1 F2250 X17.29 Y112.271 E2056.45364
G1 X17.116 Y111.791 E2056.47062
G1 X17.146 Y111.441 E2056.4823
G1 X19.457 Y102.797 E2056.7799
G1 X19.566 Y102.541 E2056.78916
G1 X19.736 Y102.329 E2056.79819
G1 X19.941 Y102.18 E2056.80662
G1 X20.26 Y102.069 E2056.81786
G1 X20.68 Y102.089 E2056.83184
G1 X23.323 Y102.786 E2056.92275
G1 X25.013 Y103.246 E2056.98101
G1 X35.32 Y82.482 E2057.75203
G1 X35.601 Y81.864 E2057.77461
G1 X35.611 Y81.859 E2057.77498
G1 X35.86 Y81.158 E2057.79972
G1 X36.049 Y80.454 E2057.82396
G1 X48.273 Y26.949 E2059.6494
G1 X48.402 Y26.145 E2059.67648
G1 X48.426 Y25.356 E2059.70274
G1 X48.34 Y24.571 E2059.729
G1 X48.158 Y23.806 E2059.75516
G1 X47.874 Y23.07 E2059.7814
G1 X47.494 Y22.375 E2059.80774
G1 X47.02 Y21.729 E2059.83439
G1 X46.483 Y21.167 E2059.86024
G1 X45.858 Y20.667 E2059.88687
G1 X45.189 Y20.264 E2059.91284
G1 X44.469 Y19.952 E2059.93894
G1 X43.691 Y19.728 E2059.96587
G1 X42.926 Y19.615 E2059.99159
G1 X42.131 Y19.602 E2060.01803
G1 X41.347 Y19.694 E2060.04429
G1 X40.574 Y19.89 E2060.07081
G1 X39.851 Y20.177 E2060.09669
G1 X39.152 Y20.568 E2060.12332
G1 X38.527 Y21.04 E2060.14937
G1 X37.96 Y21.596 E2060.17579
G1 X37.469 Y22.224 E2060.2023
G1 X37.076 Y22.894 E2060.22813
G1 X36.759 Y23.647 E2060.25531
G1 X7.284 Y108.633 E2063.24713
G1 X7.284 Y112.464 E2063.37455
G1 X17.564 Y112.463 E2063.71646
G0 F11250 X17.559 Y112.48
G0 X20.12 Y112.864
G1 F2250 X17.954 Y112.28 E2063.79108
G1 X17.619 Y112.043 E2063.80473
G1 X17.514 Y111.755 E2063.81492
G1 X17.532 Y111.544 E2063.82197
G1 X19.871 Y102.821 E2064.12234
G1 X19.956 Y102.679 E2064.12785
G1 X20.134 Y102.53 E2064.13557
G1 X20.263 Y102.477 E2064.14021
G1 X20.505 Y102.461 E2064.14827
G1 X23.218 Y103.172 E2064.24156
G1 X25.225 Y103.719 E2064.31074
G1 X35.681 Y82.654 E2065.09293
G1 X35.964 Y82.034 E2065.1156
G1 X35.976 Y82.026 E2065.11608
G1 X36.242 Y81.277 E2065.14251
G1 X36.437 Y80.551 E2065.16752
G1 X48.666 Y27.025 E2066.99367
G1 X48.801 Y26.183 E2067.02203
G1 X48.826 Y25.34 E2067.05009
G1 X48.735 Y24.503 E2067.07809
G1 X48.541 Y23.687 E2067.10598
G1 X48.238 Y22.902 E2067.13397
G1 X47.832 Y22.159 E2067.16213
G1 X47.327 Y21.471 E2067.19052
G1 X46.753 Y20.872 E2067.21811
G1 X46.087 Y20.338 E2067.2465
G1 X45.372 Y19.907 E2067.27427
G1 X44.604 Y19.574 E2067.30211
G1 X43.776 Y19.336 E2067.33077
G1 X42.958 Y19.216 E2067.35827
G1 X42.111 Y19.201 E2067.38644
G1 X41.274 Y19.3 E2067.41447
G1 X40.45 Y19.508 E2067.44274
G1 X39.679 Y19.815 E2067.47034
G1 X38.933 Y20.232 E2067.49877
G1 X38.265 Y20.736 E2067.5266
G1 X37.661 Y21.329 E2067.55475
G1 X37.138 Y21.999 E2067.58302
G1 X36.718 Y22.714 E2067.6106
G1 X36.385 Y23.504 E2067.63912
G1 X6.884 Y108.566 E2070.63361
G1 X6.884 Y112.864 E2070.77656
G1 X20.12 Y112.864 E2071.21679
G0 F11250 X20.931 Y113.264
;TYPE:WALL-OUTER
G1 F2250 X21.192 Y112.735 E2071.23641
G1 X18.059 Y111.894 E2071.34431
G1 X17.947 Y111.815 E2071.34886
G1 X17.905 Y111.698 E2071.353
G1 X20.239 Y102.977 E2071.65327
G1 X20.413 Y102.847 E2071.66049
G1 X23.113 Y103.558 E2071.75336
G1 X25.437 Y104.191 E2071.83347
G1 X36.043 Y82.826 E2072.62681
G1 X36.326 Y82.203 E2072.64957
G1 X36.341 Y82.194 E2072.65015
G1 X36.624 Y81.396 E2072.67831
G1 X36.835 Y80.606 E2072.70551
G1 X49.059 Y27.101 E2074.53095
G1 X49.2 Y26.221 E2074.56059
G1 X49.227 Y25.324 E2074.59044
G1 X49.13 Y24.435 E2074.62018
G1 X48.924 Y23.568 E2074.64982
G1 X48.602 Y22.733 E2074.67959
G1 X48.17 Y21.944 E2074.7095
G1 X47.634 Y21.213 E2074.73965
G1 X47.024 Y20.576 E2074.76899
G1 X46.317 Y20.009 E2074.79913
G1 X45.556 Y19.551 E2074.82867
G1 X44.74 Y19.197 E2074.85826
G1 X43.861 Y18.944 E2074.88868
G1 X42.991 Y18.816 E2074.91793
G1 X42.091 Y18.801 E2074.94786
G1 X41.201 Y18.906 E2074.97767
G1 X40.326 Y19.127 E2075.00769
G1 X39.507 Y19.453 E2075.03701
G1 X38.714 Y19.896 E2075.06722
G1 X38.003 Y20.432 E2075.09683
G1 X37.362 Y21.062 E2075.12673
G1 X36.806 Y21.773 E2075.15675
G1 X36.36 Y22.534 E2075.18608
G1 X36.011 Y23.36 E2075.21591
G1 X6.484 Y108.498 E2078.21307
G1 X6.484 Y113.264 E2078.37159
G1 X20.931 Y113.264 E2078.8521
G1 F2700 E2073.8521
G0 F11250 X20.757 Y112.979
G0 X17.589 Y111.999
G0 X20.123 Y102.535
G0 X30.48 Y83.411
G0 X30.06 Y82.849
G1 F2700 E2078.8521
G1 F2250 X29.3 Y83.25 E2078.88068
G1 X28.504 Y83.514 E2078.90857
G1 X27.704 Y83.642 E2078.93552
G1 X26.84 Y83.642 E2078.96426
G1 X26.012 Y83.506 E2078.99217
G1 X25.231 Y83.245 E2079.01955
G1 X24.484 Y82.849 E2079.04768
G1 X23.811 Y82.343 E2079.07568
G1 X23.235 Y81.738 E2079.10346
G1 X22.763 Y81.047 E2079.1313
G1 X22.403 Y80.288 E2079.15924
G1 X22.177 Y79.489 E2079.18685
G1 X22.077 Y78.685 E2079.2138
G1 X22.115 Y77.812 E2079.24286
G1 X22.271 Y77.032 E2079.26932
G1 X22.582 Y76.215 E2079.2984
G1 X22.982 Y75.523 E2079.32498
G1 X23.512 Y74.869 E2079.35298
G1 X24.16 Y74.295 E2079.38177
G1 X24.869 Y73.847 E2079.40967
G1 X25.644 Y73.521 E2079.43763
G1 X26.451 Y73.328 E2079.46523
G1 X27.289 Y73.26 E2079.49319
G1 X28.113 Y73.33 E2079.5207
G1 X28.917 Y73.526 E2079.54822
G1 X29.675 Y73.847 E2079.5756
G1 X30.409 Y74.314 E2079.60454
G1 X31.032 Y74.869 E2079.63229
G1 X31.562 Y75.523 E2079.66028
G1 X31.962 Y76.215 E2079.68687
G1 X32.264 Y77.005 E2079.715
G1 X32.436 Y77.844 E2079.74348
G1 X32.467 Y78.684 E2079.77144
G1 X32.368 Y79.509 E2079.79908
G1 X32.137 Y80.3 E2079.82649
G1 X31.78 Y81.049 E2079.85408
G1 X31.309 Y81.738 E2079.88184
G1 X30.712 Y82.365 E2079.91064
G1 X30.06 Y82.849 E2079.93765
G0 F11250 X30.48 Y83.411
G0 X30.637 Y83.993
;TYPE:FILL
G1 F4500 X26.652 Y98.867 E2080.4498
G0 F11250 X26.06 Y100.061
G1 F4500 X14.703 Y88.704 E2080.984
G0 F11250 X15.428 Y86.615
G1 F4500 X24.351 Y84.224 E2081.29125
G1 X24.361 Y84.231
G1 X19.653 Y101.803 E2081.89631
G0 F11250 X19.446 Y101.933
G1 F4500 X12.518 Y95.005 E2082.22219
G0 F11250 X13.054 Y93.463
G1 F4500 X31.829 Y88.432 E2082.86867
G0 F11250 X31.688 Y88.719
G1 F4500 X27.877 Y84.908 E2083.04793
G0 F11250 X32.69 Y81.99
G1 F4500 X35.302 Y81.29 E2083.13787
G0 F11250 X34.502 Y83.048
G1 F4500 X32.975 Y81.521 E2083.2097
G0 F11250 X33.085 Y79.233
G0 X33.111 Y75.666
G1 F4500 X36.88 Y74.656 E2083.33948
G0 F11250 X36.456 Y76.517
G1 F4500 X23.443 Y63.504 E2083.95157
G0 F11250 X22.554 Y66.071
G1 F4500 X39.904 Y61.422 E2084.54899
G0 F11250 X39.613 Y62.703
G1 F4500 X27.813 Y50.903 E2085.10403
G0 F11250 X27.304 Y52.375
G1 F4500 X42.928 Y48.188 E2085.64202
G0 F11250 X42.769 Y48.889
G1 F4500 X32.184 Y38.303 E2086.13993
G0 F11250 X32.054 Y38.679
G1 F4500 X45.952 Y34.955 E2086.61849
G1 X45.926 Y35.075
G1 X36.554 Y25.703 E2087.05932
G0 F11250 X36.804 Y24.983
G1 F4500 X46.841 Y22.293 E2087.40493
G0 F11250 X47.081 Y22.623
G1 F4500 X32.949 Y75.365 E2089.22102
G0 F11250 X30.784 Y73.792
G0 X30.558 Y73.649
G0 X27.637 Y72.008
G1 F4500 X41.53 Y20.156 E2091.00645
G0 F11250 X39.987 Y20.65
G1 F4500 X47.504 Y28.168 E2091.36005
G1 X47.464 Y28.338
G1 X34.429 Y31.831 E2091.80889
G1 X34.369 Y32.003
G1 X44.348 Y41.982 E2092.27828
G0 F11250 X44.44 Y41.572
G1 F4500 X29.679 Y45.527 E2092.78655
G0 F11250 X29.999 Y44.604
G1 F4500 X41.191 Y55.796 E2093.31298
G0 F11250 X41.416 Y54.805
G1 F4500 X24.928 Y59.223 E2093.88072
G0 F11250 X24.587 Y60.208
G1 F4500 X10.713 Y111.985 E2095.66358
G0 F11250 X12.527 Y111.985
G1 F4500 X8.148 Y107.605 E2095.86958
G0 F11250 X8.304 Y107.159
G1 F4500 X18.526 Y104.42 E2096.22156
G0 F11250 X17.456 Y108.428
G1 F4500 X10.333 Y101.305 E2096.55661
G0 F11250 X10.678 Y100.311
G1 F4500 X28.274 Y95.597 E2097.16249
G0 F11250 X28.873 Y94.39
G1 F4500 X16.889 Y82.405 E2097.7262
G0 F11250 X17.804 Y79.767
G1 F4500 X20.821 Y78.958 E2097.83009
G0 F11250 X20.83 Y77.861
G1 F4500 X19.073 Y76.104 E2097.91274
G0 F11250 X20.178 Y72.919
G1 F4500 X38.392 Y68.039 E2098.5399
G0 F11250 X38.035 Y69.61
G1 F4500 X25.628 Y57.204 E2099.12347
G0 F11250 X21.258 Y69.804
G1 F4500 X24.208 Y72.754 E2099.26223
G1 F2700 E2094.26223
G0 F11250 X22.466 Y75.144
G0 X21.996 Y75.958
G0 X21.662 Y76.837
G0 X21.556 Y77.359
G0 X16.737 Y111.111
G1 F2700 E2099.26223
G1 F4500 X13.477 Y111.985 E2099.37448
G1 F2700 E2094.37448
;MESH:NONMESH
G0 F300 X13.477 Y111.985 Z6.8
G0 F11250 X30.691 Y83.875
;TIME_ELAPSED:2100.820240
;LAYER:33
;TYPE:WALL-INNER
;MESH:Sperrklinke
G1 F2700 E2099.37448
G1 F2250 X29.79 Y84.352 E2099.40839
G1 X28.806 Y84.681 E2099.4429
G1 X27.788 Y84.844 E2099.47719
G1 X26.755 Y84.844 E2099.51155
G1 X25.738 Y84.681 E2099.54581
G1 X24.77 Y84.353 E2099.5798
G1 X23.858 Y83.879 E2099.61399
G1 X23.025 Y83.256 E2099.64858
G1 X22.307 Y82.507 E2099.68309
G1 X21.728 Y81.663 E2099.71713
G1 X21.282 Y80.729 E2099.75156
G1 X20.999 Y79.742 E2099.78571
G1 X20.872 Y78.717 E2099.82006
G1 X20.918 Y77.686 E2099.85439
G1 X21.117 Y76.687 E2099.88827
G1 X21.484 Y75.718 E2099.92273
G1 X21.996 Y74.831 E2099.95679
G1 X22.652 Y74.026 E2099.99133
G1 X23.422 Y73.342 E2100.02559
G1 X24.296 Y72.787 E2100.06002
G1 X25.25 Y72.382 E2100.09449
G1 X26.247 Y72.141 E2100.12861
G1 X27.268 Y72.054 E2100.16269
G1 X28.309 Y72.146 E2100.19745
G1 X29.302 Y72.389 E2100.23145
G1 X30.246 Y72.786 E2100.26551
G1 X31.122 Y73.342 E2100.30002
G1 X31.892 Y74.026 E2100.33428
G1 X32.545 Y74.827 E2100.36865
G1 X33.057 Y75.714 E2100.40271
G1 X33.425 Y76.682 E2100.43716
G1 X33.63 Y77.676 E2100.47091
G1 X33.672 Y78.705 E2100.50517
G1 X33.552 Y79.733 E2100.53959
G1 X33.256 Y80.743 E2100.5746
G1 X32.817 Y81.663 E2100.6085
G1 X32.235 Y82.51 E2100.64268
G1 X31.525 Y83.257 E2100.67696
G1 X30.691 Y83.875 E2100.71148
G0 F11250 X30.468 Y83.541
G1 F2250 X29.633 Y83.983 E2100.74291
G1 X28.713 Y84.291 E2100.77518
G1 X27.756 Y84.444 E2100.80741
G1 X26.788 Y84.444 E2100.83961
G1 X25.836 Y84.291 E2100.87168
G1 X24.924 Y83.984 E2100.90368
G1 X24.07 Y83.539 E2100.93571
G1 X23.295 Y82.96 E2100.96789
G1 X22.62 Y82.257 E2101.0003
G1 X22.074 Y81.462 E2101.03238
G1 X21.656 Y80.583 E2101.06475
G1 X21.393 Y79.666 E2101.09648
G1 X21.273 Y78.701 E2101.12882
G1 X21.324 Y77.692 E2101.16243
G1 X21.502 Y76.799 E2101.19271
G1 X21.849 Y75.885 E2101.22523
G1 X22.328 Y75.057 E2101.25705
G1 X22.944 Y74.3 E2101.28951
G1 X23.665 Y73.661 E2101.32155
G1 X24.477 Y73.145 E2101.35355
G1 X25.375 Y72.764 E2101.38599
G1 X26.31 Y72.537 E2101.41799
G1 X27.271 Y72.456 E2101.45007
G1 X28.241 Y72.537 E2101.48245
G1 X29.17 Y72.764 E2101.51425
G1 X30.067 Y73.145 E2101.54667
G1 X30.879 Y73.661 E2101.57867
G1 X31.603 Y74.303 E2101.61085
G1 X32.211 Y75.049 E2101.64286
G1 X32.693 Y75.883 E2101.6749
G1 X33.04 Y76.794 E2101.70732
G1 X33.231 Y77.725 E2101.73893
G1 X33.271 Y78.697 E2101.77129
G1 X33.149 Y79.687 E2101.80446
G1 X32.891 Y80.568 E2101.835
G1 X32.468 Y81.465 E2101.86798
G1 X31.925 Y82.256 E2101.89989
G1 X31.257 Y82.957 E2101.9321
G1 X30.468 Y83.541 E2101.96475
G0 F11250 X30.221 Y83.219
G1 F2250 X29.476 Y83.612 E2101.99276
G1 X28.614 Y83.902 E2102.02301
G1 X27.723 Y84.044 E2102.05302
G1 X26.82 Y84.044 E2102.08306
G1 X25.931 Y83.901 E2102.113
G1 X25.077 Y83.615 E2102.14296
G1 X24.282 Y83.198 E2102.17282
G1 X23.555 Y82.654 E2102.20302
G1 X22.935 Y82.008 E2102.2328
G1 X22.422 Y81.26 E2102.26296
G1 X22.033 Y80.448 E2102.29291
G1 X21.785 Y79.583 E2102.32284
G1 X21.674 Y78.683 E2102.353
G1 X21.719 Y77.756 E2102.38387
G1 X21.901 Y76.875 E2102.41379
G1 X22.213 Y76.055 E2102.44297
G1 X22.659 Y75.284 E2102.4726
G1 X23.202 Y74.616 E2102.50123
G1 X23.903 Y73.984 E2102.53262
G1 X24.669 Y73.498 E2102.56279
G1 X25.503 Y73.143 E2102.59294
G1 X26.326 Y72.944 E2102.6211
G1 X27.271 Y72.857 E2102.65267
G1 X28.178 Y72.936 E2102.68295
G1 X29.005 Y73.135 E2102.71124
G1 X29.873 Y73.497 E2102.74252
G1 X30.638 Y73.983 E2102.77266
G1 X31.311 Y74.577 E2102.80252
G1 X31.883 Y75.279 E2102.83264
G1 X32.33 Y76.053 E2102.86236
G1 X32.654 Y76.905 E2102.89268
G1 X32.834 Y77.779 E2102.92236
G1 X32.87 Y78.684 E2102.95249
G1 X32.758 Y79.598 E2102.98311
G1 X32.514 Y80.434 E2103.01208
G1 X32.138 Y81.227 E2103.04127
G1 X31.613 Y82.002 E2103.0724
G1 X30.99 Y82.656 E2103.10244
G1 X30.221 Y83.219 E2103.13414
G1 F2700 E2098.13414
G0 F11250 X30.36 Y83.486
G0 X19.825 Y102.109
G0 X16.845 Y112.065
G1 F2700 E2103.13414
G1 F2250 X16.733 Y111.761 E2103.14492
G1 X16.775 Y111.269 E2103.16134
G1 X19.089 Y102.636 E2103.45861
G1 X19.207 Y102.403 E2103.4673
G1 X19.444 Y102.108 E2103.47989
G1 X19.797 Y101.85 E2103.49443
G1 X20.176 Y101.743 E2103.50753
G1 X20.448 Y101.724 E2103.5166
G1 X20.773 Y101.772 E2103.52752
G1 X24.76 Y102.849 E2103.66488
G1 X34.959 Y82.31 E2104.4276
G1 X35.246 Y81.691 E2104.45029
G1 X35.477 Y81.039 E2104.4733
G1 X35.665 Y80.338 E2104.49744
G1 X47.88 Y26.873 E2106.32151
G1 X48.003 Y26.107 E2106.34732
G1 X48.025 Y25.371 E2106.37181
G1 X47.945 Y24.639 E2106.3963
G1 X47.775 Y23.924 E2106.42074
G1 X47.511 Y23.239 E2106.44516
G1 X47.156 Y22.59 E2106.46976
G1 X46.713 Y21.987 E2106.49465
G1 X46.212 Y21.463 E2106.51876
G1 X45.629 Y20.995 E2106.54363
G1 X45.005 Y20.62 E2106.56784
G1 X44.334 Y20.329 E2106.59217
G1 X43.607 Y20.12 E2106.61733
G1 X42.893 Y20.015 E2106.64133
G1 X42.151 Y20.002 E2106.66601
G1 X41.419 Y20.088 E2106.69053
G1 X40.697 Y20.271 E2106.7153
G1 X40.023 Y20.539 E2106.73942
G1 X39.371 Y20.904 E2106.76428
G1 X38.788 Y21.343 E2106.78855
G1 X38.259 Y21.863 E2106.81322
G1 X37.801 Y22.449 E2106.83796
G1 X37.435 Y23.074 E2106.86205
G1 X37.132 Y23.791 E2106.88794
G1 X7.684 Y108.7 E2109.87705
G1 X7.684 Y112.064 E2109.98893
G1 X16.845 Y112.065 E2110.29363
G0 F11250 X17.68 Y112.465
G1 F2250 X17.308 Y112.206 E2110.3087
G1 X17.132 Y111.724 E2110.32577
G1 X17.161 Y111.373 E2110.33749
G1 X19.463 Y102.796 E2110.63285
G1 X19.55 Y102.609 E2110.63971
G1 X19.719 Y102.398 E2110.6487
G1 X19.924 Y102.248 E2110.65715
G1 X20.138 Y102.16 E2110.66485
G1 X20.437 Y102.124 E2110.67487
G1 X20.669 Y102.158 E2110.68266
G1 X24.973 Y103.32 E2110.83094
G1 X35.32 Y82.482 E2111.60475
G1 X35.601 Y81.864 E2111.62733
G1 X35.611 Y81.859 E2111.62771
G1 X35.86 Y81.158 E2111.65245
G1 X36.049 Y80.454 E2111.67669
G1 X48.273 Y26.949 E2113.50213
G1 X48.402 Y26.145 E2113.52921
G1 X48.426 Y25.356 E2113.55547
G1 X48.34 Y24.571 E2113.58173
G1 X48.158 Y23.806 E2113.60789
G1 X47.874 Y23.07 E2113.63413
G1 X47.494 Y22.375 E2113.66047
G1 X47.02 Y21.729 E2113.68712
G1 X46.483 Y21.167 E2113.71297
G1 X45.858 Y20.667 E2113.7396
G1 X45.189 Y20.264 E2113.76557
G1 X44.469 Y19.952 E2113.79167
G1 X43.691 Y19.728 E2113.8186
G1 X42.926 Y19.615 E2113.84432
G1 X42.131 Y19.602 E2113.87076
G1 X41.347 Y19.694 E2113.89702
G1 X40.574 Y19.89 E2113.92354
G1 X39.851 Y20.177 E2113.94941
G1 X39.152 Y20.568 E2113.97605
G1 X38.527 Y21.04 E2114.0021
G1 X37.96 Y21.596 E2114.02852
G1 X37.469 Y22.224 E2114.05503
G1 X37.076 Y22.894 E2114.08086
G1 X36.759 Y23.647 E2114.10804
G1 X7.284 Y108.633 E2117.09986
G1 X7.284 Y112.464 E2117.22728
G1 X17.68 Y112.465 E2117.57305
G0 F11250 X20.436 Y112.863
G1 F2250 X17.974 Y112.213 E2117.65774
G1 X17.636 Y111.977 E2117.67145
G1 X17.53 Y111.688 E2117.68169
G1 X17.548 Y111.476 E2117.68877
G1 X19.855 Y102.889 E2117.9845
G1 X20.054 Y102.638 E2117.99516
G1 X20.246 Y102.546 E2118.00224
G1 X20.47 Y102.518 E2118.00975
G1 X25.185 Y103.792 E2118.17219
G1 X35.681 Y82.654 E2118.95714
G1 X35.964 Y82.034 E2118.97981
G1 X35.976 Y82.026 E2118.98029
G1 X36.242 Y81.277 E2119.00673
G1 X36.437 Y80.551 E2119.03173
G1 X48.666 Y27.025 E2120.85789
G1 X48.801 Y26.183 E2120.88625
G1 X48.826 Y25.34 E2120.9143
G1 X48.735 Y24.503 E2120.9423
G1 X48.541 Y23.687 E2120.9702
G1 X48.238 Y22.902 E2120.99819
G1 X47.832 Y22.159 E2121.02635
G1 X47.327 Y21.471 E2121.05473
G1 X46.753 Y20.872 E2121.08233
G1 X46.087 Y20.338 E2121.11072
G1 X45.372 Y19.907 E2121.13849
G1 X44.604 Y19.574 E2121.16633
G1 X43.776 Y19.336 E2121.19498
G1 X42.958 Y19.216 E2121.22248
G1 X42.111 Y19.201 E2121.25066
G1 X41.274 Y19.3 E2121.27869
G1 X40.45 Y19.508 E2121.30695
G1 X39.679 Y19.815 E2121.33456
G1 X38.933 Y20.232 E2121.36298
G1 X38.265 Y20.736 E2121.39081
G1 X37.661 Y21.329 E2121.41897
G1 X37.138 Y21.999 E2121.44724
G1 X36.718 Y22.714 E2121.47482
G1 X36.385 Y23.504 E2121.50333
G1 X6.884 Y108.566 E2124.49782
G1 X6.884 Y112.864 E2124.64078
G1 X20.436 Y112.863 E2125.09152
G0 F11250 X20.931 Y113.263
;TYPE:WALL-OUTER
G1 F2250 X21.231 Y112.659 E2125.11395
G1 X18.076 Y111.826 E2125.22248
G1 X17.964 Y111.747 E2125.22704
G1 X17.92 Y111.631 E2125.23116
G1 X20.223 Y103.045 E2125.52683
G1 X20.332 Y102.938 E2125.53191
G1 X20.436 Y102.925 E2125.5354
G1 X25.397 Y104.264 E2125.7063
G1 X36.043 Y82.826 E2126.50241
G1 X36.326 Y82.203 E2126.52517
G1 X36.341 Y82.194 E2126.52576
G1 X36.624 Y81.396 E2126.55392
G1 X36.835 Y80.606 E2126.58111
G1 X49.059 Y27.101 E2128.40655
G1 X49.2 Y26.221 E2128.43619
G1 X49.227 Y25.324 E2128.46604
G1 X49.13 Y24.435 E2128.49578
G1 X48.924 Y23.568 E2128.52542
G1 X48.602 Y22.733 E2128.55519
G1 X48.17 Y21.944 E2128.58511
G1 X47.634 Y21.213 E2128.61526
G1 X47.024 Y20.576 E2128.64459
G1 X46.317 Y20.009 E2128.67473
G1 X45.556 Y19.551 E2128.70427
G1 X44.74 Y19.197 E2128.73386
G1 X43.861 Y18.944 E2128.76428
G1 X42.991 Y18.816 E2128.79353
G1 X42.091 Y18.801 E2128.82347
G1 X41.201 Y18.906 E2128.85327
G1 X40.326 Y19.127 E2128.88329
G1 X39.507 Y19.453 E2128.91261
G1 X38.714 Y19.896 E2128.94282
G1 X38.003 Y20.432 E2128.97244
G1 X37.362 Y21.062 E2129.00233
G1 X36.806 Y21.773 E2129.03235
G1 X36.36 Y22.534 E2129.06169
G1 X36.011 Y23.36 E2129.09151
G1 X6.484 Y108.498 E2132.08868
G1 X6.484 Y113.264 E2132.24719
G1 X20.931 Y113.263 E2132.7277
G1 F2700 E2127.7277
G0 F11250 X20.757 Y112.979
G0 X17.605 Y111.937
G0 X20.107 Y102.599
G0 X30.48 Y83.411
G0 X30.06 Y82.849
G1 F2700 E2132.7277
G1 F2250 X29.33 Y83.237 E2132.7552
G1 X28.504 Y83.514 E2132.78418
G1 X27.704 Y83.642 E2132.81112
G1 X26.84 Y83.642 E2132.83986
G1 X26.012 Y83.506 E2132.86777
G1 X25.231 Y83.245 E2132.89516
G1 X24.484 Y82.849 E2132.92328
G1 X23.811 Y82.343 E2132.95128
G1 X23.235 Y81.738 E2132.97906
G1 X22.763 Y81.047 E2133.0069
G1 X22.403 Y80.288 E2133.03484
G1 X22.177 Y79.489 E2133.06246
G1 X22.077 Y78.685 E2133.0894
G1 X22.115 Y77.812 E2133.11847
G1 X22.271 Y77.032 E2133.14492
G1 X22.582 Y76.215 E2133.174
G1 X22.982 Y75.523 E2133.20058
G1 X23.512 Y74.869 E2133.22858
G1 X24.16 Y74.295 E2133.25737
G1 X24.869 Y73.847 E2133.28527
G1 X25.644 Y73.521 E2133.31323
G1 X26.451 Y73.328 E2133.34083
G1 X27.289 Y73.26 E2133.36879
G1 X28.113 Y73.33 E2133.3963
G1 X28.917 Y73.526 E2133.42382
G1 X29.675 Y73.847 E2133.4512
G1 X30.409 Y74.314 E2133.48014
G1 X31.032 Y74.869 E2133.50789
G1 X31.562 Y75.523 E2133.53589
G1 X31.962 Y76.215 E2133.56247
G1 X32.264 Y77.005 E2133.5906
G1 X32.436 Y77.844 E2133.61909
G1 X32.467 Y78.684 E2133.64704
G1 X32.368 Y79.509 E2133.67468
G1 X32.137 Y80.3 E2133.70209
G1 X31.78 Y81.049 E2133.72968
G1 X31.309 Y81.738 E2133.75744
G1 X30.712 Y82.365 E2133.78624
G1 X30.06 Y82.849 E2133.81325
G0 F11250 X30.48 Y83.411
G0 X30.466 Y84.084
;TYPE:FILL
G1 F4500 X26.336 Y99.497 E2134.34397
G0 F11250 X26.124 Y99.925
G1 F4500 X14.754 Y88.555 E2134.87878
G0 F11250 X15.372 Y86.777
G1 F4500 X24.537 Y84.322 E2135.19436
G0 F11250 X24.232 Y84.165
G1 F4500 X19.45 Y102.012 E2135.80889
G1 X19.604 Y101.89
G1 X12.57 Y94.856 E2136.13975
G0 F11250 X12.997 Y93.625
G1 F4500 X31.745 Y88.602 E2136.7853
G1 X31.753 Y88.584
G1 X28.053 Y84.883 E2136.95936
G0 F11250 X32.566 Y82.17
G1 F4500 X35.244 Y81.453 E2137.05157
G0 F11250 X34.568 Y82.913
G1 F4500 X33.039 Y81.384 E2137.12349
G0 F11250 X33.173 Y75.796
G1 F4500 X36.844 Y74.812 E2137.24989
G0 F11250 X36.494 Y76.353
G1 F4500 X23.495 Y63.355 E2137.8613
G0 F11250 X23.94 Y62.072
G1 F4500 X10.566 Y111.985 E2139.57998
G0 F11250 X12.728 Y111.985
G1 F4500 X8.2 Y107.456 E2139.79299
G1 X8.247 Y107.321
G1 X18.485 Y104.578 E2140.14551
G0 F11250 X17.497 Y108.268
G1 F4500 X10.385 Y101.156 E2140.48004
G0 F11250 X10.622 Y100.473
G1 F4500 X28.187 Y95.767 E2141.08486
G0 F11250 X28.939 Y94.255
G1 F4500 X16.94 Y82.256 E2141.64925
G0 F11250 X17.747 Y79.929
G1 F4500 X20.839 Y79.101 E2141.75572
G0 F11250 X20.841 Y77.671
G1 F4500 X19.125 Y75.955 E2141.83643
G0 F11250 X20.122 Y73.081
G1 F4500 X38.356 Y68.195 E2142.46429
G0 F11250 X38.071 Y69.446
G1 F4500 X25.68 Y57.054 E2143.04715
G0 F11250 X24.872 Y59.385
G1 F4500 X41.38 Y54.962 E2143.61558
G0 F11250 X41.228 Y55.632
G1 F4500 X30.051 Y44.454 E2144.14133
G0 F11250 X29.623 Y45.689
G1 F4500 X44.404 Y41.728 E2144.6503
G1 X44.384 Y41.818
G1 X34.421 Y31.854 E2145.11895
G1 X34.373 Y31.993
G1 X47.428 Y28.495 E2145.56848
G0 F11250 X47.541 Y28.004
G1 F4500 X40.123 Y20.585 E2145.91742
G0 F11250 X41.376 Y20.182
G1 F4500 X27.493 Y71.995 E2147.70152
G0 F11250 X24.34 Y72.685
G1 F4500 X21.31 Y69.655 E2147.84404
G0 F11250 X22.497 Y66.233
G1 F4500 X39.868 Y61.579 E2148.44218
G0 F11250 X39.65 Y62.539
G1 F4500 X27.866 Y50.755 E2148.99646
G0 F11250 X27.248 Y52.537
G1 F4500 X42.892 Y48.345 E2149.53514
G0 F11250 X42.806 Y48.725
G1 F4500 X32.236 Y38.154 E2150.03234
G0 F11250 X31.998 Y38.841
G1 F4500 X45.916 Y35.111 E2150.51159
G0 F11250 X45.963 Y34.911
G1 F4500 X36.606 Y25.553 E2150.95174
G0 F11250 X36.748 Y25.145
G1 F4500 X46.931 Y22.416 E2151.30238
G1 X46.973 Y22.476
G1 X32.848 Y75.191 E2153.11754
G1 F2700 E2148.11754
G0 F11250 X33.111 Y78.697
G0 X32.998 Y79.631
G0 X32.736 Y80.534
G0 X32.333 Y81.382
G0 X19.825 Y102.109
G0 X16.697 Y111.269
G1 F2700 E2153.11754
G1 F4500 X14.024 Y111.985 E2153.20958
G1 F2700 E2148.20958
;MESH:NONMESH
G0 F300 X14.024 Y111.985 Z7
G0 F11250 X17.313 Y106.386
G0 X30.694 Y83.873
;TIME_ELAPSED:2148.784107
;LAYER:34
;TYPE:WALL-INNER
;MESH:Sperrklinke
G1 F2700 E2153.20958
G1 F2250 X29.787 Y84.353 E2153.24371
G1 X28.806 Y84.681 E2153.27811
G1 X27.788 Y84.844 E2153.3124
G1 X26.755 Y84.844 E2153.34676
G1 X25.738 Y84.681 E2153.38102
G1 X24.77 Y84.353 E2153.41501
G1 X23.858 Y83.879 E2153.4492
G1 X23.025 Y83.256 E2153.48379
G1 X22.307 Y82.507 E2153.5183
G1 X21.728 Y81.663 E2153.55235
G1 X21.282 Y80.729 E2153.58677
G1 X20.999 Y79.742 E2153.62092
G1 X20.872 Y78.717 E2153.65527
G1 X20.918 Y77.686 E2153.6896
G1 X21.117 Y76.687 E2153.72348
G1 X21.484 Y75.718 E2153.75794
G1 X21.996 Y74.831 E2153.79201
G1 X22.652 Y74.026 E2153.82654
G1 X23.422 Y73.342 E2153.8608
G1 X24.296 Y72.787 E2153.89523
G1 X25.25 Y72.382 E2153.92971
G1 X26.247 Y72.141 E2153.96382
G1 X27.268 Y72.054 E2153.9979
G1 X28.309 Y72.146 E2154.03266
G1 X29.302 Y72.389 E2154.06666
G1 X30.246 Y72.786 E2154.10072
G1 X31.122 Y73.342 E2154.13523
G1 X31.892 Y74.026 E2154.16949
G1 X32.545 Y74.827 E2154.20386
G1 X33.057 Y75.714 E2154.23793
G1 X33.425 Y76.682 E2154.27237
G1 X33.63 Y77.676 E2154.30613
G1 X33.672 Y78.705 E2154.34038
G1 X33.552 Y79.733 E2154.3748
G1 X33.256 Y80.743 E2154.40981
G1 X32.817 Y81.663 E2154.44371
G1 X32.235 Y82.511 E2154.47792
G1 X31.52 Y83.26 E2154.51236
G1 X30.694 Y83.873 E2154.54657
G0 F11250 X30.472 Y83.539
G1 F2250 X29.633 Y83.983 E2154.57815
G1 X28.713 Y84.291 E2154.61041
G1 X27.756 Y84.444 E2154.64265
G1 X26.788 Y84.444 E2154.67484
G1 X25.836 Y84.291 E2154.70691
G1 X24.924 Y83.984 E2154.73892
G1 X24.07 Y83.539 E2154.77095
G1 X23.295 Y82.96 E2154.80312
G1 X22.62 Y82.257 E2154.83554
G1 X22.074 Y81.462 E2154.86762
G1 X21.656 Y80.583 E2154.89999
G1 X21.393 Y79.666 E2154.93172
G1 X21.273 Y78.701 E2154.96406
G1 X21.324 Y77.692 E2154.99766
G1 X21.502 Y76.799 E2155.02795
G1 X21.849 Y75.885 E2155.06047
G1 X22.328 Y75.057 E2155.09228
G1 X22.944 Y74.3 E2155.12474
G1 X23.665 Y73.661 E2155.15679
G1 X24.477 Y73.145 E2155.18879
G1 X25.375 Y72.764 E2155.22123
G1 X26.31 Y72.537 E2155.25323
G1 X27.272 Y72.456 E2155.28534
G1 X28.243 Y72.538 E2155.31775
G1 X29.173 Y72.768 E2155.34962
G1 X30.065 Y73.144 E2155.38181
G1 X30.879 Y73.661 E2155.41388
G1 X31.603 Y74.303 E2155.44607
G1 X32.211 Y75.049 E2155.47808
G1 X32.693 Y75.883 E2155.51012
G1 X33.04 Y76.794 E2155.54254
G1 X33.231 Y77.725 E2155.57415
G1 X33.271 Y78.697 E2155.60651
G1 X33.149 Y79.687 E2155.63968
G1 X32.891 Y80.568 E2155.67022
G1 X32.468 Y81.465 E2155.7032
G1 X31.925 Y82.256 E2155.73511
G1 X31.257 Y82.957 E2155.76732
G1 X30.472 Y83.539 E2155.79982
G0 F11250 X30.221 Y83.219
G1 F2250 X29.476 Y83.612 E2155.82784
G1 X28.614 Y83.902 E2155.85808
G1 X27.723 Y84.044 E2155.88809
G1 X26.82 Y84.044 E2155.91813
G1 X25.931 Y83.901 E2155.94808
G1 X25.077 Y83.615 E2155.97803
G1 X24.282 Y83.198 E2156.00789
G1 X23.555 Y82.654 E2156.03809
G1 X22.935 Y82.008 E2156.06787
G1 X22.422 Y81.26 E2156.09804
G1 X22.033 Y80.448 E2156.12798
G1 X21.785 Y79.583 E2156.15791
G1 X21.674 Y78.683 E2156.18807
G1 X21.719 Y77.756 E2156.21894
G1 X21.901 Y76.875 E2156.24886
G1 X22.213 Y76.055 E2156.27804
G1 X22.659 Y75.284 E2156.30767
G1 X23.202 Y74.616 E2156.3363
G1 X23.903 Y73.984 E2156.36769
G1 X24.669 Y73.498 E2156.39787
G1 X25.503 Y73.143 E2156.42801
G1 X26.326 Y72.944 E2156.45617
G1 X27.271 Y72.857 E2156.48774
G1 X28.178 Y72.936 E2156.51802
G1 X29.045 Y73.147 E2156.5477
G1 X29.875 Y73.497 E2156.57766
G1 X30.639 Y73.983 E2156.60777
G1 X31.311 Y74.578 E2156.63763
G1 X31.883 Y75.279 E2156.66772
G1 X32.33 Y76.053 E2156.69745
G1 X32.654 Y76.905 E2156.72776
G1 X32.834 Y77.779 E2156.75744
G1 X32.87 Y78.684 E2156.78757
G1 X32.758 Y79.598 E2156.8182
G1 X32.514 Y80.434 E2156.84716
G1 X32.138 Y81.227 E2156.87635
G1 X31.613 Y82.002 E2156.90749
G1 X30.99 Y82.656 E2156.93753
G1 X30.221 Y83.219 E2156.96923
G1 F2700 E2151.96923
G0 F11250 X30.36 Y83.486
G0 X19.797 Y102.21
G0 X16.908 Y112.064
G1 F2700 E2156.96923
G1 F2250 X16.761 Y111.659 E2156.98356
G1 X16.803 Y111.17 E2156.99988
G1 X19.057 Y102.761 E2157.28944
G1 X19.179 Y102.5 E2157.29902
G1 X19.47 Y102.136 E2157.31452
G1 X19.851 Y101.923 E2157.32904
G1 X20.146 Y101.839 E2157.33924
G1 X20.418 Y101.82 E2157.34831
G1 X20.741 Y101.867 E2157.35917
G1 X24.722 Y102.928 E2157.4962
G1 X34.959 Y82.31 E2158.26183
G1 X35.246 Y81.691 E2158.28452
G1 X35.477 Y81.039 E2158.30753
G1 X35.665 Y80.338 E2158.33167
G1 X47.88 Y26.873 E2160.15574
G1 X48.003 Y26.107 E2160.18154
G1 X48.025 Y25.371 E2160.20603
G1 X47.945 Y24.639 E2160.23053
G1 X47.775 Y23.924 E2160.25497
G1 X47.511 Y23.239 E2160.27939
G1 X47.156 Y22.59 E2160.30399
G1 X46.713 Y21.987 E2160.32888
G1 X46.212 Y21.463 E2160.35299
G1 X45.629 Y20.995 E2160.37785
G1 X45.005 Y20.62 E2160.40207
G1 X44.334 Y20.329 E2160.42639
G1 X43.607 Y20.12 E2160.45155
G1 X42.893 Y20.015 E2160.47556
G1 X42.151 Y20.002 E2160.50024
G1 X41.419 Y20.088 E2160.52475
G1 X40.697 Y20.271 E2160.54953
G1 X40.023 Y20.539 E2160.57365
G1 X39.371 Y20.904 E2160.5985
G1 X38.788 Y21.343 E2160.62278
G1 X38.259 Y21.863 E2160.64745
G1 X37.801 Y22.449 E2160.67219
G1 X37.435 Y23.074 E2160.69628
G1 X37.132 Y23.791 E2160.72216
G1 X7.684 Y108.7 E2163.71127
G1 X7.684 Y112.064 E2163.82316
G1 X16.908 Y112.064 E2164.12995
G0 F11250 X17.848 Y112.464
G1 F2250 X17.333 Y112.102 E2164.15089
G1 X17.159 Y111.623 E2164.16784
G1 X17.189 Y111.273 E2164.17952
G1 X19.413 Y102.961 E2164.46571
G1 X19.505 Y102.734 E2164.47385
G1 X19.69 Y102.495 E2164.4839
G1 X19.895 Y102.345 E2164.49235
G1 X20.109 Y102.257 E2164.50005
G1 X20.553 Y102.23 E2164.51484
G1 X24.935 Y103.399 E2164.66569
G1 X35.32 Y82.482 E2165.44242
G1 X35.601 Y81.864 E2165.465
G1 X35.611 Y81.859 E2165.46537
G1 X35.86 Y81.158 E2165.49011
G1 X36.049 Y80.454 E2165.51435
G1 X48.273 Y26.949 E2167.33979
G1 X48.402 Y26.145 E2167.36687
G1 X48.426 Y25.356 E2167.39313
G1 X48.34 Y24.571 E2167.41939
G1 X48.158 Y23.806 E2167.44555
G1 X47.874 Y23.07 E2167.47179
G1 X47.494 Y22.375 E2167.49813
G1 X47.02 Y21.729 E2167.52478
G1 X46.483 Y21.167 E2167.55063
G1 X45.858 Y20.667 E2167.57726
G1 X45.189 Y20.264 E2167.60323
G1 X44.469 Y19.952 E2167.62933
G1 X43.691 Y19.728 E2167.65626
G1 X42.926 Y19.615 E2167.68198
G1 X42.131 Y19.602 E2167.70842
G1 X41.347 Y19.694 E2167.73468
G1 X40.574 Y19.89 E2167.7612
G1 X39.851 Y20.177 E2167.78708
G1 X39.152 Y20.568 E2167.81371
G1 X38.527 Y21.04 E2167.83976
G1 X37.96 Y21.596 E2167.86618
G1 X37.469 Y22.224 E2167.89269
G1 X37.076 Y22.894 E2167.91852
G1 X36.759 Y23.647 E2167.9457
G1 X7.284 Y108.633 E2170.93752
G1 X7.284 Y112.464 E2171.06494
G1 X17.848 Y112.464 E2171.4163
G0 F11250 X20.31 Y112.804
G1 F1844.3 X19.154 Y112.458 E2171.46526
G1 F2097.9 X17.998 Y112.111 E2171.50832
G1 F2250 X17.662 Y111.874 E2171.52199
G1 X17.558 Y111.587 E2171.53215
G1 X17.576 Y111.376 E2171.53919
G1 X19.827 Y102.985 E2171.82814
G1 X19.966 Y102.785 E2171.83624
G1 X20.279 Y102.628 E2171.84789
G1 X20.535 Y102.64 E2171.85641
G1 X25.148 Y103.87 E2172.0152
G1 X35.681 Y82.654 E2172.80303
G1 X35.964 Y82.034 E2172.8257
G1 X35.976 Y82.026 E2172.82618
G1 X36.242 Y81.277 E2172.85261
G1 X36.437 Y80.551 E2172.87762
G1 X48.666 Y27.025 E2174.70377
G1 X48.801 Y26.183 E2174.73213
G1 X48.826 Y25.34 E2174.76018
G1 X48.735 Y24.503 E2174.78819
G1 X48.541 Y23.687 E2174.81608
G1 X48.238 Y22.902 E2174.84407
G1 X47.832 Y22.159 E2174.87223
G1 X47.327 Y21.471 E2174.90062
G1 X46.753 Y20.872 E2174.92821
G1 X46.087 Y20.338 E2174.9566
G1 X45.372 Y19.907 E2174.98437
G1 X44.604 Y19.574 E2175.01221
G1 X43.776 Y19.336 E2175.04087
G1 X42.958 Y19.216 E2175.06836
G1 X42.111 Y19.201 E2175.09654
G1 X41.274 Y19.3 E2175.12457
G1 X40.45 Y19.508 E2175.15284
G1 X39.679 Y19.815 E2175.18044
G1 X38.933 Y20.232 E2175.20887
G1 X38.265 Y20.736 E2175.2367
G1 X37.661 Y21.329 E2175.26485
G1 X37.138 Y21.999 E2175.29312
G1 X36.718 Y22.714 E2175.3207
G1 X36.385 Y23.504 E2175.34921
G1 X6.884 Y108.566 E2178.34371
G1 X6.884 Y112.864 E2178.48666
G1 X17.897 Y112.864 E2178.85295
G1 F2097.9 X19.103 Y112.834 E2178.89599
G1 F1844.3 X20.31 Y112.804 E2178.94498
G0 F11250 X20.931 Y113.264
;TYPE:WALL-OUTER
G1 F2250 X21.268 Y112.583 E2178.97025
G1 X18.103 Y111.725 E2179.07932
G1 X17.991 Y111.646 E2179.08388
G1 X17.948 Y111.531 E2179.08796
G1 X20.195 Y103.141 E2179.37685
G1 X20.262 Y103.058 E2179.3804
G1 X20.407 Y103.021 E2179.38537
G1 X25.361 Y104.34 E2179.55588
G1 X36.043 Y82.826 E2180.35479
G1 X36.326 Y82.203 E2180.37755
G1 X36.341 Y82.194 E2180.37813
G1 X36.624 Y81.396 E2180.40629
G1 X36.835 Y80.606 E2180.43349
G1 X49.059 Y27.101 E2182.25892
G1 X49.2 Y26.221 E2182.28857
G1 X49.227 Y25.324 E2182.31842
G1 X49.13 Y24.435 E2182.34816
G1 X48.924 Y23.568 E2182.3778
G1 X48.602 Y22.733 E2182.40756
G1 X48.17 Y21.944 E2182.43748
G1 X47.634 Y21.213 E2182.46763
G1 X47.024 Y20.576 E2182.49697
G1 X46.317 Y20.009 E2182.52711
G1 X45.556 Y19.551 E2182.55665
G1 X44.74 Y19.197 E2182.58623
G1 X43.861 Y18.944 E2182.61666
G1 X42.991 Y18.816 E2182.6459
G1 X42.091 Y18.801 E2182.67584
G1 X41.201 Y18.906 E2182.70565
G1 X40.326 Y19.127 E2182.73567
G1 X39.507 Y19.453 E2182.76498
G1 X38.714 Y19.896 E2182.7952
G1 X38.003 Y20.432 E2182.82481
G1 X37.362 Y21.062 E2182.8547
G1 X36.806 Y21.773 E2182.88472
G1 X36.36 Y22.534 E2182.91406
G1 X36.011 Y23.36 E2182.94389
G1 X6.484 Y108.498 E2185.94105
G1 X6.484 Y113.264 E2186.09957
G1 X20.931 Y113.264 E2186.58008
G1 F2700 E2181.58008
G0 F11250 X20.757 Y112.98
G0 X17.633 Y111.833
G0 X20.08 Y102.7
G0 X30.48 Y83.411
G0 X30.06 Y82.849
G1 F2700 E2186.58008
G1 F2250 X29.3 Y83.25 E2186.60866
G1 X28.504 Y83.514 E2186.63655
G1 X27.704 Y83.642 E2186.6635
G1 X26.84 Y83.642 E2186.69224
G1 X26.012 Y83.506 E2186.72014
G1 X25.231 Y83.245 E2186.74753
G1 X24.484 Y82.849 E2186.77565
G1 X23.811 Y82.343 E2186.80366
G1 X23.235 Y81.738 E2186.83144
G1 X22.763 Y81.047 E2186.85927
G1 X22.403 Y80.288 E2186.88721
G1 X22.177 Y79.489 E2186.91483
G1 X22.077 Y78.685 E2186.94178
G1 X22.115 Y77.812 E2186.97084
G1 X22.271 Y77.032 E2186.9973
G1 X22.582 Y76.215 E2187.02637
G1 X22.982 Y75.523 E2187.05296
G1 X23.512 Y74.869 E2187.08096
G1 X24.16 Y74.295 E2187.10975
G1 X24.869 Y73.847 E2187.13764
G1 X25.644 Y73.521 E2187.16561
G1 X26.451 Y73.328 E2187.19321
G1 X27.289 Y73.26 E2187.22117
G1 X28.113 Y73.33 E2187.24868
G1 X28.917 Y73.526 E2187.2762
G1 X29.675 Y73.847 E2187.30358
G1 X30.409 Y74.314 E2187.33251
G1 X31.032 Y74.869 E2187.36026
G1 X31.562 Y75.523 E2187.38826
G1 X31.962 Y76.215 E2187.41485
G1 X32.264 Y77.005 E2187.44298
G1 X32.436 Y77.844 E2187.47146
G1 X32.467 Y78.684 E2187.49942
G1 X32.368 Y79.509 E2187.52706
G1 X32.137 Y80.3 E2187.55446
G1 X31.78 Y81.049 E2187.58206
G1 X31.309 Y81.738 E2187.60982
G1 X30.712 Y82.365 E2187.63862
G1 X30.06 Y82.849 E2187.66562
G0 F11250 X30.48 Y83.411
G0 X30.295 Y84.174
;TYPE:FILL
G1 F4500 X26.018 Y100.138 E2188.21531
G0 F11250 X26.191 Y99.792
G1 F4500 X14.806 Y88.407 E2188.75083
G0 F11250 X15.316 Y86.938
G1 F4500 X24.721 Y84.418 E2189.07467
G0 F11250 X24.104 Y84.097
G1 F4500 X19.23 Y102.29 E2189.70112
G0 F11250 X19.783 Y101.87
G1 F4500 X12.621 Y94.708 E2190.03799
G0 F11250 X12.942 Y93.786
G1 F4500 X31.661 Y88.77 E2190.68256
G0 F11250 X31.82 Y88.451
G1 F4500 X28.225 Y84.856 E2190.85165
G0 F11250 X32.443 Y82.349
G1 F4500 X35.186 Y81.614 E2190.9461
G0 F11250 X34.635 Y82.78
G1 F4500 X33.104 Y81.249 E2191.01812
G0 F11250 X33.224 Y75.928
G1 F4500 X36.808 Y74.968 E2191.14152
G0 F11250 X36.531 Y76.191
G1 F4500 X23.547 Y63.207 E2191.75225
G0 F11250 X23.298 Y63.923
G1 F4500 X10.42 Y111.985 E2193.40719
G0 F11250 X12.927 Y111.985
G1 F4500 X8.251 Y107.308 E2193.62716
G1 X8.192 Y107.482
G1 X18.441 Y104.736 E2193.98006
G0 F11250 X17.538 Y108.11
G1 F4500 X10.436 Y101.008 E2194.31412
G0 F11250 X10.566 Y100.634
G1 F4500 X28.104 Y95.935 E2194.91801
G0 F11250 X29.006 Y94.122
G1 F4500 X16.991 Y82.107 E2195.48316
G0 F11250 X17.692 Y80.09
G1 F4500 X20.856 Y79.242 E2195.59211
G0 F11250 X20.874 Y77.505
G1 F4500 X19.176 Y75.807 E2195.67198
G0 F11250 X20.066 Y73.242
G1 F4500 X38.32 Y68.351 E2196.30052
G0 F11250 X38.109 Y69.284
G1 F4500 X25.732 Y56.907 E2196.8827
G0 F11250 X24.816 Y59.546
G1 F4500 X41.344 Y55.117 E2197.45182
G0 F11250 X41.265 Y55.47
G1 F4500 X30.102 Y44.306 E2197.97692
G0 F11250 X29.566 Y45.85
G1 F4500 X44.368 Y41.884 E2198.4866
G0 F11250 X44.422 Y41.656
G1 F4500 X34.472 Y31.706 E2198.95462
G0 F11250 X34.317 Y32.154
G1 F4500 X47.392 Y28.65 E2199.40484
G0 F11250 X47.578 Y27.842
G1 F4500 X40.265 Y20.529 E2199.74882
G0 F11250 X41.22 Y20.222
G1 F4500 X27.35 Y71.985 E2201.5312
G0 F11250 X24.477 Y72.623
G1 F4500 X21.362 Y69.507 E2201.67774
G0 F11250 X22.442 Y66.394
G1 F4500 X39.832 Y61.734 E2202.27654
G0 F11250 X39.687 Y62.377
G1 F4500 X27.917 Y50.606 E2202.83019
G0 F11250 X27.192 Y52.698
G1 F4500 X42.856 Y48.501 E2203.36955
G1 X42.844 Y48.563
G1 X32.286 Y38.006 E2203.86615
G0 F11250 X31.942 Y39.002
G1 F4500 X45.88 Y35.267 E2204.34608
G0 F11250 X46 Y34.749
G1 F4500 X36.657 Y25.406 E2204.78555
G1 X36.692 Y25.306
G1 X47.02 Y22.538 E2205.14118
G0 F11250 X46.866 Y22.331
G1 F4500 X32.749 Y75.018 E2206.95537
G1 F2700 E2201.95537
G0 F11250 X33.074 Y77.758
G0 X33.111 Y78.697
G0 X32.998 Y79.631
G0 X32.736 Y80.534
G0 X32.333 Y81.382
G0 X19.797 Y102.21
G0 X16.705 Y111.413
G1 F2700 E2206.95537
G1 F4500 X14.571 Y111.984 E2207.02885
G0 F11250 X16.632 Y111.984
G1 F4500 X16.704 Y111.717 E2207.03804
G1 F2700 E2202.03804
;MESH:NONMESH
G0 F300 X16.704 Y111.717 Z7.2
G0 F11250 X19.797 Y102.21
G0 X30.694 Y83.873
;TIME_ELAPSED:2196.983848
;LAYER:35
;TYPE:WALL-INNER
;MESH:Sperrklinke
G1 F2700 E2207.03804
G1 F2250 X29.787 Y84.353 E2207.07217
G1 X28.806 Y84.681 E2207.10658
G1 X27.788 Y84.844 E2207.14087
G1 X26.755 Y84.844 E2207.17523
G1 X25.738 Y84.681 E2207.20948
G1 X24.77 Y84.353 E2207.24348
G1 X23.858 Y83.879 E2207.27766
G1 X23.025 Y83.256 E2207.31226
G1 X22.307 Y82.507 E2207.34677
G1 X21.728 Y81.663 E2207.38081
G1 X21.282 Y80.729 E2207.41524
G1 X20.999 Y79.742 E2207.44939
G1 X20.872 Y78.717 E2207.48374
G1 X20.918 Y77.686 E2207.51806
G1 X21.117 Y76.687 E2207.55194
G1 X21.484 Y75.718 E2207.58641
G1 X21.996 Y74.831 E2207.62047
G1 X22.652 Y74.026 E2207.65501
G1 X23.422 Y73.342 E2207.68926
G1 X24.296 Y72.787 E2207.7237
G1 X25.25 Y72.382 E2207.75817
G1 X26.247 Y72.141 E2207.79229
G1 X27.268 Y72.054 E2207.82637
G1 X28.309 Y72.146 E2207.86113
G1 X29.302 Y72.389 E2207.89513
G1 X30.246 Y72.786 E2207.92919
G1 X31.122 Y73.342 E2207.9637
G1 X31.892 Y74.026 E2207.99795
G1 X32.545 Y74.827 E2208.03233
G1 X33.057 Y75.714 E2208.06639
G1 X33.425 Y76.682 E2208.10083
G1 X33.63 Y77.676 E2208.13459
G1 X33.672 Y78.705 E2208.16884
G1 X33.552 Y79.733 E2208.20327
G1 X33.256 Y80.743 E2208.23827
G1 X32.817 Y81.663 E2208.27218
G1 X32.235 Y82.511 E2208.30639
G1 X31.52 Y83.26 E2208.34083
G1 X30.694 Y83.873 E2208.37504
G0 F11250 X30.472 Y83.539
G1 F2250 X29.633 Y83.983 E2208.40661
G1 X28.713 Y84.291 E2208.43888
G1 X27.755 Y84.444 E2208.47115
G1 X26.788 Y84.444 E2208.50331
G1 X25.836 Y84.291 E2208.53538
G1 X24.924 Y83.984 E2208.56738
G1 X24.07 Y83.539 E2208.59941
G1 X23.295 Y82.96 E2208.63159
G1 X22.62 Y82.257 E2208.664
G1 X22.074 Y81.462 E2208.69608
G1 X21.656 Y80.583 E2208.72845
G1 X21.393 Y79.666 E2208.76018
G1 X21.273 Y78.701 E2208.79253
G1 X21.324 Y77.692 E2208.82613
G1 X21.502 Y76.799 E2208.85641
G1 X21.849 Y75.885 E2208.88893
G1 X22.328 Y75.057 E2208.92075
G1 X22.944 Y74.3 E2208.95321
G1 X23.665 Y73.661 E2208.98525
G1 X24.477 Y73.145 E2209.01725
G1 X25.375 Y72.764 E2209.04969
G1 X26.31 Y72.537 E2209.0817
G1 X27.271 Y72.456 E2209.11377
G1 X28.241 Y72.537 E2209.14615
G1 X29.17 Y72.764 E2209.17796
G1 X30.067 Y73.145 E2209.21037
G1 X30.879 Y73.661 E2209.24237
G1 X31.603 Y74.303 E2209.27455
G1 X32.211 Y75.049 E2209.30656
G1 X32.693 Y75.883 E2209.3386
G1 X33.04 Y76.794 E2209.37102
G1 X33.231 Y77.725 E2209.40263
G1 X33.271 Y78.697 E2209.43499
G1 X33.149 Y79.687 E2209.46817
G1 X32.891 Y80.568 E2209.4987
G1 X32.468 Y81.465 E2209.53168
G1 X31.925 Y82.256 E2209.5636
G1 X31.257 Y82.957 E2209.5958
G1 X30.472 Y83.539 E2209.6283
G0 F11250 X30.221 Y83.219
G1 F2250 X29.476 Y83.612 E2209.65632
G1 X28.614 Y83.902 E2209.68657
G1 X27.723 Y84.044 E2209.71658
G1 X26.82 Y84.044 E2209.74661
G1 X25.931 Y83.901 E2209.77656
G1 X25.077 Y83.615 E2209.80651
G1 X24.282 Y83.198 E2209.83637
G1 X23.555 Y82.654 E2209.86657
G1 X22.935 Y82.008 E2209.89635
G1 X22.422 Y81.26 E2209.92652
G1 X22.033 Y80.448 E2209.95647
G1 X21.785 Y79.583 E2209.9864
G1 X21.674 Y78.683 E2210.01656
G1 X21.719 Y77.756 E2210.04743
G1 X21.901 Y76.875 E2210.07735
G1 X22.213 Y76.055 E2210.10653
G1 X22.659 Y75.284 E2210.13615
G1 X23.202 Y74.616 E2210.16478
G1 X23.903 Y73.984 E2210.19618
G1 X24.669 Y73.498 E2210.22635
G1 X25.503 Y73.143 E2210.2565
G1 X26.326 Y72.944 E2210.28466
G1 X27.271 Y72.857 E2210.31622
G1 X28.178 Y72.936 E2210.3465
G1 X29.005 Y73.135 E2210.37479
G1 X29.873 Y73.497 E2210.40607
G1 X30.638 Y73.983 E2210.43622
G1 X31.311 Y74.577 E2210.46607
G1 X31.883 Y75.279 E2210.49619
G1 X32.33 Y76.053 E2210.52592
G1 X32.654 Y76.905 E2210.55624
G1 X32.834 Y77.779 E2210.58592
G1 X32.87 Y78.684 E2210.61604
G1 X32.758 Y79.598 E2210.64667
G1 X32.514 Y80.434 E2210.67563
G1 X32.138 Y81.227 E2210.70482
G1 X31.613 Y82.002 E2210.73596
G1 X30.99 Y82.656 E2210.766
G1 X30.221 Y83.219 E2210.7977
G1 F2700 E2205.7977
G0 F11250 X30.36 Y83.486
G0 X19.768 Y102.317
G0 X16.975 Y112.064
G1 F2700 E2210.7977
G1 F2250 X16.79 Y111.557 E2210.81565
G1 X16.831 Y111.065 E2210.83207
G1 X19.034 Y102.832 E2211.11554
G1 X19.15 Y102.605 E2211.12401
G1 X19.386 Y102.31 E2211.13658
G1 X19.671 Y102.1 E2211.14835
G1 X19.97 Y101.976 E2211.15912
G1 X20.254 Y101.927 E2211.1687
G1 X20.588 Y101.938 E2211.17982
G1 X24.674 Y103.028 E2211.32047
G1 X34.959 Y82.31 E2212.08979
G1 X35.246 Y81.691 E2212.11249
G1 X35.477 Y81.039 E2212.13549
G1 X35.665 Y80.338 E2212.15963
G1 X47.88 Y26.873 E2213.98371
G1 X48.003 Y26.107 E2214.00951
G1 X48.025 Y25.371 E2214.034
G1 X47.945 Y24.639 E2214.05849
G1 X47.775 Y23.924 E2214.08294
G1 X47.511 Y23.239 E2214.10735
G1 X47.156 Y22.59 E2214.13196
G1 X46.713 Y21.987 E2214.15684
G1 X46.212 Y21.463 E2214.18096
G1 X45.629 Y20.995 E2214.20582
G1 X45.005 Y20.62 E2214.23003
G1 X44.334 Y20.329 E2214.25436
G1 X43.607 Y20.12 E2214.27952
G1 X42.893 Y20.015 E2214.30352
G1 X42.151 Y20.002 E2214.32821
G1 X41.419 Y20.088 E2214.35272
G1 X40.697 Y20.271 E2214.37749
G1 X40.023 Y20.539 E2214.40162
G1 X39.371 Y20.904 E2214.42647
G1 X38.788 Y21.343 E2214.45074
G1 X38.259 Y21.863 E2214.47541
G1 X37.801 Y22.449 E2214.50015
G1 X37.435 Y23.074 E2214.52424
G1 X37.132 Y23.791 E2214.55013
G1 X7.684 Y108.7 E2217.53924
G1 X7.684 Y112.064 E2217.65113
G1 X16.975 Y112.064 E2217.96015
G0 F11250 X18.178 Y112.463
G1 F2250 X17.923 Y112.395 E2217.96892
G1 X17.363 Y111.999 E2217.99174
G1 X17.188 Y111.52 E2218.0087
G1 X17.217 Y111.169 E2218.02041
G1 X19.385 Y103.065 E2218.29943
G1 X19.52 Y102.747 E2218.31092
G1 X19.761 Y102.516 E2218.32202
G1 X20.079 Y102.361 E2218.33379
G1 X20.52 Y102.333 E2218.34849
G1 X24.887 Y103.498 E2218.49881
G1 X35.32 Y82.482 E2219.2792
G1 X35.601 Y81.864 E2219.30178
G1 X35.611 Y81.859 E2219.30215
G1 X35.86 Y81.158 E2219.3269
G1 X36.049 Y80.454 E2219.35114
G1 X48.273 Y26.949 E2221.17658
G1 X48.402 Y26.145 E2221.20366
G1 X48.426 Y25.356 E2221.22991
G1 X48.34 Y24.571 E2221.25618
G1 X48.158 Y23.806 E2221.28233
G1 X47.874 Y23.07 E2221.30857
G1 X47.494 Y22.375 E2221.33492
G1 X47.02 Y21.729 E2221.36157
G1 X46.483 Y21.167 E2221.38742
G1 X45.858 Y20.667 E2221.41404
G1 X45.189 Y20.264 E2221.44002
G1 X44.469 Y19.952 E2221.46612
G1 X43.691 Y19.728 E2221.49305
G1 X42.926 Y19.615 E2221.51877
G1 X42.131 Y19.602 E2221.54521
G1 X41.347 Y19.694 E2221.57147
G1 X40.574 Y19.89 E2221.59799
G1 X39.851 Y20.177 E2221.62386
G1 X39.152 Y20.568 E2221.6505
G1 X38.527 Y21.04 E2221.67655
G1 X37.96 Y21.596 E2221.70296
G1 X37.469 Y22.224 E2221.72948
G1 X37.076 Y22.894 E2221.75531
G1 X36.759 Y23.647 E2221.78248
G1 X7.284 Y108.633 E2224.77431
G1 X7.284 Y112.464 E2224.90173
G1 X18.178 Y112.463 E2225.26406
G0 F11250 X20.682 Y112.864
G1 F2250 X20.743 Y112.741 E2225.26863
G1 X18.027 Y112.008 E2225.3622
G1 X17.691 Y111.771 E2225.37587
G1 X17.586 Y111.483 E2225.38607
G1 X17.604 Y111.272 E2225.39311
G1 X19.799 Y103.089 E2225.6749
G1 X19.883 Y102.948 E2225.68036
G1 X20.124 Y102.768 E2225.69036
G1 X20.406 Y102.717 E2225.69989
G1 X25.1 Y103.969 E2225.86148
G1 X35.681 Y82.654 E2226.65296
G1 X35.964 Y82.034 E2226.67563
G1 X35.976 Y82.026 E2226.67611
G1 X36.242 Y81.277 E2226.70254
G1 X36.437 Y80.551 E2226.72755
G1 X48.666 Y27.025 E2228.5537
G1 X48.801 Y26.183 E2228.58206
G1 X48.826 Y25.34 E2228.61011
G1 X48.735 Y24.503 E2228.63812
G1 X48.541 Y23.687 E2228.66601
G1 X48.238 Y22.902 E2228.694
G1 X47.832 Y22.159 E2228.72216
G1 X47.327 Y21.471 E2228.75055
G1 X46.753 Y20.872 E2228.77814
G1 X46.087 Y20.338 E2228.80653
G1 X45.372 Y19.907 E2228.8343
G1 X44.604 Y19.574 E2228.86214
G1 X43.776 Y19.336 E2228.8908
G1 X42.958 Y19.216 E2228.91829
G1 X42.111 Y19.201 E2228.94647
G1 X41.274 Y19.3 E2228.9745
G1 X40.45 Y19.508 E2229.00277
G1 X39.679 Y19.815 E2229.03037
G1 X38.933 Y20.232 E2229.0588
G1 X38.265 Y20.736 E2229.08663
G1 X37.661 Y21.329 E2229.11478
G1 X37.138 Y21.999 E2229.14305
G1 X36.718 Y22.714 E2229.17063
G1 X36.385 Y23.504 E2229.19914
G1 X6.884 Y108.566 E2232.19364
G1 X6.884 Y112.864 E2232.33659
G1 X20.682 Y112.864 E2232.79551
G0 F11250 X20.931 Y113.264
;TYPE:WALL-OUTER
G1 F2250 X21.317 Y112.482 E2232.82452
G1 X18.131 Y111.622 E2232.93428
G1 X18.019 Y111.543 E2232.93884
G1 X17.976 Y111.426 E2232.94298
G1 X20.167 Y103.245 E2233.22467
G1 X20.233 Y103.162 E2233.2282
G1 X20.379 Y103.125 E2233.23321
G1 X25.313 Y104.44 E2233.40304
G1 X36.043 Y82.826 E2234.20564
G1 X36.326 Y82.203 E2234.2284
G1 X36.341 Y82.194 E2234.22898
G1 X36.624 Y81.396 E2234.25714
G1 X36.835 Y80.606 E2234.28434
G1 X49.059 Y27.101 E2236.10977
G1 X49.2 Y26.221 E2236.13942
G1 X49.227 Y25.324 E2236.16926
G1 X49.13 Y24.435 E2236.19901
G1 X48.924 Y23.568 E2236.22865
G1 X48.602 Y22.733 E2236.25841
G1 X48.17 Y21.944 E2236.28833
G1 X47.634 Y21.213 E2236.31848
G1 X47.024 Y20.576 E2236.34781
G1 X46.317 Y20.009 E2236.37796
G1 X45.556 Y19.551 E2236.4075
G1 X44.74 Y19.197 E2236.43708
G1 X43.861 Y18.944 E2236.46751
G1 X42.991 Y18.816 E2236.49675
G1 X42.091 Y18.801 E2236.52669
G1 X41.201 Y18.906 E2236.5565
G1 X40.326 Y19.127 E2236.58651
G1 X39.507 Y19.453 E2236.61583
G1 X38.714 Y19.896 E2236.64605
G1 X38.003 Y20.432 E2236.67566
G1 X37.362 Y21.062 E2236.70555
G1 X36.806 Y21.773 E2236.73557
G1 X36.36 Y22.534 E2236.76491
G1 X36.011 Y23.36 E2236.79474
G1 X6.484 Y108.498 E2239.7919
G1 X6.484 Y113.264 E2239.95042
G1 X20.931 Y113.264 E2240.43093
G1 F2700 E2235.43093
G0 F11250 X20.757 Y112.98
G0 X17.66 Y111.73
G0 X20.051 Y102.805
G0 X30.48 Y83.411
G0 X30.06 Y82.849
G1 F2700 E2240.43093
G1 F2250 X29.3 Y83.25 E2240.45951
G1 X28.504 Y83.514 E2240.4874
G1 X27.704 Y83.642 E2240.51435
G1 X26.84 Y83.642 E2240.54308
G1 X26.012 Y83.506 E2240.57099
G1 X25.231 Y83.245 E2240.59838
G1 X24.484 Y82.849 E2240.6265
G1 X23.811 Y82.343 E2240.65451
G1 X23.235 Y81.738 E2240.68229
G1 X22.763 Y81.047 E2240.71012
G1 X22.403 Y80.288 E2240.73806
G1 X22.177 Y79.489 E2240.76568
G1 X22.077 Y78.685 E2240.79263
G1 X22.115 Y77.812 E2240.82169
G1 X22.271 Y77.032 E2240.84815
G1 X22.582 Y76.215 E2240.87722
G1 X22.982 Y75.523 E2240.90381
G1 X23.512 Y74.869 E2240.93181
G1 X24.16 Y74.295 E2240.9606
G1 X24.869 Y73.847 E2240.98849
G1 X25.644 Y73.521 E2241.01646
G1 X26.451 Y73.328 E2241.04406
G1 X27.289 Y73.26 E2241.07202
G1 X28.113 Y73.33 E2241.09952
G1 X28.917 Y73.526 E2241.12705
G1 X29.675 Y73.847 E2241.15443
G1 X30.409 Y74.314 E2241.18336
G1 X31.032 Y74.869 E2241.21111
G1 X31.562 Y75.523 E2241.23911
G1 X31.962 Y76.215 E2241.2657
G1 X32.264 Y77.005 E2241.29383
G1 X32.436 Y77.844 E2241.32231
G1 X32.467 Y78.684 E2241.35027
G1 X32.368 Y79.509 E2241.37791
G1 X32.137 Y80.3 E2241.40531
G1 X31.78 Y81.049 E2241.43291
G1 X31.309 Y81.738 E2241.46067
G1 X30.712 Y82.365 E2241.48946
G1 X30.06 Y82.849 E2241.51647
G0 F11250 X30.48 Y83.411
G0 X30.124 Y84.264
;TYPE:FILL
G1 F4500 X25.696 Y100.789 E2242.08549
G0 F11250 X26.258 Y99.658
G1 F4500 X14.858 Y88.258 E2242.62171
G0 F11250 X15.26 Y87.1
G1 F4500 X24.96 Y84.501 E2242.95571
G0 F11250 X23.975 Y84.031
G1 F4500 X16.485 Y111.984 E2243.91823
G0 F11250 X16.712 Y111.558
G1 F4500 X15.121 Y111.984 E2243.97301
G0 F11250 X13.127 Y111.984
G1 F4500 X8.303 Y107.159 E2244.19994
G0 F11250 X8.136 Y107.644
G1 F4500 X18.4 Y104.894 E2244.55336
G0 F11250 X17.582 Y107.953
G1 F4500 X10.488 Y100.859 E2244.88704
G1 X10.51 Y100.796
G1 X28.021 Y96.104 E2245.49
G0 F11250 X29.072 Y93.987
G1 F4500 X17.043 Y81.958 E2246.05581
G0 F11250 X17.636 Y80.252
G1 F4500 X20.874 Y79.384 E2246.16731
G0 F11250 X20.907 Y77.337
G1 F4500 X19.228 Y75.658 E2246.24628
G0 F11250 X20.01 Y73.404
G1 F4500 X38.285 Y68.508 E2246.87555
G0 F11250 X38.146 Y69.12
G1 F4500 X25.783 Y56.757 E2247.45707
G0 F11250 X24.76 Y59.708
G1 F4500 X41.309 Y55.274 E2248.0269
G1 X41.303 Y55.306
G1 X30.153 Y44.157 E2248.55134
G0 F11250 X29.51 Y46.012
G1 F4500 X44.332 Y42.04 E2249.06172
G0 F11250 X44.459 Y41.492
G1 F4500 X34.524 Y31.557 E2249.52903
G0 F11250 X34.26 Y32.316
G1 F4500 X47.356 Y28.807 E2249.97997
G0 F11250 X47.616 Y27.678
G1 F4500 X40.41 Y20.472 E2250.31892
G0 F11250 X41.062 Y20.261
G1 F4500 X27.203 Y71.985 E2252.09995
G0 F11250 X24.618 Y72.563
G1 F4500 X21.413 Y69.358 E2252.2507
G0 F11250 X22.386 Y66.556
G1 F4500 X39.797 Y61.891 E2252.85022
G0 F11250 X39.725 Y62.213
G1 F4500 X27.968 Y50.457 E2253.40321
G0 F11250 X27.136 Y52.86
G1 F4500 X42.82 Y48.657 E2253.94327
G0 F11250 X42.881 Y48.399
G1 F4500 X32.339 Y37.857 E2254.43913
G0 F11250 X31.886 Y39.164
G1 F4500 X45.844 Y35.424 E2254.91975
G0 F11250 X46.038 Y34.585
G1 F4500 X36.709 Y25.256 E2255.35856
G0 F11250 X36.636 Y25.468
G1 F4500 X47.106 Y22.662 E2255.71908
G0 F11250 X46.758 Y22.185
G1 F4500 X32.647 Y74.849 E2257.53248
G0 F11250 X33.274 Y76.062
G1 F4500 X36.773 Y75.124 E2257.65297
G0 F11250 X36.568 Y76.027
G1 F4500 X23.598 Y63.058 E2258.26301
G0 F11250 X22.652 Y65.787
G1 F4500 X10.273 Y111.985 E2259.85377
G0 F11250 X20.006 Y101.892
G1 F4500 X12.673 Y94.559 E2260.19869
G0 F11250 X12.886 Y93.948
G1 F4500 X31.577 Y88.94 E2260.84229
G0 F11250 X31.887 Y88.317
G1 F4500 X28.398 Y84.828 E2261.0064
G0 F11250 X32.308 Y82.532
G1 F4500 X35.114 Y81.78 E2261.10302
G0 F11250 X34.701 Y82.646
G1 F4500 X33.168 Y81.113 E2261.17513
;MESH:NONMESH
G0 F300 X33.168 Y81.113 Z7.4
G0 F11250 X30.694 Y83.873
;TIME_ELAPSED:2243.960623
;LAYER:36
;TYPE:WALL-INNER
;MESH:Sperrklinke
G1 F2250 X29.787 Y84.353 E2261.20926
G1 X28.806 Y84.681 E2261.24366
G1 X27.788 Y84.844 E2261.27795
G1 X26.755 Y84.844 E2261.31231
G1 X25.738 Y84.681 E2261.34657
G1 X24.77 Y84.353 E2261.38056
G1 X23.858 Y83.879 E2261.41475
G1 X23.025 Y83.256 E2261.44934
G1 X22.307 Y82.507 E2261.48385
G1 X21.728 Y81.663 E2261.5179
G1 X21.282 Y80.729 E2261.55232
G1 X20.999 Y79.742 E2261.58647
G1 X20.872 Y78.717 E2261.62082
G1 X20.918 Y77.686 E2261.65515
G1 X21.117 Y76.687 E2261.68903
G1 X21.484 Y75.718 E2261.72349
G1 X21.996 Y74.831 E2261.75756
G1 X22.652 Y74.026 E2261.79209
G1 X23.422 Y73.342 E2261.82635
G1 X24.296 Y72.787 E2261.86078
G1 X25.25 Y72.382 E2261.89526
G1 X26.247 Y72.141 E2261.92937
G1 X27.268 Y72.054 E2261.96345
G1 X28.309 Y72.146 E2261.99821
G1 X29.302 Y72.389 E2262.03221
G1 X30.246 Y72.786 E2262.06627
G1 X31.122 Y73.342 E2262.10078
G1 X31.892 Y74.025 E2262.13502
G1 X32.545 Y74.827 E2262.16942
G1 X33.057 Y75.714 E2262.20348
G1 X33.425 Y76.682 E2262.23792
G1 X33.63 Y77.676 E2262.27168
G1 X33.672 Y78.705 E2262.30593
G1 X33.552 Y79.733 E2262.34036
G1 X33.256 Y80.743 E2262.37536
G1 X32.817 Y81.663 E2262.40927
G1 X32.235 Y82.511 E2262.44347
G1 X31.52 Y83.26 E2262.47792
G1 X30.694 Y83.873 E2262.51213
G0 F11250 X30.472 Y83.539
G1 F2250 X29.633 Y83.983 E2262.5437
G1 X28.713 Y84.291 E2262.57597
G1 X27.755 Y84.444 E2262.60823
G1 X26.788 Y84.444 E2262.6404
G1 X25.836 Y84.291 E2262.67247
G1 X24.924 Y83.984 E2262.70447
G1 X24.07 Y83.539 E2262.7365
G1 X23.295 Y82.96 E2262.76868
G1 X22.62 Y82.257 E2262.80109
G1 X22.074 Y81.462 E2262.83317
G1 X21.656 Y80.583 E2262.86554
G1 X21.393 Y79.666 E2262.89727
G1 X21.273 Y78.701 E2262.92962
G1 X21.324 Y77.692 E2262.96322
G1 X21.502 Y76.799 E2262.9935
G1 X21.849 Y75.885 E2263.02602
G1 X22.328 Y75.057 E2263.05784
G1 X22.944 Y74.3 E2263.0903
G1 X23.665 Y73.661 E2263.12234
G1 X24.477 Y73.145 E2263.15434
G1 X25.375 Y72.764 E2263.18678
G1 X26.31 Y72.537 E2263.21878
G1 X27.271 Y72.456 E2263.25086
G1 X28.241 Y72.537 E2263.28324
G1 X29.17 Y72.764 E2263.31504
G1 X30.067 Y73.145 E2263.34746
G1 X30.879 Y73.661 E2263.37946
G1 X31.603 Y74.303 E2263.41164
G1 X32.211 Y75.049 E2263.44365
G1 X32.693 Y75.883 E2263.47569
G1 X33.04 Y76.794 E2263.50811
G1 X33.231 Y77.725 E2263.53972
G1 X33.271 Y78.697 E2263.57208
G1 X33.149 Y79.687 E2263.60525
G1 X32.891 Y80.568 E2263.63579
G1 X32.468 Y81.465 E2263.66877
G1 X31.925 Y82.256 E2263.70068
G1 X31.257 Y82.957 E2263.73289
G1 X30.472 Y83.539 E2263.76539
G0 F11250 X30.221 Y83.219
G1 F2250 X29.476 Y83.612 E2263.79341
G1 X28.614 Y83.902 E2263.82366
G1 X27.723 Y84.044 E2263.85367
G1 X26.82 Y84.044 E2263.8837
G1 X25.932 Y83.901 E2263.91361
G1 X25.071 Y83.614 E2263.9438
G1 X24.282 Y83.197 E2263.97348
G1 X23.555 Y82.654 E2264.00366
G1 X22.935 Y82.008 E2264.03344
G1 X22.422 Y81.26 E2264.06361
G1 X22.033 Y80.448 E2264.09356
G1 X21.785 Y79.583 E2264.12349
G1 X21.674 Y78.683 E2264.15365
G1 X21.719 Y77.756 E2264.18452
G1 X21.901 Y76.875 E2264.21444
G1 X22.213 Y76.055 E2264.24362
G1 X22.659 Y75.284 E2264.27324
G1 X23.202 Y74.616 E2264.30187
G1 X23.903 Y73.984 E2264.33327
G1 X24.669 Y73.498 E2264.36344
G1 X25.503 Y73.143 E2264.39359
G1 X26.326 Y72.944 E2264.42175
G1 X27.271 Y72.857 E2264.45331
G1 X28.178 Y72.936 E2264.48359
G1 X29.005 Y73.135 E2264.51188
G1 X29.873 Y73.497 E2264.54316
G1 X30.639 Y73.983 E2264.57334
G1 X31.311 Y74.578 E2264.60319
G1 X31.883 Y75.279 E2264.63328
G1 X32.33 Y76.053 E2264.66301
G1 X32.654 Y76.905 E2264.69333
G1 X32.834 Y77.779 E2264.72301
G1 X32.87 Y78.684 E2264.75313
G1 X32.758 Y79.598 E2264.78376
G1 X32.514 Y80.434 E2264.81272
G1 X32.138 Y81.227 E2264.84191
G1 X31.613 Y82.002 E2264.87305
G1 X30.99 Y82.656 E2264.90309
G1 X30.221 Y83.219 E2264.93479
G1 F2700 E2259.93479
G0 F11250 X30.36 Y83.486
G0 X19.74 Y102.421
G0 X17.042 Y112.065
G1 F2700 E2264.93479
G1 F2250 X16.817 Y111.453 E2264.95648
G1 X16.859 Y110.962 E2264.97287
G1 X19.001 Y102.969 E2265.2481
G1 X19.166 Y102.614 E2265.26112
G1 X19.495 Y102.299 E2265.27627
G1 X19.791 Y102.133 E2265.28755
G1 X20.085 Y102.048 E2265.29773
G1 X20.356 Y102.028 E2265.30677
G1 X20.689 Y102.076 E2265.31796
G1 X24.62 Y103.137 E2265.45338
G1 X34.959 Y82.31 E2266.22675
G1 X35.246 Y81.691 E2266.24944
G1 X35.477 Y81.039 E2266.27245
G1 X35.665 Y80.338 E2266.29659
G1 X47.88 Y26.873 E2268.12066
G1 X48.003 Y26.107 E2268.14647
G1 X48.025 Y25.371 E2268.17096
G1 X47.945 Y24.639 E2268.19545
G1 X47.775 Y23.924 E2268.21989
G1 X47.511 Y23.239 E2268.24431
G1 X47.156 Y22.59 E2268.26891
G1 X46.713 Y21.987 E2268.2938
G1 X46.212 Y21.463 E2268.31791
G1 X45.629 Y20.995 E2268.34278
G1 X45.005 Y20.62 E2268.36699
G1 X44.334 Y20.329 E2268.39132
G1 X43.607 Y20.12 E2268.41648
G1 X42.893 Y20.015 E2268.44048
G1 X42.151 Y20.002 E2268.46516
G1 X41.419 Y20.088 E2268.48968
G1 X40.697 Y20.271 E2268.51445
G1 X40.023 Y20.539 E2268.53857
G1 X39.371 Y20.904 E2268.56343
G1 X38.788 Y21.343 E2268.5877
G1 X38.259 Y21.863 E2268.61237
G1 X37.801 Y22.449 E2268.63711
G1 X37.435 Y23.074 E2268.6612
G1 X37.132 Y23.791 E2268.68709
G1 X7.684 Y108.7 E2271.6762
G1 X7.684 Y112.064 E2271.78808
G1 X17.042 Y112.065 E2272.09933
G0 F11250 X18.606 Y112.463
G1 F2250 X17.955 Y112.291 E2272.12173
G1 X17.392 Y111.897 E2272.14458
G1 X17.216 Y111.416 E2272.16162
G1 X17.245 Y111.065 E2272.17333
G1 X19.379 Y103.1 E2272.44759
G1 X19.465 Y102.914 E2272.45441
G1 X19.633 Y102.704 E2272.46335
G1 X19.836 Y102.554 E2272.47175
G1 X20.153 Y102.442 E2272.48293
G1 X20.585 Y102.462 E2272.49731
G1 X24.832 Y103.608 E2272.64362
G1 X35.32 Y82.482 E2273.4281
G1 X35.601 Y81.864 E2273.45068
G1 X35.611 Y81.859 E2273.45105
G1 X35.86 Y81.158 E2273.47579
G1 X36.049 Y80.454 E2273.50004
G1 X48.273 Y26.949 E2275.32547
G1 X48.402 Y26.145 E2275.35256
G1 X48.426 Y25.356 E2275.37881
G1 X48.34 Y24.571 E2275.40508
G1 X48.158 Y23.806 E2275.43123
G1 X47.874 Y23.07 E2275.45747
G1 X47.494 Y22.375 E2275.48382
G1 X47.02 Y21.729 E2275.51047
G1 X46.483 Y21.167 E2275.53632
G1 X45.858 Y20.667 E2275.56294
G1 X45.189 Y20.264 E2275.58892
G1 X44.469 Y19.952 E2275.61502
G1 X43.691 Y19.728 E2275.64194
G1 X42.926 Y19.615 E2275.66766
G1 X42.131 Y19.602 E2275.69411
G1 X41.347 Y19.694 E2275.72036
G1 X40.574 Y19.89 E2275.74689
G1 X39.851 Y20.177 E2275.77276
G1 X39.152 Y20.568 E2275.7994
G1 X38.527 Y21.04 E2275.82545
G1 X37.96 Y21.596 E2275.85186
G1 X37.469 Y22.224 E2275.87837
G1 X37.076 Y22.894 E2275.90421
G1 X36.759 Y23.647 E2275.93138
G1 X7.284 Y108.633 E2278.9232
G1 X7.284 Y112.464 E2279.05062
G1 X18.606 Y112.463 E2279.4272
G0 F11250 X20.032 Y112.652
G0 X20.683 Y112.863
G1 F2250 X20.797 Y112.632 E2279.43576
G1 X18.058 Y111.905 E2279.53002
G1 X17.72 Y111.668 E2279.54375
G1 X17.614 Y111.38 E2279.55395
G1 X17.632 Y111.168 E2279.56103
G1 X19.757 Y103.231 E2279.83431
G1 X19.855 Y103.052 E2279.8411
G1 X20.095 Y102.873 E2279.85106
G1 X20.379 Y102.82 E2279.86067
G1 X25.045 Y104.08 E2280.02142
G1 X35.681 Y82.654 E2280.81702
G1 X35.964 Y82.034 E2280.83969
G1 X35.976 Y82.026 E2280.84017
G1 X36.242 Y81.277 E2280.86661
G1 X36.437 Y80.551 E2280.89161
G1 X48.666 Y27.025 E2282.71776
G1 X48.801 Y26.183 E2282.74613
G1 X48.826 Y25.34 E2282.77418
G1 X48.735 Y24.503 E2282.80218
G1 X48.541 Y23.687 E2282.83008
G1 X48.238 Y22.902 E2282.85806
G1 X47.832 Y22.159 E2282.88623
G1 X47.327 Y21.471 E2282.91461
G1 X46.753 Y20.872 E2282.9422
G1 X46.087 Y20.338 E2282.9706
G1 X45.372 Y19.907 E2282.99836
G1 X44.604 Y19.574 E2283.02621
G1 X43.776 Y19.336 E2283.05486
G1 X42.958 Y19.216 E2283.08236
G1 X42.111 Y19.201 E2283.11053
G1 X41.274 Y19.3 E2283.13857
G1 X40.45 Y19.508 E2283.16683
G1 X39.679 Y19.815 E2283.19443
G1 X38.933 Y20.232 E2283.22286
G1 X38.265 Y20.736 E2283.25069
G1 X37.661 Y21.329 E2283.27885
G1 X37.138 Y21.999 E2283.30711
G1 X36.718 Y22.714 E2283.3347
G1 X36.385 Y23.504 E2283.36321
G1 X6.884 Y108.566 E2286.3577
G1 X6.884 Y112.864 E2286.50065
G1 X20.683 Y112.863 E2286.95961
G0 F11250 X20.931 Y113.263
;TYPE:WALL-OUTER
G1 F2250 X21.372 Y112.371 E2286.99271
G1 X18.16 Y111.518 E2287.10324
G1 X18.048 Y111.439 E2287.1078
G1 X18.004 Y111.323 E2287.11193
G1 X20.139 Y103.35 E2287.38645
G1 X20.205 Y103.266 E2287.39001
G1 X20.351 Y103.229 E2287.39502
G1 X25.257 Y104.552 E2287.56402
G1 X36.043 Y82.826 E2288.37078
G1 X36.326 Y82.203 E2288.39354
G1 X36.341 Y82.194 E2288.39412
G1 X36.624 Y81.396 E2288.42228
G1 X36.835 Y80.606 E2288.44948
G1 X49.059 Y27.101 E2290.27491
G1 X49.2 Y26.221 E2290.30456
G1 X49.227 Y25.324 E2290.3344
G1 X49.13 Y24.435 E2290.36415
G1 X48.924 Y23.568 E2290.39379
G1 X48.602 Y22.733 E2290.42355
G1 X48.17 Y21.944 E2290.45347
G1 X47.634 Y21.213 E2290.48362
G1 X47.024 Y20.576 E2290.51295
G1 X46.317 Y20.009 E2290.5431
G1 X45.556 Y19.551 E2290.57264
G1 X44.74 Y19.197 E2290.60222
G1 X43.861 Y18.944 E2290.63265
G1 X42.991 Y18.816 E2290.66189
G1 X42.091 Y18.801 E2290.69183
G1 X41.201 Y18.906 E2290.72164
G1 X40.326 Y19.127 E2290.75165
G1 X39.507 Y19.453 E2290.78097
G1 X38.714 Y19.896 E2290.81119
G1 X38.003 Y20.432 E2290.8408
G1 X37.362 Y21.062 E2290.87069
G1 X36.806 Y21.773 E2290.90071
G1 X36.36 Y22.534 E2290.93005
G1 X36.011 Y23.36 E2290.95988
G1 X6.484 Y108.498 E2293.95704
G1 X6.484 Y113.264 E2294.11556
G1 X20.931 Y113.263 E2294.59607
G1 F2700 E2289.59607
G0 F11250 X20.757 Y112.98
G0 X17.688 Y111.628
G0 X20.023 Y102.909
G0 X30.48 Y83.411
G0 X30.06 Y82.849
G1 F2700 E2294.59607
G1 F2250 X29.3 Y83.25 E2294.62465
G1 X28.504 Y83.514 E2294.65254
G1 X27.704 Y83.642 E2294.67949
G1 X26.84 Y83.642 E2294.70822
G1 X26.012 Y83.506 E2294.73613
G1 X25.231 Y83.245 E2294.76352
G1 X24.484 Y82.849 E2294.79164
G1 X23.811 Y82.343 E2294.81965
G1 X23.235 Y81.738 E2294.84743
G1 X22.763 Y81.047 E2294.87526
G1 X22.403 Y80.288 E2294.9032
G1 X22.177 Y79.489 E2294.93082
G1 X22.077 Y78.685 E2294.95777
G1 X22.115 Y77.812 E2294.98683
G1 X22.271 Y77.032 E2295.01329
G1 X22.582 Y76.215 E2295.04236
G1 X22.982 Y75.523 E2295.06895
G1 X23.512 Y74.869 E2295.09695
G1 X24.16 Y74.295 E2295.12574
G1 X24.869 Y73.847 E2295.15363
G1 X25.644 Y73.521 E2295.1816
G1 X26.451 Y73.328 E2295.2092
G1 X27.289 Y73.26 E2295.23716
G1 X28.113 Y73.33 E2295.26466
G1 X28.917 Y73.526 E2295.29219
G1 X29.675 Y73.847 E2295.31957
G1 X30.409 Y74.314 E2295.3485
G1 X31.032 Y74.869 E2295.37625
G1 X31.562 Y75.523 E2295.40425
G1 X31.962 Y76.215 E2295.43084
G1 X32.264 Y77.005 E2295.45897
G1 X32.436 Y77.844 E2295.48745
G1 X32.467 Y78.684 E2295.51541
G1 X32.368 Y79.509 E2295.54305
G1 X32.137 Y80.3 E2295.57045
G1 X31.78 Y81.049 E2295.59805
G1 X31.309 Y81.738 E2295.62581
G1 X30.712 Y82.365 E2295.6546
G1 X30.06 Y82.849 E2295.68161
G0 F11250 X30.48 Y83.411
G0 X29.954 Y84.354
;TYPE:FILL
G1 F4500 X25.379 Y101.429 E2296.26956
G0 F11250 X26.324 Y99.525
G1 F4500 X14.909 Y88.11 E2296.80649
G0 F11250 X15.205 Y87.261
G1 F4500 X25.2 Y84.583 E2297.15065
G0 F11250 X23.847 Y83.964
G1 F4500 X16.339 Y111.986 E2298.11554
G0 F11250 X16.822 Y111.674
G1 F4500 X15.664 Y111.985 E2298.15542
G0 F11250 X13.328 Y111.985
G1 F4500 X8.354 Y107.011 E2298.38938
G0 F11250 X8.079 Y107.805
G1 F4500 X18.357 Y105.051 E2298.74329
G0 F11250 X17.623 Y107.795
G1 F4500 X10.539 Y100.711 E2299.0765
G0 F11250 X10.455 Y100.957
G1 F4500 X27.937 Y96.273 E2299.67846
G0 F11250 X29.138 Y93.854
G1 F4500 X17.094 Y81.81 E2300.24497
G0 F11250 X17.579 Y80.413
G1 F4500 X20.892 Y79.526 E2300.35904
G0 F11250 X20.94 Y77.17
G1 F4500 X19.279 Y75.51 E2300.43715
G0 F11250 X19.955 Y73.565
G1 F4500 X38.25 Y68.663 E2301.06711
G0 F11250 X38.183 Y68.958
G1 F4500 X25.835 Y56.61 E2301.64792
G0 F11250 X24.705 Y59.869
G1 F4500 X41.274 Y55.429 E2302.21845
G0 F11250 X41.34 Y55.144
G1 F4500 X30.205 Y44.009 E2302.7422
G0 F11250 X29.455 Y46.173
G1 F4500 X44.297 Y42.196 E2303.25327
G0 F11250 X44.496 Y41.33
G1 F4500 X34.575 Y31.408 E2303.71994
G0 F11250 X34.205 Y32.477
G1 F4500 X47.321 Y28.962 E2304.17158
G0 F11250 X47.653 Y27.516
G1 F4500 X40.553 Y20.416 E2304.50554
G0 F11250 X40.906 Y20.301
G1 F4500 X27.055 Y71.993 E2306.28547
G0 F11250 X24.758 Y72.503
G1 F4500 X21.464 Y69.209 E2306.44041
G0 F11250 X22.01 Y67.638
G1 F4500 X10.127 Y111.985 E2307.96743
G0 F11250 X17.914 Y104.238
G0 X20.269 Y101.955
G1 F4500 X12.724 Y94.411 E2308.3223
G0 F11250 X12.829 Y94.109
G1 F4500 X31.493 Y89.108 E2308.96497
G0 F11250 X31.953 Y88.183
G1 F4500 X28.57 Y84.8 E2309.1241
G0 F11250 X32.141 Y82.723
G1 F4500 X35.037 Y81.947 E2309.22382
G0 F11250 X34.768 Y82.513
G1 F4500 X33.233 Y80.978 E2309.29602
G0 F11250 X33.325 Y76.194
G1 F4500 X36.738 Y75.28 E2309.41353
G0 F11250 X36.605 Y75.865
G1 F4500 X23.65 Y62.91 E2310.0229
G0 F11250 X22.329 Y66.717
G1 F4500 X39.762 Y62.046 E2310.62317
G1 X39.761 Y62.051
G1 X28.02 Y50.309 E2311.17546
G0 F11250 X27.08 Y53.021
G1 F4500 X42.785 Y48.813 E2311.71623
G0 F11250 X42.918 Y48.237
G1 F4500 X32.39 Y37.709 E2312.21144
G0 F11250 X31.83 Y39.325
G1 F4500 X45.809 Y35.579 E2312.69279
G0 F11250 X46.074 Y34.423
G1 F4500 X36.76 Y25.109 E2313.13089
G0 F11250 X36.58 Y25.629
G1 F4500 X47.175 Y22.79 E2313.49571
G0 F11250 X46.652 Y22.038
G1 F4500 X32.542 Y74.697 E2315.30894
;MESH:NONMESH
G0 F300 X32.542 Y74.697 Z7.6
G0 F11250 X33.074 Y77.758
G0 X33.111 Y78.697
G0 X32.998 Y79.631
G0 X32.736 Y80.534
G0 X32.409 Y81.221
G0 X30.694 Y83.873
;TIME_ELAPSED:2291.119623
;LAYER:37
;TYPE:WALL-INNER
;MESH:Sperrklinke
G1 F2250 X29.787 Y84.353 E2315.34307
G1 X28.806 Y84.681 E2315.37748
G1 X27.788 Y84.844 E2315.41177
G1 X26.755 Y84.844 E2315.44612
G1 X25.738 Y84.681 E2315.48038
G1 X24.77 Y84.353 E2315.51438
G1 X23.858 Y83.879 E2315.54856
G1 X23.025 Y83.256 E2315.58316
G1 X22.307 Y82.507 E2315.61767
G1 X21.728 Y81.663 E2315.65171
G1 X21.282 Y80.729 E2315.68613
G1 X20.999 Y79.742 E2315.72028
G1 X20.872 Y78.717 E2315.75464
G1 X20.918 Y77.686 E2315.78896
G1 X21.117 Y76.687 E2315.82284
G1 X21.484 Y75.718 E2315.85731
G1 X21.996 Y74.831 E2315.89137
G1 X22.652 Y74.026 E2315.92591
G1 X23.422 Y73.342 E2315.96016
G1 X24.296 Y72.787 E2315.9946
G1 X25.25 Y72.382 E2316.02907
G1 X26.247 Y72.141 E2316.06319
G1 X27.268 Y72.054 E2316.09727
G1 X28.309 Y72.146 E2316.13203
G1 X29.302 Y72.389 E2316.16603
G1 X30.246 Y72.786 E2316.20009
G1 X31.122 Y73.342 E2316.2346
G1 X31.892 Y74.026 E2316.26885
G1 X32.545 Y74.827 E2316.30323
G1 X33.057 Y75.714 E2316.33729
G1 X33.425 Y76.682 E2316.37173
G1 X33.63 Y77.676 E2316.40549
G1 X33.672 Y78.705 E2316.43974
G1 X33.552 Y79.733 E2316.47417
G1 X33.256 Y80.743 E2316.50917
G1 X32.817 Y81.663 E2316.54308
G1 X32.235 Y82.511 E2316.57729
G1 X31.52 Y83.26 E2316.61173
G1 X30.694 Y83.873 E2316.64594
G0 F11250 X30.472 Y83.539
G1 F2250 X29.633 Y83.983 E2316.67751
G1 X28.713 Y84.291 E2316.70978
G1 X27.755 Y84.444 E2316.74204
G1 X26.788 Y84.444 E2316.77421
G1 X25.836 Y84.291 E2316.80628
G1 X24.924 Y83.984 E2316.83828
G1 X24.07 Y83.539 E2316.87031
G1 X23.295 Y82.96 E2316.90249
G1 X22.62 Y82.257 E2316.9349
G1 X22.074 Y81.462 E2316.96698
G1 X21.656 Y80.583 E2316.99935
G1 X21.393 Y79.666 E2317.03108
G1 X21.273 Y78.701 E2317.06343
G1 X21.324 Y77.692 E2317.09703
G1 X21.502 Y76.799 E2317.12731
G1 X21.849 Y75.885 E2317.15983
G1 X22.328 Y75.057 E2317.19165
G1 X22.944 Y74.3 E2317.22411
G1 X23.665 Y73.661 E2317.25615
G1 X24.477 Y73.145 E2317.28815
G1 X25.375 Y72.764 E2317.32059
G1 X26.31 Y72.537 E2317.3526
G1 X27.271 Y72.456 E2317.38467
G1 X28.241 Y72.537 E2317.41705
G1 X29.17 Y72.764 E2317.44885
G1 X30.067 Y73.145 E2317.48127
G1 X30.879 Y73.661 E2317.51327
G1 X31.603 Y74.303 E2317.54545
G1 X32.211 Y75.049 E2317.57746
G1 X32.693 Y75.883 E2317.6095
G1 X33.04 Y76.794 E2317.64192
G1 X33.231 Y77.725 E2317.67353
G1 X33.271 Y78.697 E2317.70589
G1 X33.149 Y79.687 E2317.73906
G1 X32.891 Y80.568 E2317.7696
G1 X32.468 Y81.465 E2317.80258
G1 X31.925 Y82.256 E2317.83449
G1 X31.257 Y82.957 E2317.8667
G1 X30.472 Y83.539 E2317.8992
G0 F11250 X30.221 Y83.219
G1 F2250 X29.476 Y83.612 E2317.92722
G1 X28.614 Y83.902 E2317.95747
G1 X27.723 Y84.044 E2317.98748
G1 X26.819 Y84.044 E2318.01754
G1 X25.932 Y83.901 E2318.04743
G1 X25.071 Y83.614 E2318.07761
G1 X24.282 Y83.197 E2318.10729
G1 X23.555 Y82.654 E2318.13747
G1 X22.935 Y82.008 E2318.16725
G1 X22.422 Y81.26 E2318.19742
G1 X22.033 Y80.448 E2318.22737
G1 X21.785 Y79.583 E2318.2573
G1 X21.674 Y78.683 E2318.28746
G1 X21.719 Y77.756 E2318.31833
G1 X21.901 Y76.875 E2318.34825
G1 X22.213 Y76.055 E2318.37743
G1 X22.659 Y75.284 E2318.40705
G1 X23.202 Y74.616 E2318.43569
G1 X23.903 Y73.984 E2318.46708
G1 X24.669 Y73.498 E2318.49725
G1 X25.503 Y73.143 E2318.5274
G1 X26.326 Y72.944 E2318.55556
G1 X27.271 Y72.857 E2318.58712
G1 X28.178 Y72.936 E2318.6174
G1 X29.005 Y73.135 E2318.6457
G1 X29.873 Y73.497 E2318.67698
G1 X30.638 Y73.983 E2318.70712
G1 X31.311 Y74.577 E2318.73698
G1 X31.883 Y75.279 E2318.76709
G1 X32.33 Y76.053 E2318.79682
G1 X32.654 Y76.905 E2318.82714
G1 X32.834 Y77.779 E2318.85682
G1 X32.87 Y78.684 E2318.88694
G1 X32.758 Y79.598 E2318.91757
G1 X32.514 Y80.434 E2318.94654
G1 X32.138 Y81.227 E2318.97573
G1 X31.613 Y82.002 E2319.00686
G1 X30.99 Y82.656 E2319.0369
G1 X30.221 Y83.219 E2319.0686
G1 F2700 E2314.0686
G0 F11250 X30.36 Y83.486
G0 X19.708 Y102.541
G0 X18.304 Y107.782
G0 X17.187 Y112.064
G1 F2700 E2319.0686
G1 F2250 X17.092 Y111.997 E2319.07247
G1 X16.849 Y111.327 E2319.09617
G1 X16.891 Y110.837 E2319.11253
G1 X18.972 Y103.065 E2319.38013
G1 X19.141 Y102.732 E2319.39255
G1 X19.522 Y102.365 E2319.41015
G1 X19.905 Y102.206 E2319.42394
G1 X20.188 Y102.155 E2319.4335
G1 X20.533 Y102.166 E2319.44499
G1 X24.563 Y103.25 E2319.58379
G1 X34.959 Y82.31 E2320.36136
G1 X35.246 Y81.691 E2320.38406
G1 X35.477 Y81.039 E2320.40706
G1 X35.665 Y80.338 E2320.4312
G1 X47.88 Y26.873 E2322.25528
G1 X48.003 Y26.107 E2322.28108
G1 X48.025 Y25.371 E2322.30557
G1 X47.945 Y24.639 E2322.33006
G1 X47.775 Y23.924 E2322.35451
G1 X47.511 Y23.239 E2322.37892
G1 X47.156 Y22.59 E2322.40353
G1 X46.713 Y21.987 E2322.42841
G1 X46.212 Y21.463 E2322.45253
G1 X45.629 Y20.995 E2322.47739
G1 X45.005 Y20.62 E2322.5016
G1 X44.334 Y20.329 E2322.52593
G1 X43.607 Y20.12 E2322.55109
G1 X42.893 Y20.015 E2322.57509
G1 X42.151 Y20.002 E2322.59978
G1 X41.419 Y20.088 E2322.62429
G1 X40.697 Y20.271 E2322.64906
G1 X40.023 Y20.539 E2322.67319
G1 X39.371 Y20.904 E2322.69804
G1 X38.788 Y21.343 E2322.72231
G1 X38.259 Y21.863 E2322.74699
G1 X37.801 Y22.449 E2322.77172
G1 X37.435 Y23.074 E2322.79581
G1 X37.132 Y23.791 E2322.8217
G1 X7.684 Y108.7 E2325.81081
G1 X7.684 Y112.064 E2325.9227
G1 X17.187 Y112.064 E2326.23877
G0 F11250 X19.071 Y112.464
G1 F2250 X17.979 Y112.165 E2326.27642
G1 X17.421 Y111.769 E2326.29918
G1 X17.247 Y111.291 E2326.3161
G1 X17.278 Y110.941 E2326.32779
G1 X19.347 Y103.224 E2326.59352
G1 X19.417 Y103.066 E2326.59927
G1 X19.6 Y102.829 E2326.60923
G1 X19.803 Y102.679 E2326.61762
G1 X20.015 Y102.59 E2326.62527
G1 X20.459 Y102.561 E2326.64007
G1 X24.776 Y103.721 E2326.78875
G1 X35.32 Y82.482 E2327.57742
G1 X35.601 Y81.864 E2327.6
G1 X35.611 Y81.859 E2327.60037
G1 X35.86 Y81.158 E2327.62511
G1 X36.049 Y80.454 E2327.64936
G1 X48.273 Y26.949 E2329.47479
G1 X48.402 Y26.145 E2329.50188
G1 X48.426 Y25.356 E2329.52813
G1 X48.34 Y24.571 E2329.5544
G1 X48.158 Y23.806 E2329.58055
G1 X47.874 Y23.07 E2329.60679
G1 X47.494 Y22.375 E2329.63314
G1 X47.02 Y21.729 E2329.65978
G1 X46.483 Y21.167 E2329.68564
G1 X45.858 Y20.667 E2329.71226
G1 X45.189 Y20.264 E2329.73824
G1 X44.469 Y19.952 E2329.76433
G1 X43.691 Y19.728 E2329.79126
G1 X42.926 Y19.615 E2329.81698
G1 X42.131 Y19.602 E2329.84343
G1 X41.347 Y19.694 E2329.86968
G1 X40.574 Y19.89 E2329.89621
G1 X39.851 Y20.177 E2329.92208
G1 X39.152 Y20.568 E2329.94872
G1 X38.527 Y21.04 E2329.97477
G1 X37.96 Y21.596 E2330.00118
G1 X37.469 Y22.224 E2330.02769
G1 X37.076 Y22.894 E2330.05353
G1 X36.759 Y23.647 E2330.0807
G1 X7.284 Y108.633 E2333.07252
G1 X7.284 Y112.464 E2333.19994
G1 X19.071 Y112.464 E2333.59198
G0 F11250 X20.214 Y112.614
G0 X20.683 Y112.863
G1 F2250 X20.851 Y112.522 E2333.60462
G1 X19.413 Y112.143 E2333.65409
G1 X18.085 Y111.779 E2333.69988
G1 X17.75 Y111.542 E2333.71353
G1 X17.646 Y111.255 E2333.72369
G1 X17.664 Y111.044 E2333.73073
G1 X19.725 Y103.355 E2333.99549
G1 X19.823 Y103.177 E2334.00225
G1 X20.062 Y102.997 E2334.0122
G1 X20.371 Y102.957 E2334.02257
G1 X24.989 Y104.192 E2334.18156
G1 X35.681 Y82.654 E2334.98133
G1 X35.964 Y82.034 E2335.004
G1 X35.976 Y82.026 E2335.00448
G1 X36.242 Y81.277 E2335.03091
G1 X36.437 Y80.551 E2335.05592
G1 X48.666 Y27.025 E2336.88207
G1 X48.801 Y26.183 E2336.91043
G1 X48.826 Y25.34 E2336.93848
G1 X48.735 Y24.503 E2336.96649
G1 X48.541 Y23.687 E2336.99438
G1 X48.238 Y22.902 E2337.02237
G1 X47.832 Y22.159 E2337.05053
G1 X47.327 Y21.471 E2337.07892
G1 X46.753 Y20.872 E2337.10651
G1 X46.087 Y20.338 E2337.1349
G1 X45.372 Y19.907 E2337.16267
G1 X44.604 Y19.574 E2337.19051
G1 X43.776 Y19.336 E2337.21917
G1 X42.958 Y19.216 E2337.24666
G1 X42.111 Y19.201 E2337.27484
G1 X41.274 Y19.3 E2337.30287
G1 X40.45 Y19.508 E2337.33114
G1 X39.679 Y19.815 E2337.35874
G1 X38.933 Y20.232 E2337.38717
G1 X38.265 Y20.736 E2337.415
G1 X37.661 Y21.329 E2337.44315
G1 X37.138 Y21.999 E2337.47142
G1 X36.718 Y22.714 E2337.499
G1 X36.385 Y23.504 E2337.52751
G1 X6.884 Y108.566 E2340.52201
G1 X6.884 Y112.864 E2340.66496
G1 X20.683 Y112.863 E2341.12392
G0 F11250 X20.931 Y113.263
;TYPE:WALL-OUTER
G1 F2250 X21.427 Y112.26 E2341.16113
G1 X19.519 Y111.757 E2341.22676
G1 X18.191 Y111.393 E2341.27256
G1 X18.079 Y111.314 E2341.27712
G1 X18.036 Y111.199 E2341.2812
G1 X20.107 Y103.474 E2341.54721
G1 X20.173 Y103.39 E2341.55076
G1 X20.319 Y103.353 E2341.55577
G1 X25.201 Y104.664 E2341.7239
G1 X36.043 Y82.826 E2342.53483
G1 X36.326 Y82.203 E2342.55758
G1 X36.341 Y82.194 E2342.55817
G1 X36.624 Y81.396 E2342.58633
G1 X36.835 Y80.606 E2342.61352
G1 X49.059 Y27.101 E2344.43896
G1 X49.2 Y26.221 E2344.4686
G1 X49.227 Y25.324 E2344.49845
G1 X49.13 Y24.435 E2344.52819
G1 X48.924 Y23.568 E2344.55783
G1 X48.602 Y22.733 E2344.5876
G1 X48.17 Y21.944 E2344.61752
G1 X47.634 Y21.213 E2344.64767
G1 X47.024 Y20.576 E2344.677
G1 X46.317 Y20.009 E2344.70714
G1 X45.556 Y19.551 E2344.73669
G1 X44.74 Y19.197 E2344.76627
G1 X43.861 Y18.944 E2344.79669
G1 X42.991 Y18.816 E2344.82594
G1 X42.091 Y18.801 E2344.85588
G1 X41.201 Y18.906 E2344.88569
G1 X40.326 Y19.127 E2344.9157
G1 X39.507 Y19.453 E2344.94502
G1 X38.714 Y19.896 E2344.97523
G1 X38.003 Y20.432 E2345.00485
G1 X37.362 Y21.062 E2345.03474
G1 X36.806 Y21.773 E2345.06476
G1 X36.36 Y22.534 E2345.0941
G1 X36.011 Y23.36 E2345.12392
G1 X6.484 Y108.498 E2348.12109
G1 X6.484 Y113.264 E2348.27961
G1 X20.931 Y113.263 E2348.76011
G1 F2700 E2343.76011
G0 F11250 X20.214 Y112.614
G0 X17.232 Y111.784
G0 X19.708 Y102.541
G0 X30.48 Y83.411
G0 X30.06 Y82.849
G1 F2700 E2348.76011
G1 F2250 X29.3 Y83.25 E2348.78869
G1 X28.504 Y83.514 E2348.81659
G1 X27.704 Y83.642 E2348.84353
G1 X26.872 Y83.644 E2348.87121
G1 X26.012 Y83.506 E2348.90018
G1 X25.231 Y83.245 E2348.92757
G1 X24.484 Y82.849 E2348.95569
G1 X23.811 Y82.343 E2348.98369
G1 X23.235 Y81.738 E2349.01147
G1 X22.763 Y81.047 E2349.03931
G1 X22.403 Y80.288 E2349.06725
G1 X22.177 Y79.489 E2349.09486
G1 X22.077 Y78.685 E2349.12181
G1 X22.115 Y77.812 E2349.15088
G1 X22.271 Y77.032 E2349.17733
G1 X22.582 Y76.215 E2349.20641
G1 X22.982 Y75.523 E2349.23299
G1 X23.512 Y74.869 E2349.26099
G1 X24.16 Y74.295 E2349.28978
G1 X24.869 Y73.847 E2349.31768
G1 X25.644 Y73.521 E2349.34564
G1 X26.451 Y73.328 E2349.37324
G1 X27.289 Y73.26 E2349.4012
G1 X28.113 Y73.33 E2349.42871
G1 X28.917 Y73.526 E2349.45623
G1 X29.675 Y73.847 E2349.48361
G1 X30.409 Y74.314 E2349.51255
G1 X31.032 Y74.869 E2349.5403
G1 X31.562 Y75.523 E2349.5683
G1 X31.962 Y76.215 E2349.59488
G1 X32.264 Y77.005 E2349.62301
G1 X32.436 Y77.844 E2349.6515
G1 X32.467 Y78.684 E2349.67945
G1 X32.368 Y79.509 E2349.70709
G1 X32.137 Y80.3 E2349.7345
G1 X31.78 Y81.049 E2349.76209
G1 X31.309 Y81.738 E2349.78985
G1 X30.712 Y82.365 E2349.81865
G1 X30.06 Y82.849 E2349.84566
G0 F11250 X30.48 Y83.411
G0 X29.787 Y84.429
;TYPE:FILL
G1 F4500 X25.061 Y102.068 E2350.45302
G0 F11250 X26.391 Y99.391
G1 F4500 X14.961 Y87.961 E2350.99066
G0 F11250 X15.148 Y87.423
G1 F4500 X25.443 Y84.665 E2351.34514
G0 F11250 X23.723 Y83.878
G1 F4500 X16.192 Y111.985 E2352.31296
G1 X16.216 Y111.984
G1 X16.94 Y111.79 E2352.33789
G0 F11250 X13.528 Y111.984
G1 F4500 X8.405 Y106.862 E2352.57884
G0 F11250 X8.023 Y107.967
G1 F4500 X18.315 Y105.21 E2352.93322
G0 F11250 X17.666 Y107.637
G1 F4500 X10.591 Y100.562 E2353.26601
G0 F11250 X10.398 Y101.119
G1 F4500 X27.853 Y96.442 E2353.86704
G0 F11250 X29.205 Y93.72
G1 F4500 X17.146 Y81.661 E2354.43426
G0 F11250 X17.523 Y80.575
G1 F4500 X20.909 Y79.668 E2354.55085
G0 F11250 X20.973 Y77.003
G1 F4500 X19.331 Y75.361 E2354.62808
G0 F11250 X19.898 Y73.727
G1 F4500 X38.214 Y68.819 E2355.25877
G1 X38.221 Y68.794
G1 X25.886 Y56.46 E2355.83895
G0 F11250 X27.024 Y53.183
G1 F4500 X42.75 Y48.969 E2356.38045
G0 F11250 X42.955 Y48.073
G1 F4500 X32.441 Y37.559 E2356.87499
G0 F11250 X31.774 Y39.487
G1 F4500 X45.773 Y35.736 E2357.35703
G0 F11250 X46.112 Y34.259
G1 F4500 X36.812 Y24.959 E2357.79447
G0 F11250 X36.524 Y25.791
G1 F4500 X47.244 Y22.918 E2358.1636
G0 F11250 X46.537 Y21.918
G1 F4500 X32.432 Y74.559 E2359.97621
G0 F11250 X33.375 Y76.328
G1 F4500 X36.702 Y75.436 E2360.09078
G0 F11250 X36.642 Y75.701
G1 F4500 X23.702 Y62.761 E2360.69943
G0 F11250 X24.648 Y60.031
G1 F4500 X41.238 Y55.586 E2361.27068
G0 F11250 X41.377 Y54.98
G1 F4500 X30.256 Y43.86 E2361.79376
G0 F11250 X29.398 Y46.335
G1 F4500 X44.261 Y42.353 E2362.30554
G0 F11250 X44.534 Y41.166
G1 F4500 X34.627 Y31.26 E2362.77151
G0 F11250 X34.148 Y32.639
G1 F4500 X47.285 Y29.119 E2363.22386
G0 F11250 X47.69 Y27.352
G1 F4500 X40.696 Y20.358 E2363.55284
G1 X40.748 Y20.341
G1 X26.904 Y72.006 E2365.33184
G0 F11250 X24.899 Y72.443
G1 F4500 X21.517 Y69.061 E2365.49092
G0 F11250 X21.363 Y69.502
G1 F4500 X9.98 Y111.985 E2366.95375
G0 F11250 X19.708 Y102.541
G0 X20.631 Y102.116
G1 F4500 X12.776 Y94.262 E2367.3232
G1 X12.773 Y94.271
G1 X31.409 Y89.278 E2367.9649
G0 F11250 X32.019 Y88.049
G1 F4500 X28.74 Y84.769 E2368.11916
G0 F11250 X31.954 Y82.92
G1 F4500 X34.959 Y82.115 E2368.22263
G0 F11250 X34.834 Y82.379
G1 F4500 X33.298 Y80.842 E2368.2949
G0 F11250 X33.074 Y77.758
G0 X32.886 Y76.836
G0 X32.552 Y75.958
G0 X32.082 Y75.144
G0 X31.487 Y74.415
G0 X22.274 Y66.879
G1 F4500 X39.726 Y62.203 E2368.89583
G0 F11250 X39.799 Y61.887
G1 F4500 X28.071 Y50.16 E2369.44746
G1 F2700 E2364.44746
;MESH:NONMESH
G0 F300 X28.071 Y50.16 Z7.8
G0 F11250 X33.074 Y77.758
G0 X33.111 Y78.697
G0 X32.998 Y79.631
G0 X32.736 Y80.534
G0 X32.409 Y81.221
G0 X30.694 Y83.873
;TIME_ELAPSED:2338.894760
;LAYER:38
;TYPE:WALL-INNER
;MESH:Sperrklinke
G1 F2700 E2369.44746
G1 F2250 X29.787 Y84.353 E2369.48159
G1 X28.806 Y84.681 E2369.51599
G1 X27.788 Y84.844 E2369.55028
G1 X26.755 Y84.844 E2369.58464
G1 X25.738 Y84.681 E2369.6189
G1 X24.77 Y84.353 E2369.65289
G1 X23.858 Y83.879 E2369.68708
G1 X23.025 Y83.256 E2369.72167
G1 X22.307 Y82.507 E2369.75618
G1 X21.728 Y81.663 E2369.79023
G1 X21.282 Y80.729 E2369.82465
G1 X20.999 Y79.742 E2369.8588
G1 X20.872 Y78.717 E2369.89315
G1 X20.918 Y77.686 E2369.92748
G1 X21.117 Y76.687 E2369.96136
G1 X21.484 Y75.718 E2369.99582
G1 X21.996 Y74.831 E2370.02989
G1 X22.652 Y74.026 E2370.06442
G1 X23.422 Y73.342 E2370.09868
G1 X24.296 Y72.787 E2370.13312
G1 X25.25 Y72.382 E2370.16759
G1 X26.247 Y72.141 E2370.2017
G1 X27.268 Y72.054 E2370.23578
G1 X28.309 Y72.146 E2370.27054
G1 X29.302 Y72.389 E2370.30454
G1 X30.246 Y72.786 E2370.33861
G1 X31.122 Y73.342 E2370.37311
G1 X31.892 Y74.026 E2370.40737
G1 X32.545 Y74.827 E2370.44174
G1 X33.057 Y75.714 E2370.47581
G1 X33.425 Y76.682 E2370.51025
G1 X33.63 Y77.676 E2370.54401
G1 X33.672 Y78.705 E2370.57826
G1 X33.552 Y79.733 E2370.61268
G1 X33.256 Y80.743 E2370.64769
G1 X32.817 Y81.663 E2370.68159
G1 X32.235 Y82.511 E2370.7158
G1 X31.52 Y83.26 E2370.75024
G1 X30.694 Y83.873 E2370.78445
G0 F11250 X30.472 Y83.539
G1 F2250 X29.633 Y83.983 E2370.81603
G1 X28.713 Y84.291 E2370.84829
G1 X27.755 Y84.444 E2370.88056
G1 X26.788 Y84.444 E2370.91272
G1 X25.836 Y84.291 E2370.94479
G1 X24.924 Y83.984 E2370.9768
G1 X24.07 Y83.539 E2371.00883
G1 X23.295 Y82.96 E2371.041
G1 X22.62 Y82.257 E2371.07342
G1 X22.074 Y81.462 E2371.1055
G1 X21.656 Y80.583 E2371.13787
G1 X21.393 Y79.666 E2371.1696
G1 X21.273 Y78.701 E2371.20194
G1 X21.324 Y77.692 E2371.23554
G1 X21.502 Y76.799 E2371.26583
G1 X21.849 Y75.885 E2371.29835
G1 X22.328 Y75.057 E2371.33016
G1 X22.944 Y74.3 E2371.36262
G1 X23.665 Y73.661 E2371.39467
G1 X24.477 Y73.145 E2371.42667
G1 X25.375 Y72.764 E2371.45911
G1 X26.31 Y72.537 E2371.49111
G1 X27.271 Y72.456 E2371.52319
G1 X28.241 Y72.537 E2371.55556
G1 X29.17 Y72.764 E2371.58737
G1 X30.067 Y73.145 E2371.61978
G1 X30.879 Y73.661 E2371.65178
G1 X31.603 Y74.303 E2371.68397
G1 X32.211 Y75.049 E2371.71598
G1 X32.693 Y75.883 E2371.74801
G1 X33.04 Y76.794 E2371.78044
G1 X33.231 Y77.725 E2371.81205
G1 X33.271 Y78.697 E2371.8444
G1 X33.149 Y79.687 E2371.87758
G1 X32.891 Y80.568 E2371.90811
G1 X32.468 Y81.465 E2371.9411
G1 X31.925 Y82.256 E2371.97301
G1 X31.257 Y82.957 E2372.00522
G1 X30.472 Y83.539 E2372.03772
G0 F11250 X30.221 Y83.219
G1 F2250 X29.476 Y83.612 E2372.06573
G1 X28.614 Y83.902 E2372.09598
G1 X27.723 Y84.044 E2372.12599
G1 X26.82 Y84.044 E2372.15603
G1 X25.931 Y83.901 E2372.18597
G1 X25.077 Y83.615 E2372.21593
G1 X24.282 Y83.198 E2372.24579
G1 X23.555 Y82.654 E2372.27599
G1 X22.935 Y82.008 E2372.30577
G1 X22.422 Y81.26 E2372.33594
G1 X22.033 Y80.448 E2372.36588
G1 X21.785 Y79.583 E2372.39581
G1 X21.674 Y78.683 E2372.42597
G1 X21.719 Y77.756 E2372.45684
G1 X21.901 Y76.875 E2372.48676
G1 X22.213 Y76.055 E2372.51594
G1 X22.659 Y75.284 E2372.54557
G1 X23.202 Y74.616 E2372.5742
G1 X23.903 Y73.984 E2372.60559
G1 X24.669 Y73.498 E2372.63576
G1 X25.503 Y73.143 E2372.66591
G1 X26.326 Y72.944 E2372.69407
G1 X27.271 Y72.857 E2372.72564
G1 X28.178 Y72.936 E2372.75592
G1 X29.005 Y73.135 E2372.78421
G1 X29.873 Y73.497 E2372.81549
G1 X30.638 Y73.983 E2372.84563
G1 X31.311 Y74.577 E2372.87549
G1 X31.883 Y75.279 E2372.90561
G1 X32.33 Y76.053 E2372.93534
G1 X32.654 Y76.905 E2372.96565
G1 X32.834 Y77.779 E2372.99533
G1 X32.87 Y78.684 E2373.02546
G1 X32.758 Y79.598 E2373.05608
G1 X32.514 Y80.434 E2373.08505
G1 X32.138 Y81.227 E2373.11424
G1 X31.613 Y82.002 E2373.14537
G1 X30.99 Y82.656 E2373.17542
G1 X30.221 Y83.219 E2373.20711
G1 F2700 E2368.20711
G0 F11250 X30.36 Y83.486
G0 X19.667 Y102.692
G0 X17.272 Y111.635
G0 X17.346 Y112.065
G1 F2700 E2373.20711
G1 F2250 X17.275 Y112.023 E2373.20986
G1 X16.957 Y111.501 E2373.23019
G1 X16.884 Y111.037 E2373.24581
G1 X16.931 Y110.689 E2373.25749
G1 X18.932 Y103.219 E2373.5147
G1 X19.1 Y102.886 E2373.52711
G1 X19.419 Y102.578 E2373.54186
G1 X19.713 Y102.411 E2373.5531
G1 X20.005 Y102.325 E2373.56323
G1 X20.276 Y102.304 E2373.57227
G1 X20.611 Y102.35 E2373.58351
G1 X24.498 Y103.381 E2373.71727
G1 X34.959 Y82.31 E2374.49971
G1 X35.246 Y81.691 E2374.5224
G1 X35.477 Y81.039 E2374.54541
G1 X35.665 Y80.338 E2374.56955
G1 X47.88 Y26.873 E2376.39362
G1 X48.003 Y26.107 E2376.41942
G1 X48.025 Y25.371 E2376.44391
G1 X47.945 Y24.639 E2376.4684
G1 X47.775 Y23.924 E2376.49285
G1 X47.511 Y23.239 E2376.51727
G1 X47.156 Y22.59 E2376.54187
G1 X46.713 Y21.987 E2376.56676
G1 X46.212 Y21.463 E2376.59087
G1 X45.629 Y20.995 E2376.61573
G1 X45.005 Y20.62 E2376.63995
G1 X44.334 Y20.329 E2376.66427
G1 X43.607 Y20.12 E2376.68943
G1 X42.893 Y20.015 E2376.71344
G1 X42.151 Y20.002 E2376.73812
G1 X41.419 Y20.088 E2376.76263
G1 X40.697 Y20.271 E2376.78741
G1 X40.023 Y20.539 E2376.81153
G1 X39.371 Y20.904 E2376.83638
G1 X38.788 Y21.343 E2376.86066
G1 X38.259 Y21.863 E2376.88533
G1 X37.801 Y22.449 E2376.91006
G1 X37.435 Y23.074 E2376.93415
G1 X37.132 Y23.791 E2376.96004
G1 X7.684 Y108.7 E2379.94915
G1 X7.684 Y112.064 E2380.06104
G1 X17.346 Y112.065 E2380.3824
G0 F11250 X19.671 Y112.464
G1 F2250 X18.022 Y112.017 E2380.43922
G1 X17.563 Y111.746 E2380.45695
G1 X17.336 Y111.373 E2380.47148
G1 X17.284 Y111.041 E2380.48265
G1 X17.318 Y110.793 E2380.49098
G1 X19.333 Y103.267 E2380.75011
G1 X19.559 Y102.982 E2380.76221
G1 X19.761 Y102.832 E2380.77058
G1 X19.972 Y102.743 E2380.77819
G1 X20.269 Y102.704 E2380.78816
G1 X20.509 Y102.737 E2380.79621
G1 X24.711 Y103.852 E2380.94081
G1 X35.32 Y82.482 E2381.73435
G1 X35.601 Y81.864 E2381.75693
G1 X35.611 Y81.859 E2381.7573
G1 X35.86 Y81.158 E2381.78204
G1 X36.049 Y80.454 E2381.80628
G1 X48.273 Y26.949 E2383.63172
G1 X48.402 Y26.145 E2383.6588
G1 X48.426 Y25.356 E2383.68506
G1 X48.34 Y24.571 E2383.71132
G1 X48.158 Y23.806 E2383.73748
G1 X47.874 Y23.07 E2383.76372
G1 X47.494 Y22.375 E2383.79006
G1 X47.02 Y21.729 E2383.81671
G1 X46.483 Y21.167 E2383.84257
G1 X45.858 Y20.667 E2383.86919
G1 X45.189 Y20.264 E2383.89516
G1 X44.469 Y19.952 E2383.92126
G1 X43.691 Y19.728 E2383.94819
G1 X42.926 Y19.615 E2383.97391
G1 X42.131 Y19.602 E2384.00035
G1 X41.347 Y19.694 E2384.02661
G1 X40.574 Y19.89 E2384.05313
G1 X39.851 Y20.177 E2384.07901
G1 X39.152 Y20.568 E2384.10564
G1 X38.527 Y21.04 E2384.13169
G1 X37.96 Y21.596 E2384.15811
G1 X37.469 Y22.224 E2384.18462
G1 X37.076 Y22.894 E2384.21046
G1 X36.759 Y23.647 E2384.23763
G1 X7.284 Y108.633 E2387.22945
G1 X7.284 Y112.464 E2387.35687
G1 X19.671 Y112.464 E2387.76886
G0 F11250 X20.508 Y112.579
G0 X20.683 Y112.864
G1 F2250 X20.918 Y112.389 E2387.78649
G1 X18.127 Y111.631 E2387.88268
G1 X17.851 Y111.468 E2387.89334
G1 X17.715 Y111.245 E2387.90203
G1 X17.677 Y110.998 E2387.91034
G1 X19.685 Y103.507 E2388.16829
G1 X19.782 Y103.33 E2388.175
G1 X19.895 Y103.221 E2388.18022
G1 X20.084 Y103.127 E2388.18725
G1 X20.329 Y103.109 E2388.19542
G1 X24.924 Y104.322 E2388.35348
G1 X35.681 Y82.654 E2389.15809
G1 X35.964 Y82.034 E2389.18075
G1 X35.976 Y82.026 E2389.18123
G1 X36.242 Y81.277 E2389.20767
G1 X36.437 Y80.551 E2389.23267
G1 X48.666 Y27.025 E2391.05883
G1 X48.801 Y26.183 E2391.08719
G1 X48.826 Y25.34 E2391.11524
G1 X48.735 Y24.503 E2391.14324
G1 X48.541 Y23.687 E2391.17114
G1 X48.238 Y22.902 E2391.19913
G1 X47.832 Y22.159 E2391.22729
G1 X47.327 Y21.471 E2391.25567
G1 X46.753 Y20.872 E2391.28327
G1 X46.087 Y20.338 E2391.31166
G1 X45.372 Y19.907 E2391.33943
G1 X44.604 Y19.574 E2391.36727
G1 X43.776 Y19.336 E2391.39592
G1 X42.958 Y19.216 E2391.42342
G1 X42.111 Y19.201 E2391.4516
G1 X41.274 Y19.3 E2391.47963
G1 X40.45 Y19.508 E2391.50789
G1 X39.679 Y19.815 E2391.5355
G1 X38.933 Y20.232 E2391.56392
G1 X38.265 Y20.736 E2391.59175
G1 X37.661 Y21.329 E2391.61991
G1 X37.138 Y21.999 E2391.64818
G1 X36.718 Y22.714 E2391.67576
G1 X36.385 Y23.504 E2391.70427
G1 X6.884 Y108.566 E2394.69876
G1 X6.884 Y112.864 E2394.84172
G1 X20.683 Y112.864 E2395.30067
G0 F11250 X20.931 Y113.264
;TYPE:WALL-OUTER
G1 F2250 X21.492 Y112.13 E2395.34275
G1 X18.231 Y111.245 E2395.45514
G1 X18.139 Y111.191 E2395.45869
G1 X18.081 Y111.032 E2395.46432
G1 X20.067 Y103.626 E2395.71934
G1 X20.153 Y103.529 E2395.72365
G1 X20.278 Y103.505 E2395.72789
G1 X25.137 Y104.792 E2395.89507
G1 X36.043 Y82.826 E2396.71076
G1 X36.326 Y82.203 E2396.73351
G1 X36.341 Y82.194 E2396.7341
G1 X36.624 Y81.396 E2396.76226
G1 X36.835 Y80.606 E2396.78945
G1 X49.059 Y27.101 E2398.61489
G1 X49.2 Y26.221 E2398.64453
G1 X49.227 Y25.324 E2398.67438
G1 X49.13 Y24.435 E2398.70412
G1 X48.924 Y23.568 E2398.73376
G1 X48.602 Y22.733 E2398.76353
G1 X48.17 Y21.944 E2398.79345
G1 X47.634 Y21.213 E2398.8236
G1 X47.024 Y20.576 E2398.85293
G1 X46.317 Y20.009 E2398.88307
G1 X45.556 Y19.551 E2398.91262
G1 X44.74 Y19.197 E2398.9422
G1 X43.861 Y18.944 E2398.97262
G1 X42.991 Y18.816 E2399.00187
G1 X42.091 Y18.801 E2399.03181
G1 X41.201 Y18.906 E2399.06162
G1 X40.326 Y19.127 E2399.09163
G1 X39.507 Y19.453 E2399.12095
G1 X38.714 Y19.896 E2399.15116
G1 X38.003 Y20.432 E2399.18078
G1 X37.362 Y21.062 E2399.21067
G1 X36.806 Y21.773 E2399.24069
G1 X36.36 Y22.534 E2399.27003
G1 X36.011 Y23.36 E2399.29985
G1 X6.484 Y108.498 E2402.29702
G1 X6.484 Y113.264 E2402.45554
G1 X20.931 Y113.264 E2402.93604
G1 F2700 E2397.93604
G0 F11250 X20.508 Y112.579
G0 X17.272 Y111.635
G0 X19.667 Y102.692
G0 X30.48 Y83.411
G0 X30.06 Y82.849
G1 F2700 E2402.93604
G1 F2250 X29.3 Y83.25 E2402.96462
G1 X28.504 Y83.514 E2402.99252
G1 X27.704 Y83.642 E2403.01946
G1 X26.84 Y83.642 E2403.0482
G1 X26.012 Y83.506 E2403.07611
G1 X25.231 Y83.245 E2403.1035
G1 X24.484 Y82.849 E2403.13162
G1 X23.811 Y82.343 E2403.15962
G1 X23.235 Y81.738 E2403.18741
G1 X22.763 Y81.047 E2403.21524
G1 X22.403 Y80.288 E2403.24318
G1 X22.177 Y79.489 E2403.2708
G1 X22.077 Y78.685 E2403.29774
G1 X22.115 Y77.812 E2403.32681
G1 X22.271 Y77.032 E2403.35327
G1 X22.582 Y76.215 E2403.38234
G1 X22.982 Y75.523 E2403.40893
G1 X23.512 Y74.869 E2403.43692
G1 X24.16 Y74.295 E2403.46572
G1 X24.869 Y73.847 E2403.49361
G1 X25.644 Y73.521 E2403.52157
G1 X26.451 Y73.328 E2403.54917
G1 X27.289 Y73.26 E2403.57714
G1 X28.113 Y73.33 E2403.60464
G1 X28.917 Y73.526 E2403.63217
G1 X29.675 Y73.847 E2403.65954
G1 X30.409 Y74.314 E2403.68848
G1 X31.032 Y74.869 E2403.71623
G1 X31.562 Y75.523 E2403.74423
G1 X31.962 Y76.215 E2403.77081
G1 X32.264 Y77.005 E2403.79894
G1 X32.436 Y77.844 E2403.82743
G1 X32.467 Y78.684 E2403.85539
G1 X32.368 Y79.509 E2403.88302
G1 X32.137 Y80.3 E2403.91043
G1 X31.78 Y81.049 E2403.93803
G1 X31.309 Y81.738 E2403.96579
G1 X30.712 Y82.365 E2403.99458
G1 X30.06 Y82.849 E2404.02159
G0 F11250 X30.48 Y83.411
G0 X29.624 Y84.491
;TYPE:FILL
G1 F4500 X24.745 Y102.703 E2404.64868
G0 F11250 X21.114 Y102.4
G1 F4500 X12.827 Y94.113 E2405.03848
G0 F11250 X12.717 Y94.432
G1 F4500 X31.326 Y89.446 E2405.67925
G0 F11250 X32.086 Y87.916
G1 F4500 X28.9 Y84.73 E2405.82911
G0 F11250 X25.699 Y84.742
G1 F4500 X15.093 Y87.584 E2406.19431
G0 F11250 X15.013 Y87.813
G1 F4500 X26.456 Y99.257 E2406.73258
G0 F11250 X27.769 Y96.611
G1 F4500 X10.343 Y101.28 E2407.33261
G0 F11250 X10.642 Y100.413
G1 F4500 X17.71 Y107.482 E2407.66509
G0 F11250 X18.276 Y105.366
G1 F4500 X7.967 Y108.128 E2408.02006
G0 F11250 X8.457 Y106.714
G1 F4500 X13.728 Y111.985 E2408.26799
G0 F11250 X16.046 Y111.986
G1 F4500 X23.601 Y83.787 E2409.23897
G0 F11250 X20.935 Y79.807
G1 F4500 X17.467 Y80.736 E2409.35839
G0 F11250 X17.198 Y81.513
G1 F4500 X29.271 Y93.586 E2409.92626
G0 F11250 X31.768 Y83.116
G1 F4500 X34.882 Y82.282 E2410.03349
G1 X34.9 Y82.245
G1 X33.352 Y80.697 E2410.1063
G0 F11250 X33.426 Y76.46
G1 F4500 X36.666 Y75.592 E2410.21786
G1 X36.68 Y75.54
G1 X23.752 Y62.612 E2410.82596
G0 F11250 X24.593 Y60.192
G1 F4500 X41.202 Y55.742 E2411.39786
G0 F11250 X41.414 Y54.818
G1 F4500 X30.308 Y43.712 E2411.92025
G0 F11250 X29.343 Y46.496
G1 F4500 X44.226 Y42.508 E2412.43272
G0 F11250 X44.57 Y41.004
G1 F4500 X34.678 Y31.111 E2412.89804
G0 F11250 X34.093 Y32.8
G1 F4500 X47.25 Y29.274 E2413.35108
G0 F11250 X47.727 Y27.19
G1 F4500 X40.852 Y20.315 E2413.67446
G0 F11250 X40.586 Y20.401
G1 F4500 X26.755 Y72.019 E2415.45185
G1 X26.852 Y72.01
G1 X38.178 Y68.975 E2415.84184
G0 F11250 X38.257 Y68.632
G1 F4500 X25.937 Y56.312 E2416.42134
G0 F11250 X26.967 Y53.344
G1 F4500 X42.714 Y49.125 E2416.96356
G0 F11250 X42.992 Y47.911
G1 F4500 X32.493 Y37.412 E2417.4574
G0 F11250 X31.717 Y39.648
G1 F4500 X45.738 Y35.891 E2417.94019
G0 F11250 X46.149 Y34.097
G1 F4500 X36.863 Y24.811 E2418.37697
G0 F11250 X36.467 Y25.952
G1 F4500 X47.315 Y23.045 E2418.75051
G0 F11250 X46.423 Y21.8
G1 F4500 X32.322 Y74.424 E2420.56254
G0 F11250 X29.123 Y72.921
G0 X28.384 Y72.739
G0 X25.039 Y72.384
G1 F4500 X21.567 Y68.913 E2420.72583
G0 F11250 X22.217 Y67.04
G1 F4500 X39.69 Y62.358 E2421.32748
G0 F11250 X39.836 Y61.725
G1 F4500 X28.123 Y50.012 E2421.87843
G0 F11250 X20.721 Y71.353
G1 F4500 X9.834 Y111.985 E2423.27752
G0 F11250 X16.757 Y111.985
G1 F4500 X17.066 Y111.902 E2423.28816
G1 F2700 E2418.28816
G0 F11250 X21.006 Y76.836
G1 F2700 E2423.28816
G1 F4500 X19.383 Y75.213 E2423.36451
G0 F11250 X19.843 Y73.888
G1 F4500 X24.345 Y72.682 E2423.51952
;MESH:NONMESH
G0 F300 X24.345 Y72.682 Z8
G0 F11250 X27.274 Y72.619
G0 X28.211 Y72.696
G0 X29.123 Y72.921
G0 X29.989 Y73.289
G0 X30.784 Y73.792
G0 X31.487 Y74.415
G0 X32.082 Y75.144
G0 X32.552 Y75.958
G0 X32.886 Y76.836
G0 X33.074 Y77.758
G0 X33.111 Y78.697
G0 X32.998 Y79.631
G0 X32.736 Y80.534
G0 X32.409 Y81.221
G0 X30.691 Y83.875
;TIME_ELAPSED:2387.876134
;LAYER:39
;TYPE:WALL-INNER
;MESH:Sperrklinke
G1 F2250 X29.79 Y84.352 E2423.55343
G1 X28.806 Y84.681 E2423.58794
G1 X27.788 Y84.844 E2423.62223
G1 X26.755 Y84.844 E2423.65659
G1 X25.738 Y84.681 E2423.69084
G1 X24.77 Y84.353 E2423.72484
G1 X23.858 Y83.879 E2423.75902
G1 X23.025 Y83.256 E2423.79362
G1 X22.307 Y82.507 E2423.82813
G1 X21.728 Y81.663 E2423.86217
G1 X21.282 Y80.729 E2423.8966
G1 X20.999 Y79.742 E2423.93075
G1 X20.872 Y78.717 E2423.9651
G1 X20.918 Y77.686 E2423.99942
G1 X21.117 Y76.687 E2424.0333
G1 X21.484 Y75.718 E2424.06777
G1 X21.996 Y74.831 E2424.10183
G1 X22.652 Y74.026 E2424.13637
G1 X23.422 Y73.342 E2424.17063
G1 X24.296 Y72.787 E2424.20506
G1 X25.25 Y72.382 E2424.23953
G1 X26.247 Y72.141 E2424.27365
G1 X27.268 Y72.054 E2424.30773
G1 X28.309 Y72.146 E2424.34249
G1 X29.302 Y72.389 E2424.37649
G1 X30.246 Y72.786 E2424.41055
G1 X31.122 Y73.342 E2424.44506
G1 X31.892 Y74.026 E2424.47932
G1 X32.545 Y74.827 E2424.51369
G1 X33.057 Y75.714 E2424.54775
G1 X33.425 Y76.682 E2424.5822
G1 X33.63 Y77.676 E2424.61595
G1 X33.672 Y78.705 E2424.65021
G1 X33.552 Y79.733 E2424.68463
G1 X33.256 Y80.743 E2424.71963
G1 X32.817 Y81.663 E2424.75354
G1 X32.235 Y82.51 E2424.78772
G1 X31.525 Y83.257 E2424.822
G1 X30.691 Y83.875 E2424.85652
G0 F11250 X30.468 Y83.541
G1 F2250 X29.633 Y83.983 E2424.88795
G1 X28.713 Y84.291 E2424.92021
G1 X27.756 Y84.444 E2424.95245
G1 X26.788 Y84.444 E2424.98464
G1 X25.836 Y84.291 E2425.01671
G1 X24.924 Y83.984 E2425.04872
G1 X24.07 Y83.539 E2425.08075
G1 X23.295 Y82.96 E2425.11292
G1 X22.62 Y82.257 E2425.14534
G1 X22.074 Y81.462 E2425.17742
G1 X21.656 Y80.583 E2425.20979
G1 X21.393 Y79.666 E2425.24152
G1 X21.273 Y78.701 E2425.27386
G1 X21.324 Y77.692 E2425.30746
G1 X21.502 Y76.799 E2425.33775
G1 X21.849 Y75.885 E2425.37027
G1 X22.328 Y75.057 E2425.40208
G1 X22.944 Y74.3 E2425.43454
G1 X23.665 Y73.661 E2425.46659
G1 X24.477 Y73.145 E2425.49859
G1 X25.375 Y72.764 E2425.53103
G1 X26.31 Y72.537 E2425.56303
G1 X27.271 Y72.456 E2425.59511
G1 X28.241 Y72.537 E2425.62748
G1 X29.17 Y72.764 E2425.65929
G1 X30.067 Y73.145 E2425.6917
G1 X30.879 Y73.661 E2425.7237
G1 X31.603 Y74.303 E2425.75589
G1 X32.211 Y75.049 E2425.7879
G1 X32.693 Y75.883 E2425.81993
G1 X33.04 Y76.794 E2425.85236
G1 X33.231 Y77.725 E2425.88397
G1 X33.271 Y78.697 E2425.91632
G1 X33.149 Y79.687 E2425.9495
G1 X32.891 Y80.568 E2425.98003
G1 X32.468 Y81.465 E2426.01302
G1 X31.925 Y82.256 E2426.04493
G1 X31.257 Y82.957 E2426.07714
G1 X30.468 Y83.541 E2426.10979
G0 F11250 X30.221 Y83.219
G1 F2250 X29.476 Y83.612 E2426.1378
G1 X28.614 Y83.902 E2426.16805
G1 X27.723 Y84.044 E2426.19806
G1 X26.82 Y84.044 E2426.22809
G1 X25.931 Y83.901 E2426.25804
G1 X25.077 Y83.615 E2426.288
G1 X24.282 Y83.198 E2426.31785
G1 X23.555 Y82.654 E2426.34805
G1 X22.935 Y82.008 E2426.37783
G1 X22.422 Y81.26 E2426.408
G1 X22.033 Y80.448 E2426.43795
G1 X21.785 Y79.583 E2426.46788
G1 X21.674 Y78.683 E2426.49804
G1 X21.719 Y77.756 E2426.52891
G1 X21.901 Y76.875 E2426.55883
G1 X22.213 Y76.055 E2426.58801
G1 X22.659 Y75.284 E2426.61763
G1 X23.202 Y74.616 E2426.64627
G1 X23.903 Y73.984 E2426.67766
G1 X24.669 Y73.498 E2426.70783
G1 X25.503 Y73.143 E2426.73798
G1 X26.326 Y72.944 E2426.76614
G1 X27.271 Y72.857 E2426.7977
G1 X28.178 Y72.936 E2426.82798
G1 X29.005 Y73.135 E2426.85628
G1 X29.873 Y73.497 E2426.88756
G1 X30.638 Y73.983 E2426.9177
G1 X31.311 Y74.577 E2426.94756
G1 X31.883 Y75.279 E2426.97767
G1 X32.33 Y76.053 E2427.0074
G1 X32.654 Y76.905 E2427.03772
G1 X32.834 Y77.779 E2427.0674
G1 X32.87 Y78.684 E2427.09752
G1 X32.758 Y79.598 E2427.12815
G1 X32.514 Y80.434 E2427.15712
G1 X32.138 Y81.227 E2427.18631
G1 X31.613 Y82.002 E2427.21744
G1 X30.99 Y82.656 E2427.24748
G1 X30.221 Y83.219 E2427.27918
G1 F2700 E2422.27918
G0 F11250 X30.36 Y83.486
G0 X19.627 Y102.843
G0 X17.312 Y111.484
G0 X17.641 Y112.064
G1 F2700 E2427.27918
G1 F2250 X17.311 Y111.868 E2427.29195
G1 X16.996 Y111.346 E2427.31223
G1 X16.924 Y110.884 E2427.32778
G1 X16.971 Y110.537 E2427.33942
G1 X18.859 Y103.489 E2427.58211
G1 X19.008 Y103.136 E2427.59485
G1 X19.24 Y102.843 E2427.60728
G1 X19.522 Y102.633 E2427.61897
G1 X19.882 Y102.48 E2427.63198
G1 X20.232 Y102.452 E2427.64366
G1 X20.576 Y102.5 E2427.65522
G1 X24.42 Y103.534 E2427.78761
G1 X34.959 Y82.31 E2428.57576
G1 X35.246 Y81.691 E2428.59846
G1 X35.477 Y81.039 E2428.62146
G1 X35.665 Y80.338 E2428.6456
G1 X47.88 Y26.873 E2430.46968
G1 X48.003 Y26.107 E2430.49548
G1 X48.025 Y25.371 E2430.51997
G1 X47.945 Y24.639 E2430.54446
G1 X47.775 Y23.924 E2430.5689
G1 X47.511 Y23.239 E2430.59332
G1 X47.156 Y22.59 E2430.61793
G1 X46.713 Y21.987 E2430.64281
G1 X46.212 Y21.463 E2430.66692
G1 X45.629 Y20.995 E2430.69179
G1 X45.005 Y20.62 E2430.716
G1 X44.334 Y20.329 E2430.74033
G1 X43.607 Y20.12 E2430.76549
G1 X42.893 Y20.015 E2430.78949
G1 X42.151 Y20.002 E2430.81418
G1 X41.419 Y20.088 E2430.83869
G1 X40.697 Y20.271 E2430.86346
G1 X40.023 Y20.539 E2430.88759
G1 X39.371 Y20.904 E2430.91244
G1 X38.788 Y21.343 E2430.93671
G1 X38.259 Y21.863 E2430.96138
G1 X37.801 Y22.449 E2430.98612
G1 X37.435 Y23.074 E2431.01021
G1 X37.132 Y23.791 E2431.0361
G1 X7.684 Y108.7 E2434.02521
G1 X7.684 Y112.064 E2434.1371
G1 X17.641 Y112.064 E2434.46827
G0 F11250 X20.285 Y112.463
G1 F2250 X19.289 Y112.204 E2434.5025
G1 X18.058 Y111.865 E2434.54496
G1 X17.601 Y111.592 E2434.56267
G1 X17.375 Y111.219 E2434.57717
G1 X17.324 Y110.888 E2434.58831
G1 X17.358 Y110.641 E2434.59661
G1 X19.267 Y103.524 E2434.84169
G1 X19.352 Y103.34 E2434.84843
G1 X19.518 Y103.131 E2434.8573
G1 X19.719 Y102.981 E2434.86565
G1 X20.033 Y102.868 E2434.87675
G1 X20.472 Y102.886 E2434.89136
G1 X24.632 Y104.005 E2435.03464
G1 X35.32 Y82.482 E2435.8339
G1 X35.601 Y81.864 E2435.85648
G1 X35.611 Y81.859 E2435.85685
G1 X35.86 Y81.158 E2435.8816
G1 X36.049 Y80.454 E2435.90584
G1 X48.273 Y26.949 E2437.73128
G1 X48.402 Y26.145 E2437.75836
G1 X48.426 Y25.356 E2437.78461
G1 X48.34 Y24.571 E2437.81088
G1 X48.158 Y23.806 E2437.83703
G1 X47.874 Y23.07 E2437.86327
G1 X47.494 Y22.375 E2437.88962
G1 X47.02 Y21.729 E2437.91627
G1 X46.483 Y21.167 E2437.94212
G1 X45.858 Y20.667 E2437.96874
G1 X45.189 Y20.264 E2437.99472
G1 X44.469 Y19.952 E2438.02082
G1 X43.691 Y19.728 E2438.04775
G1 X42.926 Y19.615 E2438.07347
G1 X42.131 Y19.602 E2438.09991
G1 X41.347 Y19.694 E2438.12617
G1 X40.574 Y19.89 E2438.15269
G1 X39.851 Y20.177 E2438.17856
G1 X39.152 Y20.568 E2438.2052
G1 X38.527 Y21.04 E2438.23125
G1 X37.96 Y21.596 E2438.25766
G1 X37.469 Y22.224 E2438.28418
G1 X37.076 Y22.894 E2438.31001
G1 X36.759 Y23.647 E2438.33719
G1 X7.284 Y108.633 E2441.32901
G1 X7.284 Y112.464 E2441.45643
G1 X20.285 Y112.463 E2441.88884
G0 F11250 X20.683 Y112.864
G1 F2250 X20.995 Y112.237 E2441.91213
G1 X19.384 Y111.815 E2441.96752
G1 X18.164 Y111.479 E2442.00961
G1 X17.89 Y111.315 E2442.02023
G1 X17.755 Y111.091 E2442.02893
G1 X17.717 Y110.846 E2442.03718
G1 X19.662 Y103.593 E2442.28694
G1 X19.795 Y103.419 E2442.29422
G1 X19.979 Y103.298 E2442.30155
G1 X20.289 Y103.256 E2442.31195
G1 X24.845 Y104.476 E2442.46882
G1 X35.681 Y82.654 E2443.27918
G1 X35.964 Y82.034 E2443.30185
G1 X35.976 Y82.026 E2443.30233
G1 X36.242 Y81.277 E2443.32877
G1 X36.437 Y80.551 E2443.35377
G1 X48.666 Y27.025 E2445.17992
G1 X48.801 Y26.183 E2445.20829
G1 X48.826 Y25.34 E2445.23634
G1 X48.735 Y24.503 E2445.26434
G1 X48.541 Y23.687 E2445.29224
G1 X48.238 Y22.902 E2445.32022
G1 X47.832 Y22.159 E2445.34838
G1 X47.327 Y21.471 E2445.37677
G1 X46.753 Y20.872 E2445.40436
G1 X46.087 Y20.338 E2445.43276
G1 X45.372 Y19.907 E2445.46052
G1 X44.604 Y19.574 E2445.48837
G1 X43.776 Y19.336 E2445.51702
G1 X42.958 Y19.216 E2445.54452
G1 X42.111 Y19.201 E2445.57269
G1 X41.274 Y19.3 E2445.60073
G1 X40.45 Y19.508 E2445.62899
G1 X39.679 Y19.815 E2445.65659
G1 X38.933 Y20.232 E2445.68502
G1 X38.265 Y20.736 E2445.71285
G1 X37.661 Y21.329 E2445.741
G1 X37.138 Y21.999 E2445.76927
G1 X36.718 Y22.714 E2445.79685
G1 X36.385 Y23.504 E2445.82537
G1 X6.884 Y108.566 E2448.81986
G1 X6.884 Y112.864 E2448.96281
G1 X20.683 Y112.864 E2449.42177
G0 F11250 X20.931 Y113.264
;TYPE:WALL-OUTER
G1 F2250 X21.571 Y111.975 E2449.46964
G1 X19.49 Y111.429 E2449.54119
G1 X18.191 Y111.071 E2449.58601
G1 X18.121 Y110.88 E2449.59278
G1 X20.027 Y103.774 E2449.83748
G1 X20.134 Y103.667 E2449.84251
G1 X20.238 Y103.653 E2449.846
G1 X25.057 Y104.948 E2450.01197
G1 X36.043 Y82.826 E2450.83348
G1 X36.326 Y82.203 E2450.85624
G1 X36.341 Y82.194 E2450.85682
G1 X36.624 Y81.396 E2450.88498
G1 X36.835 Y80.606 E2450.91218
G1 X49.059 Y27.101 E2452.73762
G1 X49.2 Y26.221 E2452.76726
G1 X49.227 Y25.324 E2452.79711
G1 X49.13 Y24.435 E2452.82685
G1 X48.924 Y23.568 E2452.85649
G1 X48.602 Y22.733 E2452.88626
G1 X48.17 Y21.944 E2452.91617
G1 X47.634 Y21.213 E2452.94632
G1 X47.024 Y20.576 E2452.97566
G1 X46.317 Y20.009 E2453.0058
G1 X45.556 Y19.551 E2453.03534
G1 X44.74 Y19.197 E2453.06493
G1 X43.861 Y18.944 E2453.09535
G1 X42.991 Y18.816 E2453.1246
G1 X42.091 Y18.801 E2453.15453
G1 X41.201 Y18.906 E2453.18434
G1 X40.326 Y19.127 E2453.21436
G1 X39.507 Y19.453 E2453.24368
G1 X38.714 Y19.896 E2453.27389
G1 X38.003 Y20.432 E2453.3035
G1 X37.362 Y21.062 E2453.3334
G1 X36.806 Y21.773 E2453.36342
G1 X36.36 Y22.534 E2453.39275
G1 X36.011 Y23.36 E2453.42258
G1 X6.484 Y108.498 E2456.41974
G1 X6.484 Y113.264 E2456.57826
G1 X20.931 Y113.264 E2457.05877
G1 F2700 E2452.05877
G0 F11250 X20.508 Y112.58
G0 X17.312 Y111.484
G0 X19.627 Y102.843
G0 X30.48 Y83.411
G0 X30.06 Y82.849
G1 F2700 E2457.05877
G1 F2250 X29.3 Y83.25 E2457.08735
G1 X28.504 Y83.514 E2457.11524
G1 X27.704 Y83.642 E2457.14219
G1 X26.84 Y83.642 E2457.17093
G1 X26.012 Y83.506 E2457.19884
G1 X25.231 Y83.245 E2457.22622
G1 X24.484 Y82.849 E2457.25434
G1 X23.811 Y82.343 E2457.28235
G1 X23.235 Y81.738 E2457.31013
G1 X22.763 Y81.047 E2457.33797
G1 X22.403 Y80.288 E2457.36591
G1 X22.177 Y79.489 E2457.39352
G1 X22.077 Y78.685 E2457.42047
G1 X22.115 Y77.812 E2457.44953
G1 X22.271 Y77.032 E2457.47599
G1 X22.582 Y76.215 E2457.50507
G1 X22.982 Y75.523 E2457.53165
G1 X23.512 Y74.869 E2457.55965
G1 X24.16 Y74.295 E2457.58844
G1 X24.869 Y73.847 E2457.61634
G1 X25.644 Y73.521 E2457.6443
G1 X26.451 Y73.328 E2457.6719
G1 X27.289 Y73.26 E2457.69986
G1 X28.113 Y73.33 E2457.72737
G1 X28.917 Y73.526 E2457.75489
G1 X29.675 Y73.847 E2457.78227
G1 X30.409 Y74.314 E2457.8112
G1 X31.032 Y74.869 E2457.83896
G1 X31.562 Y75.523 E2457.86695
G1 X31.962 Y76.215 E2457.89354
G1 X32.264 Y77.005 E2457.92167
G1 X32.436 Y77.844 E2457.95015
G1 X32.467 Y78.684 E2457.97811
G1 X32.368 Y79.509 E2458.00575
G1 X32.137 Y80.3 E2458.03316
G1 X31.78 Y81.049 E2458.06075
G1 X31.309 Y81.738 E2458.08851
G1 X30.712 Y82.365 E2458.11731
G1 X30.06 Y82.849 E2458.14431
G0 F11250 X30.48 Y83.411
G0 X31.561 Y83.318
;TYPE:FILL
G1 F4500 X34.798 Y82.45 E2458.25578
G0 F11250 X34.963 Y82.109
G1 F4500 X33.397 Y80.543 E2458.32944
G0 F11250 X33.472 Y76.594
G1 F4500 X36.631 Y75.747 E2458.43822
G0 F11250 X36.717 Y75.377
G1 F4500 X23.804 Y62.464 E2459.04561
G0 F11250 X24.537 Y60.353
G1 F4500 X41.166 Y55.897 E2459.6182
G0 F11250 X41.451 Y54.656
G1 F4500 X30.359 Y43.563 E2460.13996
G0 F11250 X29.287 Y46.657
G1 F4500 X44.19 Y42.664 E2460.65312
G0 F11250 X44.608 Y40.842
G1 F4500 X34.73 Y30.963 E2461.11778
G0 F11250 X34.037 Y32.961
G1 F4500 X47.214 Y29.43 E2461.57151
G0 F11250 X47.764 Y27.028
G1 F4500 X41.011 Y20.275 E2461.88915
G0 F11250 X40.422 Y20.466
G1 F4500 X26.605 Y72.031 E2463.66471
G0 F11250 X27.465 Y71.992
G1 F4500 X38.143 Y69.13 E2464.0324
G0 F11250 X38.295 Y68.47
G1 F4500 X25.989 Y56.164 E2464.61123
G0 F11250 X26.912 Y53.505
G1 F4500 X42.678 Y49.28 E2465.15411
G0 F11250 X43.03 Y47.749
G1 F4500 X32.545 Y37.264 E2465.6473
G0 F11250 X31.662 Y39.809
G1 F4500 X45.702 Y36.047 E2466.13074
G0 F11250 X46.186 Y33.935
G1 F4500 X36.915 Y24.663 E2466.56684
G0 F11250 X36.412 Y26.113
G1 F4500 X47.384 Y23.173 E2466.94465
G0 F11250 X46.309 Y21.68
G1 F4500 X32.212 Y74.289 E2468.75616
G0 F11250 X29.123 Y72.921
G0 X28.384 Y72.739
G0 X25.184 Y72.33
G1 F4500 X21.619 Y68.765 E2468.92385
G0 F11250 X22.162 Y67.201
G1 F4500 X39.655 Y62.514 E2469.52619
G0 F11250 X39.873 Y61.563
G1 F4500 X28.174 Y49.864 E2470.07647
G0 F11250 X23.889 Y72.95
G1 F4500 X19.787 Y74.049 E2470.21772
G0 F11250 X20.08 Y73.204
G1 F4500 X9.688 Y111.984 E2471.55305
G0 F11250 X7.912 Y108.289
G1 F4500 X18.231 Y105.524 E2471.90837
G0 F11250 X17.751 Y107.323
G1 F4500 X10.694 Y100.266 E2472.24031
G0 F11250 X10.286 Y101.441
G1 F4500 X27.683 Y96.78 E2472.83935
G0 F11250 X26.521 Y99.122
G1 F4500 X15.063 Y87.665 E2473.37827
G1 X15.036 Y87.745
G1 X26.009 Y84.805 E2473.75611
G0 F11250 X23.48 Y83.697
G1 F4500 X15.9 Y111.984 E2474.73013
G0 F11250 X13.926 Y111.984
G1 F4500 X8.509 Y106.566 E2474.98495
G0 F11250 X12.662 Y94.593
G1 F4500 X31.241 Y89.615 E2475.62469
G0 F11250 X32.151 Y87.782
G1 F4500 X29.051 Y84.682 E2475.77051
G0 F11250 X29.464 Y84.545
G1 F4500 X24.43 Y103.331 E2476.41737
G0 F11250 X21.606 Y102.693
G1 F4500 X12.879 Y93.965 E2476.82789
G0 F11250 X17.248 Y81.365
G1 F4500 X29.336 Y93.453 E2477.39647
G0 F11250 X20.973 Y79.943
G1 F4500 X17.412 Y80.897 E2477.51909
G0 F11250 X21.039 Y76.67
G1 F4500 X19.434 Y75.065 E2477.59458
;MESH:NONMESH
G0 F300 X19.434 Y75.065 Z8.2
G0 F11250 X22.215 Y81.382
G0 X22.749 Y82.156
G0 X23.4 Y82.835
G0 X24.152 Y83.399
G0 X24.984 Y83.836
G0 X25.877 Y84.134
G0 X26.804 Y84.285
G0 X27.564 Y84.285
G0 X30.691 Y83.875
;TIME_ELAPSED:2436.525837
;LAYER:40
;TYPE:WALL-INNER
;MESH:Sperrklinke
G1 F2250 X29.79 Y84.352 E2477.62849
G1 X28.806 Y84.681 E2477.663
G1 X27.788 Y84.844 E2477.69729
G1 X26.755 Y84.844 E2477.73165
G1 X25.738 Y84.681 E2477.7659
G1 X24.77 Y84.353 E2477.7999
G1 X23.858 Y83.879 E2477.83408
G1 X23.025 Y83.256 E2477.86868
G1 X22.307 Y82.507 E2477.90319
G1 X21.728 Y81.663 E2477.93723
G1 X21.282 Y80.729 E2477.97166
G1 X20.999 Y79.742 E2478.00581
G1 X20.872 Y78.717 E2478.04016
G1 X20.918 Y77.686 E2478.07449
G1 X21.117 Y76.687 E2478.10837
G1 X21.484 Y75.718 E2478.14283
G1 X21.996 Y74.831 E2478.17689
G1 X22.652 Y74.026 E2478.21143
G1 X23.422 Y73.342 E2478.24569
G1 X24.296 Y72.787 E2478.28012
G1 X25.25 Y72.382 E2478.31459
G1 X26.247 Y72.141 E2478.34871
G1 X27.268 Y72.054 E2478.38279
G1 X28.309 Y72.146 E2478.41755
G1 X29.302 Y72.389 E2478.45155
G1 X30.246 Y72.786 E2478.48561
G1 X31.122 Y73.342 E2478.52012
G1 X31.892 Y74.026 E2478.55438
G1 X32.545 Y74.827 E2478.58875
G1 X33.057 Y75.714 E2478.62281
G1 X33.425 Y76.682 E2478.65726
G1 X33.63 Y77.676 E2478.69101
G1 X33.672 Y78.705 E2478.72527
G1 X33.552 Y79.733 E2478.75969
G1 X33.256 Y80.743 E2478.7947
G1 X32.817 Y81.663 E2478.8286
G1 X32.235 Y82.51 E2478.86278
G1 X31.525 Y83.257 E2478.89706
G1 X30.691 Y83.875 E2478.93158
G0 F11250 X30.472 Y83.539
G1 F2250 X29.633 Y83.983 E2478.96315
G1 X28.713 Y84.291 E2478.99542
G1 X27.756 Y84.444 E2479.02766
G1 X26.788 Y84.444 E2479.05985
G1 X25.836 Y84.291 E2479.09192
G1 X24.924 Y83.984 E2479.12393
G1 X24.07 Y83.539 E2479.15596
G1 X23.295 Y82.96 E2479.18813
G1 X22.62 Y82.257 E2479.22055
G1 X22.074 Y81.462 E2479.25263
G1 X21.656 Y80.583 E2479.285
G1 X21.393 Y79.666 E2479.31673
G1 X21.273 Y78.701 E2479.34907
G1 X21.324 Y77.692 E2479.38267
G1 X21.502 Y76.799 E2479.41296
G1 X21.849 Y75.885 E2479.44548
G1 X22.328 Y75.057 E2479.47729
G1 X22.944 Y74.3 E2479.50975
G1 X23.665 Y73.661 E2479.5418
G1 X24.477 Y73.145 E2479.57379
G1 X25.375 Y72.764 E2479.60624
G1 X26.31 Y72.537 E2479.63824
G1 X27.271 Y72.456 E2479.67032
G1 X28.241 Y72.537 E2479.70269
G1 X29.17 Y72.764 E2479.7345
G1 X30.067 Y73.145 E2479.76691
G1 X30.879 Y73.661 E2479.79891
G1 X31.603 Y74.303 E2479.8311
G1 X32.211 Y75.049 E2479.86311
G1 X32.693 Y75.883 E2479.89514
G1 X33.04 Y76.794 E2479.92757
G1 X33.231 Y77.725 E2479.95918
G1 X33.271 Y78.697 E2479.99153
G1 X33.149 Y79.687 E2480.02471
G1 X32.891 Y80.568 E2480.05524
G1 X32.468 Y81.465 E2480.08823
G1 X31.925 Y82.256 E2480.12014
G1 X31.257 Y82.957 E2480.15235
G1 X30.472 Y83.539 E2480.18485
G0 F11250 X30.221 Y83.219
G1 F2250 X29.476 Y83.612 E2480.21286
G1 X28.614 Y83.902 E2480.24311
G1 X27.723 Y84.044 E2480.27312
G1 X26.82 Y84.044 E2480.30316
G1 X25.931 Y83.901 E2480.3331
G1 X25.077 Y83.615 E2480.36306
G1 X24.282 Y83.198 E2480.39292
G1 X23.555 Y82.654 E2480.42312
G1 X22.935 Y82.008 E2480.4529
G1 X22.422 Y81.26 E2480.48306
G1 X22.033 Y80.448 E2480.51301
G1 X21.785 Y79.583 E2480.54294
G1 X21.674 Y78.683 E2480.5731
G1 X21.719 Y77.756 E2480.60397
G1 X21.901 Y76.875 E2480.63389
G1 X22.213 Y76.055 E2480.66307
G1 X22.659 Y75.284 E2480.6927
G1 X23.202 Y74.616 E2480.72133
G1 X23.903 Y73.984 E2480.75272
G1 X24.669 Y73.498 E2480.78289
G1 X25.503 Y73.143 E2480.81304
G1 X26.326 Y72.944 E2480.8412
G1 X27.271 Y72.857 E2480.87277
G1 X28.178 Y72.936 E2480.90305
G1 X29.005 Y73.135 E2480.93134
G1 X29.873 Y73.497 E2480.96262
G1 X30.638 Y73.983 E2480.99276
G1 X31.311 Y74.577 E2481.02262
G1 X31.883 Y75.279 E2481.05274
G1 X32.33 Y76.053 E2481.08246
G1 X32.654 Y76.905 E2481.11278
G1 X32.834 Y77.779 E2481.14246
G1 X32.87 Y78.684 E2481.17259
G1 X32.758 Y79.598 E2481.20321
G1 X32.514 Y80.434 E2481.23218
G1 X32.138 Y81.227 E2481.26137
G1 X31.613 Y82.002 E2481.2925
G1 X30.99 Y82.656 E2481.32254
G1 X30.221 Y83.219 E2481.35424
G1 F2700 E2476.35424
G0 F11250 X30.36 Y83.486
G0 X19.583 Y103.006
G0 X17.357 Y111.319
G0 X17.96 Y112.064
G1 F2700 E2481.35424
G1 F2250 X17.356 Y111.705 E2481.37761
G1 X17.041 Y111.182 E2481.39792
G1 X16.968 Y110.72 E2481.41348
G1 X17.015 Y110.373 E2481.42512
G1 X18.848 Y103.528 E2481.66081
G1 X18.964 Y103.301 E2481.66929
G1 X19.248 Y102.941 E2481.68454
G1 X19.688 Y102.688 E2481.70142
G1 X20.051 Y102.62 E2481.71371
G1 X20.399 Y102.627 E2481.72528
G1 X24.344 Y103.689 E2481.86116
G1 X34.959 Y82.31 E2482.65506
G1 X35.246 Y81.691 E2482.67775
G1 X35.477 Y81.039 E2482.70076
G1 X35.665 Y80.338 E2482.7249
G1 X47.88 Y26.873 E2484.54897
G1 X48.003 Y26.107 E2484.57477
G1 X48.025 Y25.371 E2484.59926
G1 X47.945 Y24.639 E2484.62376
G1 X47.775 Y23.924 E2484.6482
G1 X47.511 Y23.239 E2484.67262
G1 X47.156 Y22.59 E2484.69722
G1 X46.713 Y21.987 E2484.72211
G1 X46.212 Y21.463 E2484.74622
G1 X45.629 Y20.995 E2484.77108
G1 X45.005 Y20.62 E2484.7953
G1 X44.334 Y20.329 E2484.81962
G1 X43.607 Y20.12 E2484.84478
G1 X42.893 Y20.015 E2484.86879
G1 X42.151 Y20.002 E2484.89347
G1 X41.419 Y20.088 E2484.91798
G1 X40.697 Y20.271 E2484.94276
G1 X40.023 Y20.539 E2484.96688
G1 X39.371 Y20.904 E2484.99173
G1 X38.788 Y21.343 E2485.01601
G1 X38.259 Y21.863 E2485.04068
G1 X37.801 Y22.449 E2485.06542
G1 X37.435 Y23.074 E2485.08951
G1 X37.132 Y23.791 E2485.1154
G1 X7.684 Y108.7 E2488.1045
G1 X7.684 Y112.064 E2488.21639
G1 X17.96 Y112.064 E2488.55817
G0 F11250 X20.435 Y112.464
G1 F2250 X20.495 Y112.344 E2488.56263
G1 X19.327 Y112.037 E2488.6028
G1 X18.103 Y111.701 E2488.64502
G1 X17.645 Y111.428 E2488.66275
G1 X17.42 Y111.055 E2488.67724
G1 X17.368 Y110.724 E2488.68838
G1 X17.401 Y110.477 E2488.69667
G1 X19.223 Y103.688 E2488.93047
G1 X19.384 Y103.394 E2488.94161
G1 X19.57 Y103.214 E2488.95022
G1 X19.778 Y103.095 E2488.95819
G1 X20.179 Y103.016 E2488.97179
G1 X20.428 Y103.05 E2488.98015
G1 X24.556 Y104.161 E2489.12233
G1 X35.32 Y82.482 E2489.92736
G1 X35.601 Y81.864 E2489.94994
G1 X35.611 Y81.859 E2489.95032
G1 X35.86 Y81.158 E2489.97506
G1 X36.049 Y80.454 E2489.9993
G1 X48.273 Y26.949 E2491.82474
G1 X48.402 Y26.145 E2491.85182
G1 X48.426 Y25.356 E2491.87808
G1 X48.34 Y24.571 E2491.90434
G1 X48.158 Y23.806 E2491.9305
G1 X47.874 Y23.07 E2491.95673
G1 X47.494 Y22.375 E2491.98308
G1 X47.02 Y21.729 E2492.00973
G1 X46.483 Y21.167 E2492.03558
G1 X45.858 Y20.667 E2492.0622
G1 X45.189 Y20.264 E2492.08818
G1 X44.469 Y19.952 E2492.11428
G1 X43.691 Y19.728 E2492.14121
G1 X42.926 Y19.615 E2492.16693
G1 X42.131 Y19.602 E2492.19337
G1 X41.347 Y19.694 E2492.21963
G1 X40.574 Y19.89 E2492.24615
G1 X39.851 Y20.177 E2492.27202
G1 X39.152 Y20.568 E2492.29866
G1 X38.527 Y21.04 E2492.32471
G1 X37.96 Y21.596 E2492.35112
G1 X37.469 Y22.224 E2492.37764
G1 X37.076 Y22.894 E2492.40347
G1 X36.759 Y23.647 E2492.43065
G1 X7.284 Y108.633 E2495.42247
G1 X7.284 Y112.464 E2495.54989
G1 X20.435 Y112.464 E2495.98729
G0 F11250 X20.683 Y112.864
G1 F2250 X21.071 Y112.082 E2496.01633
G1 X19.433 Y111.651 E2496.07266
G1 X18.209 Y111.315 E2496.11488
G1 X17.934 Y111.152 E2496.12551
G1 X17.799 Y110.928 E2496.13421
G1 X17.761 Y110.682 E2496.14249
G1 X19.618 Y103.757 E2496.38095
G1 X19.871 Y103.494 E2496.39309
G1 X20.058 Y103.425 E2496.39972
G1 X20.244 Y103.42 E2496.40591
G1 X24.769 Y104.632 E2496.56172
G1 X35.681 Y82.654 E2497.37785
G1 X35.964 Y82.034 E2497.40051
G1 X35.976 Y82.026 E2497.40099
G1 X36.242 Y81.277 E2497.42743
G1 X36.437 Y80.551 E2497.45243
G1 X48.666 Y27.025 E2499.27859
G1 X48.801 Y26.183 E2499.30695
G1 X48.826 Y25.34 E2499.335
G1 X48.735 Y24.503 E2499.363
G1 X48.541 Y23.687 E2499.3909
G1 X48.238 Y22.902 E2499.41889
G1 X47.832 Y22.159 E2499.44705
G1 X47.327 Y21.471 E2499.47543
G1 X46.753 Y20.872 E2499.50303
G1 X46.087 Y20.338 E2499.53142
G1 X45.372 Y19.907 E2499.55919
G1 X44.604 Y19.574 E2499.58703
G1 X43.776 Y19.336 E2499.61568
G1 X42.958 Y19.216 E2499.64318
G1 X42.111 Y19.201 E2499.67136
G1 X41.274 Y19.3 E2499.69939
G1 X40.45 Y19.508 E2499.72766
G1 X39.679 Y19.815 E2499.75526
G1 X38.933 Y20.232 E2499.78368
G1 X38.265 Y20.736 E2499.81151
G1 X37.661 Y21.329 E2499.83967
G1 X37.138 Y21.999 E2499.86794
G1 X36.718 Y22.714 E2499.89552
G1 X36.385 Y23.504 E2499.92403
G1 X6.884 Y108.566 E2502.91853
G1 X6.884 Y112.864 E2503.06148
G1 X20.683 Y112.864 E2503.52043
G0 F11250 X20.931 Y113.264
;TYPE:WALL-OUTER
G1 F2250 X21.647 Y111.82 E2503.57404
G1 X19.539 Y111.265 E2503.64654
G1 X18.235 Y110.907 E2503.69152
G1 X18.165 Y110.716 E2503.69829
G1 X19.983 Y103.938 E2503.93169
G1 X20.09 Y103.831 E2503.93672
G1 X20.194 Y103.817 E2503.94021
G1 X24.981 Y105.104 E2504.10508
G1 X36.043 Y82.826 E2504.93237
G1 X36.326 Y82.203 E2504.95513
G1 X36.341 Y82.194 E2504.95571
G1 X36.624 Y81.396 E2504.98387
G1 X36.835 Y80.606 E2505.01107
G1 X49.059 Y27.101 E2506.83651
G1 X49.2 Y26.221 E2506.86615
G1 X49.227 Y25.324 E2506.896
G1 X49.13 Y24.435 E2506.92574
G1 X48.924 Y23.568 E2506.95538
G1 X48.602 Y22.733 E2506.98514
G1 X48.17 Y21.944 E2507.01506
G1 X47.634 Y21.213 E2507.04521
G1 X47.024 Y20.576 E2507.07455
G1 X46.317 Y20.009 E2507.10469
G1 X45.556 Y19.551 E2507.13423
G1 X44.74 Y19.197 E2507.16381
G1 X43.861 Y18.944 E2507.19424
G1 X42.991 Y18.816 E2507.22348
G1 X42.091 Y18.801 E2507.25342
G1 X41.201 Y18.906 E2507.28323
G1 X40.326 Y19.127 E2507.31325
G1 X39.507 Y19.453 E2507.34257
G1 X38.714 Y19.896 E2507.37278
G1 X38.003 Y20.432 E2507.40239
G1 X37.362 Y21.062 E2507.43228
G1 X36.806 Y21.773 E2507.46231
G1 X36.36 Y22.534 E2507.49164
G1 X36.011 Y23.36 E2507.52147
G1 X6.484 Y108.498 E2510.51863
G1 X6.484 Y113.264 E2510.67715
G1 X20.931 Y113.264 E2511.15766
G1 F2700 E2506.15766
G0 F11250 X20.508 Y112.579
G0 X17.357 Y111.319
G0 X19.583 Y103.006
G0 X30.48 Y83.411
G0 X30.06 Y82.849
G1 F2700 E2511.15766
G1 F2250 X29.3 Y83.25 E2511.18624
G1 X28.504 Y83.514 E2511.21413
G1 X27.704 Y83.642 E2511.24108
G1 X26.84 Y83.642 E2511.26982
G1 X26.012 Y83.506 E2511.29772
G1 X25.231 Y83.245 E2511.32511
G1 X24.484 Y82.849 E2511.35323
G1 X23.811 Y82.343 E2511.38124
G1 X23.235 Y81.738 E2511.40902
G1 X22.763 Y81.047 E2511.43685
G1 X22.403 Y80.288 E2511.46479
G1 X22.177 Y79.489 E2511.49241
G1 X22.077 Y78.685 E2511.51936
G1 X22.115 Y77.812 E2511.54842
G1 X22.271 Y77.032 E2511.57488
G1 X22.582 Y76.215 E2511.60396
G1 X22.982 Y75.523 E2511.63054
G1 X23.512 Y74.869 E2511.65854
G1 X24.16 Y74.295 E2511.68733
G1 X24.869 Y73.847 E2511.71522
G1 X25.644 Y73.521 E2511.74319
G1 X26.451 Y73.328 E2511.77079
G1 X27.289 Y73.26 E2511.79875
G1 X28.113 Y73.33 E2511.82626
G1 X28.917 Y73.526 E2511.85378
G1 X29.675 Y73.847 E2511.88116
G1 X30.409 Y74.314 E2511.91009
G1 X31.032 Y74.869 E2511.93784
G1 X31.562 Y75.523 E2511.96584
G1 X31.962 Y76.215 E2511.99243
G1 X32.264 Y77.005 E2512.02056
G1 X32.436 Y77.844 E2512.04904
G1 X32.467 Y78.684 E2512.077
G1 X32.368 Y79.509 E2512.10464
G1 X32.137 Y80.3 E2512.13204
G1 X31.78 Y81.049 E2512.15964
G1 X31.309 Y81.738 E2512.1874
G1 X30.712 Y82.365 E2512.2162
G1 X30.06 Y82.849 E2512.2432
G0 F11250 X30.48 Y83.411
G0 X31.278 Y83.54
;TYPE:FILL
G1 F4500 X34.714 Y82.619 E2512.36152
G0 F11250 X35.027 Y81.971
G1 F4500 X33.443 Y80.387 E2512.43603
G0 F11250 X33.512 Y76.73
G1 F4500 X36.595 Y75.904 E2512.54218
G0 F11250 X36.754 Y75.214
G1 F4500 X23.856 Y62.315 E2513.14889
G0 F11250 X24.481 Y60.515
G1 F4500 X41.13 Y56.054 E2513.72217
G0 F11250 X41.489 Y54.492
G1 F4500 X30.411 Y43.415 E2514.24322
G0 F11250 X29.231 Y46.819
G1 F4500 X44.154 Y42.82 E2514.75708
G0 F11250 X44.645 Y40.678
G1 F4500 X34.781 Y30.814 E2515.22105
G0 F11250 X33.981 Y33.123
G1 F4500 X47.178 Y29.587 E2515.67547
G0 F11250 X47.802 Y26.864
G1 F4500 X41.171 Y20.234 E2515.98734
G0 F11250 X40.258 Y20.532
G1 F4500 X26.455 Y72.044 E2517.76108
G0 F11250 X25.335 Y72.28
G1 F4500 X21.671 Y68.616 E2517.93342
G0 F11250 X22.106 Y67.363
G1 F4500 X39.618 Y62.67 E2518.53643
G0 F11250 X39.911 Y61.399
G1 F4500 X28.226 Y49.715 E2519.08603
G0 F11250 X26.856 Y53.667
G1 F4500 X42.642 Y49.437 E2519.6296
G0 F11250 X43.067 Y47.585
G1 F4500 X32.596 Y37.115 E2520.1221
G0 F11250 X31.606 Y39.971
G1 F4500 X45.666 Y36.203 E2520.60624
G0 F11250 X46.224 Y33.771
G1 F4500 X36.966 Y24.514 E2521.04168
G0 F11250 X36.356 Y26.275
G1 F4500 X47.45 Y23.302 E2521.42369
G0 F11250 X46.194 Y21.56
G1 F4500 X32.101 Y74.154 E2523.23469
G0 F11250 X27.876 Y72.028
G1 F4500 X38.106 Y69.287 E2523.58694
G0 F11250 X38.332 Y68.307
G1 F4500 X26.041 Y56.015 E2524.16509
G0 F11250 X23.489 Y73.204
G1 F4500 X19.731 Y74.211 E2524.2945
G0 F11250 X19.486 Y74.916
G1 F4500 X21.094 Y76.524 E2524.37013
G0 F11250 X19.433 Y75.069
G1 F4500 X9.541 Y111.984 E2525.64125
G0 F11250 X7.855 Y108.451
G1 F4500 X18.189 Y105.682 E2525.99708
G0 F11250 X17.793 Y107.164
G1 F4500 X10.745 Y100.116 E2526.3286
G0 F11250 X10.23 Y101.603
G1 F4500 X27.601 Y96.949 E2526.92674
G0 F11250 X26.588 Y98.989
G1 F4500 X15.115 Y87.516 E2527.46639
G0 F11250 X14.98 Y87.907
G1 F4500 X26.352 Y84.86 E2527.85797
G0 F11250 X29.204 Y84.634
G1 F4500 X32.218 Y87.648 E2527.99974
G0 F11250 X31.158 Y89.784
G1 F4500 X12.605 Y94.755 E2528.63858
G0 F11250 X12.93 Y93.816
G1 F4500 X22.123 Y103.008 E2529.07096
G0 F11250 X24.219 Y103.572
G1 F4500 X29.303 Y84.599 E2529.72427
G0 F11250 X26.528 Y84.223
G0 X23.357 Y83.605
G1 F4500 X15.753 Y111.984 E2530.70146
G0 F11250 X14.127 Y111.984
G1 F4500 X8.56 Y106.417 E2530.96331
G0 F11250 X29.403 Y93.318
G1 F4500 X17.301 Y81.216 E2531.53255
G1 X17.355 Y81.059
G1 X21.013 Y80.079 E2531.65851
;MESH:NONMESH
G0 F300 X21.013 Y80.079 Z8.4
G0 F11250 X22.749 Y82.156
G0 X23.4 Y82.835
G0 X24.152 Y83.399
G0 X24.984 Y83.836
G0 X25.877 Y84.134
G0 X26.804 Y84.285
G0 X27.564 Y84.285
G0 X30.694 Y83.873
;TIME_ELAPSED:2484.811372
;LAYER:41
;TYPE:WALL-INNER
;MESH:Sperrklinke
G1 F2250 X29.787 Y84.353 E2531.69264
G1 X28.806 Y84.681 E2531.72704
G1 X27.788 Y84.844 E2531.76133
G1 X26.755 Y84.844 E2531.79569
G1 X25.738 Y84.681 E2531.82995
G1 X24.77 Y84.353 E2531.86394
G1 X23.858 Y83.879 E2531.89813
G1 X23.025 Y83.256 E2531.93272
G1 X22.307 Y82.507 E2531.96723
G1 X21.728 Y81.663 E2532.00128
G1 X21.282 Y80.729 E2532.0357
G1 X20.999 Y79.742 E2532.06985
G1 X20.872 Y78.717 E2532.1042
G1 X20.918 Y77.686 E2532.13853
G1 X21.117 Y76.687 E2532.17241
G1 X21.484 Y75.718 E2532.20687
G1 X21.996 Y74.831 E2532.24094
G1 X22.652 Y74.026 E2532.27547
G1 X23.422 Y73.342 E2532.30973
G1 X24.296 Y72.787 E2532.34416
G1 X25.25 Y72.382 E2532.37864
G1 X26.247 Y72.141 E2532.41275
G1 X27.268 Y72.054 E2532.44683
G1 X28.309 Y72.146 E2532.48159
G1 X29.302 Y72.389 E2532.51559
G1 X30.246 Y72.786 E2532.54965
G1 X31.122 Y73.342 E2532.58416
G1 X31.892 Y74.026 E2532.61842
G1 X32.545 Y74.827 E2532.65279
G1 X33.057 Y75.714 E2532.68686
G1 X33.425 Y76.682 E2532.7213
G1 X33.63 Y77.676 E2532.75506
G1 X33.672 Y78.705 E2532.78931
G1 X33.552 Y79.733 E2532.82373
G1 X33.256 Y80.743 E2532.85874
G1 X32.817 Y81.663 E2532.89264
G1 X32.235 Y82.511 E2532.92685
G1 X31.52 Y83.26 E2532.96129
G1 X30.694 Y83.873 E2532.9955
G0 F11250 X30.472 Y83.539
G1 F2250 X29.633 Y83.983 E2533.02708
G1 X28.713 Y84.291 E2533.05934
G1 X27.755 Y84.444 E2533.09161
G1 X26.788 Y84.444 E2533.12377
G1 X25.836 Y84.291 E2533.15584
G1 X24.924 Y83.984 E2533.18785
G1 X24.07 Y83.539 E2533.21988
G1 X23.295 Y82.96 E2533.25205
G1 X22.62 Y82.257 E2533.28447
G1 X22.074 Y81.462 E2533.31655
G1 X21.656 Y80.583 E2533.34892
G1 X21.393 Y79.666 E2533.38065
G1 X21.273 Y78.701 E2533.41299
G1 X21.324 Y77.692 E2533.44659
G1 X21.502 Y76.799 E2533.47688
G1 X21.849 Y75.885 E2533.5094
G1 X22.328 Y75.057 E2533.54121
G1 X22.944 Y74.3 E2533.57367
G1 X23.665 Y73.661 E2533.60572
G1 X24.477 Y73.145 E2533.63772
G1 X25.375 Y72.764 E2533.67016
G1 X26.31 Y72.537 E2533.70216
G1 X27.271 Y72.456 E2533.73424
G1 X28.241 Y72.537 E2533.76661
G1 X29.17 Y72.764 E2533.79842
G1 X30.067 Y73.145 E2533.83083
G1 X30.879 Y73.661 E2533.86283
G1 X31.603 Y74.303 E2533.89502
G1 X32.211 Y75.049 E2533.92703
G1 X32.693 Y75.883 E2533.95906
G1 X33.04 Y76.794 E2533.99149
G1 X33.231 Y77.725 E2534.0231
G1 X33.271 Y78.697 E2534.05545
G1 X33.149 Y79.687 E2534.08863
G1 X32.891 Y80.568 E2534.11916
G1 X32.468 Y81.465 E2534.15215
G1 X31.925 Y82.256 E2534.18406
G1 X31.257 Y82.957 E2534.21627
G1 X30.472 Y83.539 E2534.24877
G0 F11250 X30.221 Y83.219
G1 F2250 X29.476 Y83.612 E2534.27678
G1 X28.614 Y83.902 E2534.30703
G1 X27.723 Y84.044 E2534.33704
G1 X26.82 Y84.044 E2534.36708
G1 X25.931 Y83.901 E2534.39702
G1 X25.077 Y83.615 E2534.42698
G1 X24.282 Y83.198 E2534.45684
G1 X23.555 Y82.654 E2534.48704
G1 X22.935 Y82.008 E2534.51682
G1 X22.422 Y81.26 E2534.54699
G1 X22.033 Y80.448 E2534.57693
G1 X21.785 Y79.583 E2534.60686
G1 X21.674 Y78.683 E2534.63702
G1 X21.719 Y77.756 E2534.66789
G1 X21.901 Y76.875 E2534.69781
G1 X22.213 Y76.055 E2534.72699
G1 X22.659 Y75.284 E2534.75662
G1 X23.202 Y74.616 E2534.78525
G1 X23.903 Y73.984 E2534.81664
G1 X24.669 Y73.498 E2534.84681
G1 X25.503 Y73.143 E2534.87696
G1 X26.326 Y72.944 E2534.90512
G1 X27.271 Y72.857 E2534.93669
G1 X28.178 Y72.936 E2534.96697
G1 X29.005 Y73.135 E2534.99526
G1 X29.873 Y73.497 E2535.02654
G1 X30.638 Y73.983 E2535.05668
G1 X31.311 Y74.577 E2535.08654
G1 X31.883 Y75.279 E2535.11666
G1 X32.33 Y76.053 E2535.14639
G1 X32.654 Y76.905 E2535.1767
G1 X32.834 Y77.779 E2535.20638
G1 X32.87 Y78.684 E2535.23651
G1 X32.758 Y79.598 E2535.26713
G1 X32.514 Y80.434 E2535.2961
G1 X32.138 Y81.227 E2535.32529
G1 X31.613 Y82.002 E2535.35642
G1 X30.99 Y82.656 E2535.38647
G1 X30.221 Y83.219 E2535.41816
G1 F2700 E2530.41816
G0 F11250 X30.36 Y83.486
G0 X19.525 Y103.218
G0 X17.413 Y111.111
G0 X18.748 Y112.063
G1 F2700 E2535.41816
G1 F2250 X18.057 Y111.877 E2535.44197
G1 X17.414 Y111.495 E2535.46684
G1 X17.097 Y110.972 E2535.48718
G1 X17.024 Y110.508 E2535.5028
G1 X17.071 Y110.161 E2535.51445
G1 X18.792 Y103.741 E2535.73552
G1 X18.907 Y103.514 E2535.74398
G1 X19.136 Y103.223 E2535.7563
G1 X19.415 Y103.013 E2535.76791
G1 X19.773 Y102.859 E2535.78088
G1 X20.121 Y102.828 E2535.7925
G1 X20.47 Y102.874 E2535.80421
G1 X24.253 Y103.874 E2535.93435
G1 X34.959 Y82.31 E2536.7351
G1 X35.246 Y81.691 E2536.75779
G1 X35.477 Y81.039 E2536.7808
G1 X35.665 Y80.338 E2536.80494
G1 X47.88 Y26.873 E2538.62901
G1 X48.003 Y26.107 E2538.65482
G1 X48.025 Y25.371 E2538.67931
G1 X47.945 Y24.639 E2538.7038
G1 X47.775 Y23.924 E2538.72824
G1 X47.511 Y23.239 E2538.75266
G1 X47.156 Y22.59 E2538.77726
G1 X46.713 Y21.987 E2538.80215
G1 X46.212 Y21.463 E2538.82626
G1 X45.629 Y20.995 E2538.85113
G1 X45.005 Y20.62 E2538.87534
G1 X44.334 Y20.329 E2538.89967
G1 X43.607 Y20.12 E2538.92483
G1 X42.893 Y20.015 E2538.94883
G1 X42.151 Y20.002 E2538.97351
G1 X41.419 Y20.088 E2538.99803
G1 X40.697 Y20.271 E2539.0228
G1 X40.023 Y20.539 E2539.04692
G1 X39.371 Y20.904 E2539.07178
G1 X38.788 Y21.343 E2539.09605
G1 X38.259 Y21.863 E2539.12072
G1 X37.801 Y22.449 E2539.14546
G1 X37.435 Y23.074 E2539.16955
G1 X37.132 Y23.791 E2539.19544
G1 X7.684 Y108.7 E2542.18455
G1 X7.684 Y112.064 E2542.29643
G1 X18.748 Y112.063 E2542.66442
G0 F11250 X20.435 Y112.464
G1 F2250 X20.591 Y112.148 E2542.67614
G1 X18.162 Y111.49 E2542.75984
G1 X17.703 Y111.218 E2542.77759
G1 X17.476 Y110.844 E2542.79214
G1 X17.424 Y110.513 E2542.80329
G1 X17.458 Y110.265 E2542.81161
G1 X19.167 Y103.9 E2543.03081
G1 X19.251 Y103.718 E2543.03748
G1 X19.415 Y103.51 E2543.04629
G1 X19.614 Y103.36 E2543.05458
G1 X20.024 Y103.231 E2543.06887
G1 X20.273 Y103.236 E2543.07715
G1 X24.465 Y104.346 E2543.22139
G1 X35.32 Y82.482 E2544.03328
G1 X35.601 Y81.864 E2544.05586
G1 X35.611 Y81.859 E2544.05623
G1 X35.86 Y81.158 E2544.08097
G1 X36.049 Y80.454 E2544.10522
G1 X48.273 Y26.949 E2545.93065
G1 X48.402 Y26.145 E2545.95774
G1 X48.426 Y25.356 E2545.98399
G1 X48.34 Y24.571 E2546.01026
G1 X48.158 Y23.806 E2546.03641
G1 X47.874 Y23.07 E2546.06265
G1 X47.494 Y22.375 E2546.08899
G1 X47.02 Y21.729 E2546.11564
G1 X46.483 Y21.167 E2546.1415
G1 X45.858 Y20.667 E2546.16812
G1 X45.189 Y20.264 E2546.19409
G1 X44.469 Y19.952 E2546.22019
G1 X43.691 Y19.728 E2546.24712
G1 X42.926 Y19.615 E2546.27284
G1 X42.131 Y19.602 E2546.29929
G1 X41.347 Y19.694 E2546.32554
G1 X40.574 Y19.89 E2546.35207
G1 X39.851 Y20.177 E2546.37794
G1 X39.152 Y20.568 E2546.40458
G1 X38.527 Y21.04 E2546.43063
G1 X37.96 Y21.596 E2546.45704
G1 X37.469 Y22.224 E2546.48355
G1 X37.076 Y22.894 E2546.50939
G1 X36.759 Y23.647 E2546.53656
G1 X7.284 Y108.633 E2549.52838
G1 X7.284 Y112.464 E2549.6558
G1 X20.435 Y112.464 E2550.09321
G0 F11250 X20.683 Y112.864
G1 F2250 X21.166 Y111.889 E2550.1294
G1 X18.267 Y111.104 E2550.22929
G1 X17.991 Y110.94 E2550.23997
G1 X17.855 Y110.716 E2550.24868
G1 X17.817 Y110.47 E2550.25696
G1 X19.545 Y104.031 E2550.4787
G1 X19.693 Y103.797 E2550.48791
G1 X19.939 Y103.653 E2550.49739
G1 X20.167 Y103.621 E2550.50505
G1 X23.862 Y104.596 E2550.63215
G1 X24.677 Y104.819 E2550.66026
G1 X35.681 Y82.654 E2551.48332
G1 X35.964 Y82.034 E2551.50599
G1 X35.976 Y82.026 E2551.50647
G1 X36.242 Y81.277 E2551.5329
G1 X36.437 Y80.551 E2551.5579
G1 X48.666 Y27.025 E2553.38406
G1 X48.801 Y26.183 E2553.41242
G1 X48.826 Y25.34 E2553.44047
G1 X48.735 Y24.503 E2553.46848
G1 X48.541 Y23.687 E2553.49637
G1 X48.238 Y22.902 E2553.52436
G1 X47.832 Y22.159 E2553.55252
G1 X47.327 Y21.471 E2553.58091
G1 X46.753 Y20.872 E2553.6085
G1 X46.087 Y20.338 E2553.63689
G1 X45.372 Y19.907 E2553.66466
G1 X44.604 Y19.574 E2553.6925
G1 X43.776 Y19.336 E2553.72115
G1 X42.958 Y19.216 E2553.74865
G1 X42.111 Y19.201 E2553.77683
G1 X41.274 Y19.3 E2553.80486
G1 X40.45 Y19.508 E2553.83313
G1 X39.679 Y19.815 E2553.86073
G1 X38.933 Y20.232 E2553.88915
G1 X38.265 Y20.736 E2553.91699
G1 X37.661 Y21.329 E2553.94514
G1 X37.138 Y21.999 E2553.97341
G1 X36.718 Y22.714 E2554.00099
G1 X36.385 Y23.504 E2554.0295
G1 X6.884 Y108.566 E2557.024
G1 X6.884 Y112.864 E2557.16695
G1 X20.683 Y112.864 E2557.62591
G0 F11250 X20.931 Y113.264
;TYPE:WALL-OUTER
G1 F2250 X21.74 Y111.63 E2557.68655
G1 X18.371 Y110.718 E2557.80264
G1 X18.279 Y110.663 E2557.8062
G1 X18.221 Y110.504 E2557.81183
G1 X19.927 Y104.15 E2558.03065
G1 X19.992 Y104.067 E2558.03416
G1 X20.113 Y104.021 E2558.03846
G1 X23.757 Y104.982 E2558.16381
G1 X24.889 Y105.291 E2558.20283
G1 X36.043 Y82.826 E2559.03705
G1 X36.326 Y82.203 E2559.05981
G1 X36.341 Y82.194 E2559.06039
G1 X36.624 Y81.396 E2559.08855
G1 X36.835 Y80.606 E2559.11575
G1 X49.059 Y27.101 E2560.94119
G1 X49.2 Y26.221 E2560.97083
G1 X49.227 Y25.324 E2561.00068
G1 X49.13 Y24.435 E2561.03042
G1 X48.924 Y23.568 E2561.06006
G1 X48.602 Y22.733 E2561.08983
G1 X48.17 Y21.944 E2561.11974
G1 X47.634 Y21.213 E2561.14989
G1 X47.024 Y20.576 E2561.17923
G1 X46.317 Y20.009 E2561.20937
G1 X45.556 Y19.551 E2561.23891
G1 X44.74 Y19.197 E2561.2685
G1 X43.861 Y18.944 E2561.29892
G1 X42.991 Y18.816 E2561.32817
G1 X42.091 Y18.801 E2561.3581
G1 X41.201 Y18.906 E2561.38791
G1 X40.326 Y19.127 E2561.41793
G1 X39.507 Y19.453 E2561.44725
G1 X38.714 Y19.896 E2561.47746
G1 X38.003 Y20.432 E2561.50707
G1 X37.362 Y21.062 E2561.53697
G1 X36.806 Y21.773 E2561.56699
G1 X36.36 Y22.534 E2561.59632
G1 X36.011 Y23.36 E2561.62615
G1 X6.484 Y108.498 E2564.62331
G1 X6.484 Y113.264 E2564.78183
G1 X20.931 Y113.264 E2565.26234
G1 F2700 E2560.26234
G0 F11250 X20.508 Y112.579
G0 X17.413 Y111.111
G0 X19.525 Y103.218
G0 X30.48 Y83.411
G0 X30.06 Y82.849
G1 F2700 E2565.26234
G1 F2250 X29.3 Y83.25 E2565.29092
G1 X28.504 Y83.514 E2565.31881
G1 X27.704 Y83.642 E2565.34576
G1 X26.84 Y83.642 E2565.3745
G1 X26.012 Y83.506 E2565.40241
G1 X25.231 Y83.245 E2565.42979
G1 X24.484 Y82.849 E2565.45791
G1 X23.811 Y82.343 E2565.48592
G1 X23.235 Y81.738 E2565.5137
G1 X22.763 Y81.047 E2565.54154
G1 X22.403 Y80.288 E2565.56948
G1 X22.177 Y79.489 E2565.59709
G1 X22.077 Y78.685 E2565.62404
G1 X22.115 Y77.812 E2565.6531
G1 X22.271 Y77.032 E2565.67956
G1 X22.582 Y76.215 E2565.70864
G1 X22.982 Y75.523 E2565.73522
G1 X23.512 Y74.869 E2565.76322
G1 X24.16 Y74.295 E2565.79201
G1 X24.869 Y73.847 E2565.81991
G1 X25.644 Y73.521 E2565.84787
G1 X26.451 Y73.328 E2565.87547
G1 X27.289 Y73.26 E2565.90343
G1 X28.113 Y73.33 E2565.93094
G1 X28.917 Y73.526 E2565.95846
G1 X29.675 Y73.847 E2565.98584
G1 X30.409 Y74.314 E2566.01477
G1 X31.032 Y74.869 E2566.04253
G1 X31.562 Y75.523 E2566.07052
G1 X31.962 Y76.215 E2566.09711
G1 X32.264 Y77.005 E2566.12524
G1 X32.436 Y77.844 E2566.15372
G1 X32.467 Y78.684 E2566.18168
G1 X32.368 Y79.509 E2566.20932
G1 X32.137 Y80.3 E2566.23673
G1 X31.78 Y81.049 E2566.26432
G1 X31.309 Y81.738 E2566.29208
G1 X30.712 Y82.365 E2566.32088
G1 X30.06 Y82.849 E2566.34788
G0 F11250 X30.48 Y83.411
G0 X30.969 Y83.769
;TYPE:FILL
G1 F4500 X34.631 Y82.788 E2566.47398
G0 F11250 X35.089 Y81.835
G1 F4500 X33.489 Y80.234 E2566.54926
G0 F11250 X33.546 Y76.867
G1 F4500 X36.559 Y76.059 E2566.65301
G0 F11250 X36.791 Y75.051
G1 F4500 X23.907 Y62.167 E2567.25904
G0 F11250 X24.424 Y60.676
G1 F4500 X41.095 Y56.209 E2567.83308
G0 F11250 X41.526 Y54.33
G1 F4500 X30.462 Y43.266 E2568.35349
G0 F11250 X31.55 Y40.132
G1 F4500 X45.631 Y36.359 E2568.83835
G0 F11250 X46.26 Y33.609
G1 F4500 X37.018 Y24.366 E2569.27309
G0 F11250 X36.3 Y26.436
G1 F4500 X47.501 Y23.434 E2569.65878
G0 F11250 X46.076 Y21.456
G1 F4500 X31.99 Y74.024 E2571.46889
G0 F11250 X28.286 Y72.065
G1 F4500 X38.071 Y69.443 E2571.80582
G0 F11250 X38.369 Y68.144
G1 F4500 X26.092 Y55.867 E2572.38329
G0 F11250 X26.8 Y53.828
G1 F4500 X42.607 Y49.592 E2572.92758
G0 F11250 X43.104 Y47.423
G1 F4500 X32.647 Y36.966 E2573.41945
G0 F11250 X33.925 Y33.284
G1 F4500 X47.143 Y29.742 E2573.87459
G0 F11250 X47.829 Y26.693
G1 F4500 X41.33 Y20.194 E2574.18028
G0 F11250 X40.095 Y20.596
G1 F4500 X26.306 Y72.057 E2575.95226
G0 F11250 X25.495 Y72.24
G1 F4500 X21.722 Y68.468 E2576.12971
G0 F11250 X22.05 Y67.524
G1 F4500 X39.583 Y62.826 E2576.73343
G0 F11250 X39.947 Y61.237
G1 F4500 X28.277 Y49.567 E2577.28235
G0 F11250 X29.175 Y46.98
G1 F4500 X44.119 Y42.975 E2577.79693
G0 F11250 X44.682 Y40.516
G1 F4500 X34.833 Y30.667 E2578.2602
G1 F2700 E2573.2602
G0 F11250 X23.208 Y73.425
G1 F2700 E2578.2602
G1 F4500 X19.674 Y74.372 E2578.38189
G0 F11250 X19.537 Y74.767
G1 F4500 X21.148 Y76.379 E2578.45769
G0 F11250 X18.791 Y76.919
G1 F4500 X9.395 Y111.984 E2579.6651
G0 F11250 X7.8 Y108.612
G1 F4500 X18.146 Y105.84 E2580.02135
G0 F11250 X17.835 Y107.006
G1 F4500 X10.797 Y99.969 E2580.35237
G0 F11250 X10.174 Y101.764
G1 F4500 X27.517 Y97.117 E2580.94955
G0 F11250 X26.655 Y98.856
G1 F4500 X15.167 Y87.368 E2581.48991
G0 F11250 X14.924 Y88.068
G1 F4500 X26.71 Y84.91 E2581.89574
G0 F11250 X29.142 Y84.653
G1 F4500 X24.03 Y103.732 E2582.55269
G0 F11250 X22.69 Y103.377
G1 F4500 X12.982 Y93.668 E2583.00935
G0 F11250 X12.55 Y94.916
G1 F4500 X31.074 Y89.952 E2583.6472
G0 F11250 X32.284 Y87.515
G1 F4500 X29.353 Y84.583 E2583.78509
G0 F11250 X26.225 Y84.179
G0 X23.236 Y83.515
G1 F4500 X15.607 Y111.983 E2584.76535
G0 F11250 X14.326 Y111.983
G1 F4500 X8.611 Y106.268 E2585.03416
G0 F11250 X29.47 Y93.186
G1 F4500 X17.352 Y81.068 E2585.60416
G1 X17.3 Y81.22
G1 X21.051 Y80.215 E2585.73332
;MESH:NONMESH
G0 F300 X21.051 Y80.215 Z8.6
G0 F11250 X23.4 Y82.835
G0 X24.152 Y83.399
G0 X24.984 Y83.836
G0 X25.877 Y84.134
G0 X26.804 Y84.285
G0 X27.564 Y84.285
G0 X30.691 Y83.875
;TIME_ELAPSED:2533.646023
;LAYER:42
;TYPE:WALL-INNER
;MESH:Sperrklinke
G1 F2250 X29.79 Y84.352 E2585.76722
G1 X28.806 Y84.681 E2585.80173
G1 X27.788 Y84.844 E2585.83602
G1 X26.755 Y84.844 E2585.87038
G1 X25.738 Y84.681 E2585.90464
G1 X24.77 Y84.353 E2585.93863
G1 X23.858 Y83.879 E2585.97282
G1 X23.025 Y83.256 E2586.00742
G1 X22.307 Y82.507 E2586.04192
G1 X21.728 Y81.663 E2586.07597
G1 X21.282 Y80.729 E2586.11039
G1 X20.999 Y79.742 E2586.14454
G1 X20.872 Y78.717 E2586.17889
G1 X20.918 Y77.686 E2586.21322
G1 X21.117 Y76.687 E2586.2471
G1 X21.484 Y75.718 E2586.28156
G1 X21.996 Y74.831 E2586.31563
G1 X22.652 Y74.026 E2586.35017
G1 X23.422 Y73.342 E2586.38442
G1 X24.296 Y72.787 E2586.41886
G1 X25.25 Y72.382 E2586.45333
G1 X26.247 Y72.141 E2586.48744
G1 X27.268 Y72.054 E2586.52152
G1 X28.309 Y72.146 E2586.55628
G1 X29.302 Y72.389 E2586.59028
G1 X30.246 Y72.786 E2586.62435
G1 X31.122 Y73.342 E2586.65885
G1 X31.892 Y74.025 E2586.69309
G1 X32.545 Y74.827 E2586.72749
G1 X33.057 Y75.714 E2586.76155
G1 X33.425 Y76.682 E2586.79599
G1 X33.63 Y77.676 E2586.82975
G1 X33.672 Y78.705 E2586.864
G1 X33.552 Y79.733 E2586.89843
G1 X33.256 Y80.743 E2586.93343
G1 X32.817 Y81.663 E2586.96734
G1 X32.235 Y82.51 E2587.00152
G1 X31.525 Y83.257 E2587.0358
G1 X30.691 Y83.875 E2587.07032
G0 F11250 X30.468 Y83.541
G1 F2250 X29.633 Y83.983 E2587.10174
G1 X28.713 Y84.291 E2587.13401
G1 X27.756 Y84.444 E2587.16625
G1 X26.788 Y84.444 E2587.19844
G1 X25.836 Y84.291 E2587.23051
G1 X24.924 Y83.984 E2587.26252
G1 X24.07 Y83.539 E2587.29455
G1 X23.295 Y82.96 E2587.32672
G1 X22.62 Y82.257 E2587.35914
G1 X22.074 Y81.462 E2587.39122
G1 X21.656 Y80.583 E2587.42359
G1 X21.393 Y79.666 E2587.45532
G1 X21.273 Y78.701 E2587.48766
G1 X21.324 Y77.692 E2587.52126
G1 X21.502 Y76.799 E2587.55155
G1 X21.849 Y75.885 E2587.58407
G1 X22.328 Y75.057 E2587.61588
G1 X22.944 Y74.3 E2587.64834
G1 X23.665 Y73.661 E2587.68039
G1 X24.477 Y73.145 E2587.71238
G1 X25.375 Y72.764 E2587.74483
G1 X26.31 Y72.537 E2587.77683
G1 X27.271 Y72.456 E2587.80891
G1 X28.241 Y72.537 E2587.84128
G1 X29.17 Y72.764 E2587.87309
G1 X30.067 Y73.145 E2587.9055
G1 X30.879 Y73.661 E2587.9375
G1 X31.603 Y74.303 E2587.96969
G1 X32.211 Y75.049 E2588.0017
G1 X32.693 Y75.883 E2588.03373
G1 X33.04 Y76.794 E2588.06616
G1 X33.231 Y77.725 E2588.09777
G1 X33.271 Y78.697 E2588.13012
G1 X33.149 Y79.687 E2588.1633
G1 X32.891 Y80.568 E2588.19383
G1 X32.468 Y81.465 E2588.22682
G1 X31.925 Y82.256 E2588.25873
G1 X31.257 Y82.957 E2588.29094
G1 X30.468 Y83.541 E2588.32358
G0 F11250 X30.221 Y83.219
G1 F2250 X29.476 Y83.612 E2588.3516
G1 X28.614 Y83.902 E2588.38185
G1 X27.723 Y84.044 E2588.41186
G1 X26.82 Y84.044 E2588.44189
G1 X25.931 Y83.901 E2588.47184
G1 X25.077 Y83.615 E2588.50179
G1 X24.282 Y83.198 E2588.53165
G1 X23.555 Y82.654 E2588.56185
G1 X22.935 Y82.008 E2588.59163
G1 X22.422 Y81.26 E2588.6218
G1 X22.033 Y80.448 E2588.65175
G1 X21.785 Y79.583 E2588.68168
G1 X21.674 Y78.683 E2588.71184
G1 X21.719 Y77.756 E2588.74271
G1 X21.901 Y76.875 E2588.77263
G1 X22.213 Y76.055 E2588.80181
G1 X22.659 Y75.284 E2588.83143
G1 X23.202 Y74.616 E2588.86006
G1 X23.903 Y73.984 E2588.89146
G1 X24.669 Y73.498 E2588.92163
G1 X25.503 Y73.143 E2588.95178
G1 X26.326 Y72.944 E2588.97994
G1 X27.271 Y72.857 E2589.0115
G1 X28.178 Y72.936 E2589.04178
G1 X29.005 Y73.135 E2589.07007
G1 X29.873 Y73.497 E2589.10135
G1 X30.639 Y73.983 E2589.13153
G1 X31.311 Y74.578 E2589.16138
G1 X31.883 Y75.279 E2589.19147
G1 X32.33 Y76.053 E2589.2212
G1 X32.654 Y76.905 E2589.25152
G1 X32.834 Y77.779 E2589.2812
G1 X32.87 Y78.684 E2589.31132
G1 X32.758 Y79.598 E2589.34195
G1 X32.514 Y80.434 E2589.37091
G1 X32.138 Y81.227 E2589.4001
G1 X31.613 Y82.002 E2589.43124
G1 X30.99 Y82.656 E2589.46128
G1 X30.221 Y83.219 E2589.49298
G1 F2700 E2584.49298
G0 F11250 X30.36 Y83.486
G0 X19.471 Y103.424
G0 X17.468 Y110.905
G0 X19.602 Y112.063
G1 F2700 E2589.49298
G1 F2250 X18.12 Y111.67 E2589.54397
G1 X17.578 Y111.388 E2589.5643
G1 X17.245 Y110.977 E2589.58189
G1 X17.103 Y110.568 E2589.59629
G1 X17.082 Y110.223 E2589.60779
G1 X17.127 Y109.954 E2589.61686
G1 X18.729 Y103.981 E2589.82254
G1 X18.846 Y103.728 E2589.83181
G1 X19.074 Y103.437 E2589.84411
G1 X19.351 Y103.227 E2589.85567
G1 X19.643 Y103.1 E2589.86626
G1 X19.923 Y103.045 E2589.87575
G1 X20.282 Y103.051 E2589.88769
G1 X24.143 Y104.09 E2590.02068
G1 X34.959 Y82.31 E2590.82949
G1 X35.246 Y81.691 E2590.85218
G1 X35.477 Y81.039 E2590.87519
G1 X35.665 Y80.338 E2590.89933
G1 X47.88 Y26.873 E2592.7234
G1 X48.003 Y26.107 E2592.74921
G1 X48.025 Y25.371 E2592.7737
G1 X47.945 Y24.639 E2592.79819
G1 X47.775 Y23.924 E2592.82263
G1 X47.511 Y23.239 E2592.84705
G1 X47.156 Y22.59 E2592.87165
G1 X46.713 Y21.987 E2592.89654
G1 X46.212 Y21.463 E2592.92065
G1 X45.629 Y20.995 E2592.94552
G1 X45.005 Y20.62 E2592.96973
G1 X44.334 Y20.329 E2592.99406
G1 X43.607 Y20.12 E2593.01922
G1 X42.893 Y20.015 E2593.04322
G1 X42.151 Y20.002 E2593.0679
G1 X41.419 Y20.088 E2593.09242
G1 X40.697 Y20.271 E2593.11719
G1 X40.023 Y20.539 E2593.14131
G1 X39.371 Y20.904 E2593.16617
G1 X38.788 Y21.343 E2593.19044
G1 X38.259 Y21.863 E2593.21511
G1 X37.801 Y22.449 E2593.23985
G1 X37.435 Y23.074 E2593.26394
G1 X37.132 Y23.791 E2593.28983
G1 X7.684 Y108.7 E2596.27894
G1 X7.684 Y112.064 E2596.39082
G1 X19.602 Y112.063 E2596.78722
G0 F11250 X20.435 Y112.464
G1 F2250 X20.695 Y111.941 E2596.80664
G1 X18.223 Y111.283 E2596.89172
G1 X17.835 Y111.082 E2596.90626
G1 X17.598 Y110.788 E2596.91882
G1 X17.496 Y110.496 E2596.92911
G1 X17.478 Y110.186 E2596.93943
G1 X19.133 Y104.004 E2597.15229
G1 X19.353 Y103.724 E2597.16413
G1 X19.656 Y103.521 E2597.17626
G1 X20.054 Y103.44 E2597.18977
G1 X20.312 Y103.474 E2597.19843
G1 X24.356 Y104.561 E2597.33771
G1 X35.32 Y82.482 E2598.15761
G1 X35.601 Y81.864 E2598.18019
G1 X35.611 Y81.859 E2598.18057
G1 X35.86 Y81.158 E2598.20531
G1 X36.049 Y80.454 E2598.22955
G1 X48.273 Y26.949 E2600.05499
G1 X48.402 Y26.145 E2600.08207
G1 X48.426 Y25.356 E2600.10833
G1 X48.34 Y24.571 E2600.13459
G1 X48.158 Y23.806 E2600.16075
G1 X47.874 Y23.07 E2600.18699
G1 X47.494 Y22.375 E2600.21333
G1 X47.02 Y21.729 E2600.23998
G1 X46.483 Y21.167 E2600.26583
G1 X45.858 Y20.667 E2600.29245
G1 X45.189 Y20.264 E2600.31843
G1 X44.469 Y19.952 E2600.34453
G1 X43.691 Y19.728 E2600.37146
G1 X42.926 Y19.615 E2600.39718
G1 X42.131 Y19.602 E2600.42362
G1 X41.347 Y19.694 E2600.44988
G1 X40.574 Y19.89 E2600.4764
G1 X39.851 Y20.177 E2600.50227
G1 X39.152 Y20.568 E2600.52891
G1 X38.527 Y21.04 E2600.55496
G1 X37.96 Y21.596 E2600.58137
G1 X37.469 Y22.224 E2600.60789
G1 X37.076 Y22.894 E2600.63372
G1 X36.759 Y23.647 E2600.6609
G1 X7.284 Y108.633 E2603.65272
G1 X7.284 Y112.464 E2603.78014
G1 X20.435 Y112.464 E2604.21754
G0 F11250 X20.683 Y112.864
G1 F2250 X21.271 Y111.68 E2604.26151
G1 X18.325 Y110.897 E2604.3629
G1 X18.093 Y110.776 E2604.3716
G1 X17.95 Y110.599 E2604.37917
G1 X17.889 Y110.424 E2604.38533
G1 X17.879 Y110.238 E2604.39153
G1 X19.498 Y104.207 E2604.59922
G1 X19.58 Y104.068 E2604.60459
G1 X19.751 Y103.92 E2604.61211
G1 X19.938 Y103.85 E2604.61875
G1 X20.208 Y103.86 E2604.62774
G1 X24.569 Y105.032 E2604.77793
G1 X35.681 Y82.654 E2605.60894
G1 X35.964 Y82.034 E2605.63161
G1 X35.976 Y82.026 E2605.63209
G1 X36.242 Y81.277 E2605.65852
G1 X36.437 Y80.551 E2605.68352
G1 X48.666 Y27.025 E2607.50968
G1 X48.801 Y26.183 E2607.53804
G1 X48.826 Y25.34 E2607.56609
G1 X48.735 Y24.503 E2607.5941
G1 X48.541 Y23.687 E2607.62199
G1 X48.238 Y22.902 E2607.64998
G1 X47.832 Y22.159 E2607.67814
G1 X47.327 Y21.471 E2607.70653
G1 X46.753 Y20.872 E2607.73412
G1 X46.087 Y20.338 E2607.76251
G1 X45.372 Y19.907 E2607.79028
G1 X44.604 Y19.574 E2607.81812
G1 X43.776 Y19.336 E2607.84677
G1 X42.958 Y19.216 E2607.87427
G1 X42.111 Y19.201 E2607.90245
G1 X41.274 Y19.3 E2607.93048
G1 X40.45 Y19.508 E2607.95875
G1 X39.679 Y19.815 E2607.98635
G1 X38.933 Y20.232 E2608.01477
G1 X38.265 Y20.736 E2608.04261
G1 X37.661 Y21.329 E2608.07076
G1 X37.138 Y21.999 E2608.09903
G1 X36.718 Y22.714 E2608.12661
G1 X36.385 Y23.504 E2608.15512
G1 X6.884 Y108.566 E2611.14962
G1 X6.884 Y112.864 E2611.29257
G1 X20.683 Y112.864 E2611.75153
G0 F11250 X20.931 Y113.264
;TYPE:WALL-OUTER
G1 F2250 X21.847 Y111.419 E2611.82004
G1 X18.364 Y110.493 E2611.93991
G1 X18.269 Y110.328 E2611.94624
G1 X19.867 Y104.362 E2612.15166
G1 X19.951 Y104.266 E2612.15591
G1 X20.055 Y104.233 E2612.15954
G1 X24.781 Y105.504 E2612.32231
G1 X36.043 Y82.826 E2613.16447
G1 X36.326 Y82.203 E2613.18723
G1 X36.341 Y82.194 E2613.18781
G1 X36.624 Y81.396 E2613.21597
G1 X36.835 Y80.606 E2613.24317
G1 X49.059 Y27.101 E2615.0686
G1 X49.2 Y26.221 E2615.09825
G1 X49.227 Y25.324 E2615.12809
G1 X49.13 Y24.435 E2615.15784
G1 X48.924 Y23.568 E2615.18748
G1 X48.602 Y22.733 E2615.21724
G1 X48.17 Y21.944 E2615.24716
G1 X47.634 Y21.213 E2615.27731
G1 X47.024 Y20.576 E2615.30664
G1 X46.317 Y20.009 E2615.33679
G1 X45.556 Y19.551 E2615.36633
G1 X44.74 Y19.197 E2615.39591
G1 X43.861 Y18.944 E2615.42634
G1 X42.991 Y18.816 E2615.45558
G1 X42.091 Y18.801 E2615.48552
G1 X41.201 Y18.906 E2615.51533
G1 X40.326 Y19.127 E2615.54535
G1 X39.507 Y19.453 E2615.57466
G1 X38.714 Y19.896 E2615.60488
G1 X38.003 Y20.432 E2615.63449
G1 X37.362 Y21.062 E2615.66438
G1 X36.806 Y21.773 E2615.6944
G1 X36.36 Y22.534 E2615.72374
G1 X36.011 Y23.36 E2615.75357
G1 X6.484 Y108.498 E2618.75073
G1 X6.484 Y113.264 E2618.90925
G1 X20.931 Y113.264 E2619.38976
G1 F2700 E2614.38976
G0 F11250 X20.508 Y112.579
G0 X17.468 Y110.905
G0 X19.471 Y103.424
G0 X30.48 Y83.411
G0 X30.06 Y82.849
G1 F2700 E2619.38976
G1 F2250 X29.3 Y83.25 E2619.41834
G1 X28.504 Y83.514 E2619.44623
G1 X27.704 Y83.642 E2619.47318
G1 X26.84 Y83.642 E2619.50191
G1 X26.012 Y83.506 E2619.52982
G1 X25.231 Y83.245 E2619.55721
G1 X24.484 Y82.849 E2619.58533
G1 X23.811 Y82.343 E2619.61334
G1 X23.235 Y81.738 E2619.64112
G1 X22.763 Y81.047 E2619.66895
G1 X22.403 Y80.288 E2619.69689
G1 X22.177 Y79.489 E2619.72451
G1 X22.077 Y78.685 E2619.75146
G1 X22.115 Y77.812 E2619.78052
G1 X22.271 Y77.032 E2619.80698
G1 X22.582 Y76.215 E2619.83605
G1 X22.982 Y75.523 E2619.86264
G1 X23.512 Y74.869 E2619.89064
G1 X24.16 Y74.295 E2619.91943
G1 X24.869 Y73.847 E2619.94732
G1 X25.644 Y73.521 E2619.97529
G1 X26.451 Y73.328 E2620.00289
G1 X27.289 Y73.26 E2620.03085
G1 X28.113 Y73.33 E2620.05835
G1 X28.917 Y73.526 E2620.08588
G1 X29.675 Y73.847 E2620.11326
G1 X30.409 Y74.314 E2620.14219
G1 X31.032 Y74.869 E2620.16994
G1 X31.562 Y75.523 E2620.19794
G1 X31.962 Y76.215 E2620.22453
G1 X32.264 Y77.005 E2620.25266
G1 X32.436 Y77.844 E2620.28114
G1 X32.467 Y78.684 E2620.3091
G1 X32.368 Y79.509 E2620.33674
G1 X32.137 Y80.3 E2620.36414
G1 X31.78 Y81.049 E2620.39174
G1 X31.309 Y81.738 E2620.4195
G1 X30.712 Y82.365 E2620.44829
G1 X30.06 Y82.849 E2620.4753
G0 F11250 X30.48 Y83.411
G0 X30.595 Y84.016
;TYPE:FILL
G1 F4500 X34.546 Y82.958 E2620.61134
G0 F11250 X35.153 Y81.698
G1 F4500 X33.534 Y80.078 E2620.68752
G0 F11250 X33.575 Y77.006
G1 F4500 X36.524 Y76.216 E2620.78906
G0 F11250 X36.828 Y74.888
G1 F4500 X23.959 Y62.018 E2621.3944
G0 F11250 X24.368 Y60.838
G1 F4500 X41.06 Y56.366 E2621.96916
G0 F11250 X41.563 Y54.167
G1 F4500 X30.514 Y43.117 E2622.4889
G0 F11250 X31.494 Y40.294
G1 F4500 X45.595 Y36.515 E2622.97445
G0 F11250 X46.298 Y33.445
G1 F4500 X37.069 Y24.217 E2623.40853
G0 F11250 X36.244 Y26.598
G1 F4500 X47.552 Y23.568 E2623.7979
G0 F11250 X45.955 Y21.36
G1 F4500 X31.875 Y73.905 E2625.60721
G0 F11250 X28.583 Y72.132
G1 F4500 X38.036 Y69.599 E2625.93271
G0 F11250 X38.407 Y67.981
G1 F4500 X26.144 Y55.718 E2626.50952
G0 F11250 X26.744 Y53.99
G1 F4500 X42.572 Y49.749 E2627.05454
G0 F11250 X43.141 Y47.259
G1 F4500 X32.699 Y36.817 E2627.5457
G0 F11250 X33.868 Y33.446
G1 F4500 X47.107 Y29.898 E2628.00156
G0 F11250 X47.856 Y26.519
G1 F4500 X41.497 Y20.16 E2628.30067
G0 F11250 X39.923 Y20.687
G1 F4500 X26.152 Y72.082 E2630.07038
G0 F11250 X25.657 Y72.201
G1 F4500 X21.774 Y68.319 E2630.253
G0 F11250 X21.994 Y67.686
G1 F4500 X39.548 Y62.982 E2630.85745
G0 F11250 X39.985 Y61.074
G1 F4500 X28.329 Y49.418 E2631.40571
G0 F11250 X29.118 Y47.142
G1 F4500 X44.084 Y43.132 E2631.92104
G0 F11250 X44.72 Y40.352
G1 F4500 X34.884 Y30.517 E2632.38367
G1 F2700 E2627.38367
G0 F11250 X22.97 Y73.636
G1 F2700 E2632.38367
G1 F4500 X19.618 Y74.534 E2632.49909
G1 X19.588 Y74.618
G1 X21.203 Y76.233 E2632.57505
G0 F11250 X18.145 Y78.783
G1 F4500 X9.248 Y111.984 E2633.71828
G0 F11250 X7.764 Y108.769
G1 F4500 X18.102 Y105.999 E2634.07426
G0 F11250 X17.876 Y106.847
G1 F4500 X10.848 Y99.819 E2634.40483
G0 F11250 X10.118 Y101.926
G1 F4500 X27.431 Y97.287 E2635.00098
G0 F11250 X26.72 Y98.721
G1 F4500 X15.218 Y87.219 E2635.542
G0 F11250 X14.868 Y88.23
G1 F4500 X27.206 Y84.924 E2635.96684
G0 F11250 X28.981 Y84.706
G1 F4500 X23.832 Y103.922 E2636.62851
G0 F11250 X23.292 Y103.778
G1 F4500 X13.033 Y93.519 E2637.11106
G0 F11250 X12.494 Y95.078
G1 F4500 X30.988 Y90.122 E2637.74788
G0 F11250 X32.351 Y87.381
G1 F4500 X29.503 Y84.532 E2637.88186
G0 F11250 X26.804 Y84.285
G0 X26.278 Y84.2
G0 X23.113 Y83.423
G1 F4500 X15.46 Y111.983 E2638.86529
G0 F11250 X14.527 Y111.983
G1 F4500 X8.663 Y106.12 E2639.14109
G0 F11250 X29.536 Y93.051
G1 F4500 X17.403 Y80.918 E2639.71179
G0 F11250 X17.244 Y81.382
G1 F4500 X21.09 Y80.351 E2639.84422
;MESH:NONMESH
G0 F300 X21.09 Y80.351 Z8.8
G0 F11250 X23.4 Y82.835
G0 X24.152 Y83.399
G0 X24.984 Y83.836
G0 X25.877 Y84.134
G0 X26.804 Y84.285
G0 X27.564 Y84.285
G0 X30.691 Y83.875
;TIME_ELAPSED:2582.506151
;LAYER:43
;TYPE:WALL-INNER
;MESH:Sperrklinke
G1 F2250 X29.79 Y84.352 E2639.87813
G1 X28.806 Y84.681 E2639.91264
G1 X27.788 Y84.844 E2639.94693
G1 X26.755 Y84.844 E2639.98129
G1 X25.738 Y84.681 E2640.01554
G1 X24.77 Y84.353 E2640.04954
G1 X23.858 Y83.879 E2640.08372
G1 X23.025 Y83.256 E2640.11832
G1 X22.307 Y82.507 E2640.15283
G1 X21.728 Y81.663 E2640.18687
G1 X21.282 Y80.729 E2640.2213
G1 X20.999 Y79.742 E2640.25545
G1 X20.872 Y78.717 E2640.2898
G1 X20.918 Y77.686 E2640.32412
G1 X21.117 Y76.687 E2640.358
G1 X21.484 Y75.718 E2640.39247
G1 X21.996 Y74.831 E2640.42653
G1 X22.652 Y74.026 E2640.46107
G1 X23.422 Y73.342 E2640.49532
G1 X24.296 Y72.787 E2640.52976
G1 X25.25 Y72.382 E2640.56423
G1 X26.247 Y72.141 E2640.59835
G1 X27.268 Y72.054 E2640.63243
G1 X28.309 Y72.146 E2640.66719
G1 X29.302 Y72.389 E2640.70119
G1 X30.246 Y72.786 E2640.73525
G1 X31.122 Y73.342 E2640.76976
G1 X31.892 Y74.026 E2640.80401
G1 X32.545 Y74.827 E2640.83839
G1 X33.057 Y75.714 E2640.87245
G1 X33.425 Y76.682 E2640.90689
G1 X33.63 Y77.676 E2640.94065
G1 X33.672 Y78.705 E2640.9749
G1 X33.552 Y79.733 E2641.00933
G1 X33.256 Y80.743 E2641.04433
G1 X32.817 Y81.663 E2641.07824
G1 X32.235 Y82.51 E2641.11242
G1 X31.525 Y83.257 E2641.1467
G1 X30.691 Y83.875 E2641.18122
G0 F11250 X30.472 Y83.539
G1 F2250 X29.633 Y83.983 E2641.21279
G1 X28.713 Y84.291 E2641.24506
G1 X27.756 Y84.444 E2641.2773
G1 X26.788 Y84.444 E2641.30949
G1 X25.836 Y84.291 E2641.34156
G1 X24.924 Y83.984 E2641.37357
G1 X24.07 Y83.539 E2641.4056
G1 X23.295 Y82.96 E2641.43777
G1 X22.62 Y82.257 E2641.47019
G1 X22.074 Y81.462 E2641.50226
G1 X21.656 Y80.583 E2641.53464
G1 X21.393 Y79.666 E2641.56637
G1 X21.273 Y78.701 E2641.59871
G1 X21.324 Y77.692 E2641.63231
G1 X21.502 Y76.799 E2641.6626
G1 X21.849 Y75.885 E2641.69511
G1 X22.328 Y75.057 E2641.72693
G1 X22.944 Y74.3 E2641.75939
G1 X23.665 Y73.661 E2641.79143
G1 X24.477 Y73.145 E2641.82343
G1 X25.375 Y72.764 E2641.85588
G1 X26.31 Y72.537 E2641.88788
G1 X27.271 Y72.456 E2641.91996
G1 X28.241 Y72.537 E2641.95233
G1 X29.17 Y72.764 E2641.98414
G1 X30.067 Y73.145 E2642.01655
G1 X30.879 Y73.661 E2642.04855
G1 X31.603 Y74.303 E2642.08073
G1 X32.211 Y75.049 E2642.11274
G1 X32.693 Y75.883 E2642.14478
G1 X33.04 Y76.794 E2642.17721
G1 X33.231 Y77.725 E2642.20882
G1 X33.271 Y78.697 E2642.24117
G1 X33.149 Y79.687 E2642.27435
G1 X32.891 Y80.568 E2642.30488
G1 X32.468 Y81.465 E2642.33787
G1 X31.925 Y82.256 E2642.36978
G1 X31.257 Y82.957 E2642.40198
G1 X30.472 Y83.539 E2642.43449
G0 F11250 X30.221 Y83.219
G1 F2250 X29.476 Y83.612 E2642.4625
G1 X28.614 Y83.902 E2642.49275
G1 X27.723 Y84.044 E2642.52276
G1 X26.82 Y84.044 E2642.55279
G1 X25.931 Y83.901 E2642.58274
G1 X25.077 Y83.615 E2642.6127
G1 X24.282 Y83.198 E2642.64255
G1 X23.555 Y82.654 E2642.67276
G1 X22.935 Y82.008 E2642.70254
G1 X22.422 Y81.26 E2642.7327
G1 X22.033 Y80.448 E2642.76265
G1 X21.785 Y79.583 E2642.79258
G1 X21.674 Y78.683 E2642.82274
G1 X21.719 Y77.756 E2642.85361
G1 X21.901 Y76.875 E2642.88353
G1 X22.213 Y76.055 E2642.91271
G1 X22.659 Y75.284 E2642.94233
G1 X23.202 Y74.616 E2642.97097
G1 X23.903 Y73.984 E2643.00236
G1 X24.669 Y73.498 E2643.03253
G1 X25.503 Y73.143 E2643.06268
G1 X26.326 Y72.944 E2643.09084
G1 X27.271 Y72.857 E2643.1224
G1 X28.178 Y72.936 E2643.15269
G1 X29.005 Y73.135 E2643.18098
G1 X29.873 Y73.497 E2643.21226
G1 X30.638 Y73.983 E2643.2424
G1 X31.311 Y74.577 E2643.27226
G1 X31.883 Y75.279 E2643.30238
G1 X32.33 Y76.053 E2643.3321
G1 X32.654 Y76.905 E2643.36242
G1 X32.834 Y77.779 E2643.3921
G1 X32.87 Y78.684 E2643.42222
G1 X32.758 Y79.598 E2643.45285
G1 X32.514 Y80.434 E2643.48182
G1 X32.138 Y81.227 E2643.51101
G1 X31.613 Y82.002 E2643.54214
G1 X30.99 Y82.656 E2643.57218
G1 X30.221 Y83.219 E2643.60388
G1 F2700 E2638.60388
G0 F11250 X30.36 Y83.486
G0 X19.4 Y103.687
G0 X17.538 Y110.64
G0 X20.187 Y112.063
G1 F2700 E2643.60388
G1 F2250 X20.233 Y111.97 E2643.60733
G1 X18.178 Y111.406 E2643.67821
G1 X17.639 Y111.122 E2643.69847
G1 X17.31 Y110.712 E2643.71596
G1 X17.17 Y110.305 E2643.73027
G1 X17.151 Y109.962 E2643.7417
G1 X17.195 Y109.693 E2643.75076
G1 X18.631 Y104.333 E2643.93533
G1 X18.813 Y103.899 E2643.95098
G1 X19.137 Y103.58 E2643.9661
G1 X19.424 Y103.412 E2643.97716
G1 X19.711 Y103.322 E2643.98717
G1 X19.979 Y103.296 E2643.99612
G1 X20.341 Y103.342 E2644.00826
G1 X24.033 Y104.315 E2644.13525
G1 X34.959 Y82.31 E2644.95239
G1 X35.246 Y81.691 E2644.97508
G1 X35.477 Y81.039 E2644.99809
G1 X35.665 Y80.338 E2645.02223
G1 X47.88 Y26.873 E2646.8463
G1 X48.003 Y26.107 E2646.87211
G1 X48.025 Y25.371 E2646.8966
G1 X47.945 Y24.639 E2646.92109
G1 X47.775 Y23.924 E2646.94553
G1 X47.511 Y23.239 E2646.96995
G1 X47.156 Y22.59 E2646.99455
G1 X46.713 Y21.987 E2647.01944
G1 X46.212 Y21.463 E2647.04355
G1 X45.629 Y20.995 E2647.06842
G1 X45.005 Y20.62 E2647.09263
G1 X44.334 Y20.329 E2647.11696
G1 X43.607 Y20.12 E2647.14212
G1 X42.893 Y20.015 E2647.16612
G1 X42.151 Y20.002 E2647.1908
G1 X41.419 Y20.088 E2647.21532
G1 X40.697 Y20.271 E2647.24009
G1 X40.023 Y20.539 E2647.26421
G1 X39.371 Y20.904 E2647.28907
G1 X38.788 Y21.343 E2647.31334
G1 X38.259 Y21.863 E2647.33801
G1 X37.801 Y22.449 E2647.36275
G1 X37.435 Y23.074 E2647.38684
G1 X37.132 Y23.791 E2647.41273
G1 X7.684 Y108.7 E2650.40184
G1 X7.684 Y112.064 E2650.51372
G1 X20.187 Y112.063 E2650.92957
G0 F11250 X20.435 Y112.463
G1 F2250 X20.808 Y111.712 E2650.95746
G1 X18.284 Y111.021 E2651.0445
G1 X17.899 Y110.818 E2651.05898
G1 X17.664 Y110.525 E2651.07147
G1 X17.563 Y110.234 E2651.08172
G1 X17.547 Y109.928 E2651.09191
G1 X19.069 Y104.256 E2651.28723
G1 X19.283 Y103.981 E2651.29882
G1 X19.48 Y103.831 E2651.30706
G1 X19.887 Y103.7 E2651.32128
G1 X20.138 Y103.702 E2651.32963
G1 X24.246 Y104.785 E2651.47093
G1 X35.32 Y82.482 E2652.29914
G1 X35.601 Y81.864 E2652.32172
G1 X35.611 Y81.859 E2652.32209
G1 X35.86 Y81.158 E2652.34683
G1 X36.049 Y80.454 E2652.37107
G1 X48.273 Y26.949 E2654.19651
G1 X48.402 Y26.145 E2654.22359
G1 X48.426 Y25.356 E2654.24985
G1 X48.34 Y24.571 E2654.27611
G1 X48.158 Y23.806 E2654.30227
G1 X47.874 Y23.07 E2654.32851
G1 X47.494 Y22.375 E2654.35485
G1 X47.02 Y21.729 E2654.3815
G1 X46.483 Y21.167 E2654.40736
G1 X45.858 Y20.667 E2654.43398
G1 X45.189 Y20.264 E2654.45995
G1 X44.469 Y19.952 E2654.48605
G1 X43.691 Y19.728 E2654.51298
G1 X42.926 Y19.615 E2654.5387
G1 X42.131 Y19.602 E2654.56514
G1 X41.347 Y19.694 E2654.5914
G1 X40.574 Y19.89 E2654.61792
G1 X39.851 Y20.177 E2654.6438
G1 X39.152 Y20.568 E2654.67043
G1 X38.527 Y21.04 E2654.69648
G1 X37.96 Y21.596 E2654.7229
G1 X37.469 Y22.224 E2654.74941
G1 X37.076 Y22.894 E2654.77525
G1 X36.759 Y23.647 E2654.80242
G1 X7.284 Y108.633 E2657.79424
G1 X7.284 Y112.464 E2657.92166
G1 X20.435 Y112.463 E2658.35906
G0 F11250 X20.683 Y112.863
G1 F2250 X21.382 Y111.455 E2658.41135
G1 X18.389 Y110.635 E2658.51456
G1 X18.158 Y110.513 E2658.52325
G1 X18.017 Y110.337 E2658.53075
G1 X17.947 Y109.978 E2658.54292
G1 X19.43 Y104.442 E2658.73354
G1 X19.681 Y104.177 E2658.74568
G1 X19.926 Y104.098 E2658.75424
G1 X20.082 Y104.1 E2658.75943
G1 X24.46 Y105.255 E2658.91003
G1 X35.681 Y82.654 E2659.74929
G1 X35.964 Y82.034 E2659.77195
G1 X35.976 Y82.026 E2659.77243
G1 X36.242 Y81.277 E2659.79887
G1 X36.437 Y80.551 E2659.82387
G1 X48.666 Y27.025 E2661.65003
G1 X48.801 Y26.183 E2661.67839
G1 X48.826 Y25.34 E2661.70644
G1 X48.735 Y24.503 E2661.73444
G1 X48.541 Y23.687 E2661.76234
G1 X48.238 Y22.902 E2661.79033
G1 X47.832 Y22.159 E2661.81849
G1 X47.327 Y21.471 E2661.84687
G1 X46.753 Y20.872 E2661.87447
G1 X46.087 Y20.338 E2661.90286
G1 X45.372 Y19.907 E2661.93063
G1 X44.604 Y19.574 E2661.95847
G1 X43.776 Y19.336 E2661.98712
G1 X42.958 Y19.216 E2662.01462
G1 X42.111 Y19.201 E2662.0428
G1 X41.274 Y19.3 E2662.07083
G1 X40.45 Y19.508 E2662.09909
G1 X39.679 Y19.815 E2662.1267
G1 X38.933 Y20.232 E2662.15512
G1 X38.265 Y20.736 E2662.18295
G1 X37.661 Y21.329 E2662.21111
G1 X37.138 Y21.999 E2662.23938
G1 X36.718 Y22.714 E2662.26696
G1 X36.385 Y23.504 E2662.29547
G1 X6.884 Y108.566 E2665.28996
G1 X6.884 Y112.864 E2665.43292
G1 X20.683 Y112.863 E2665.89187
G0 F11250 X20.931 Y113.263
;TYPE:WALL-OUTER
G1 F2250 X21.956 Y111.197 E2665.96858
G1 X18.431 Y110.231 E2666.09015
G1 X18.337 Y110.068 E2666.0964
G1 X19.799 Y104.618 E2666.28408
G1 X19.863 Y104.536 E2666.28754
G1 X19.983 Y104.488 E2666.29184
G1 X24.673 Y105.725 E2666.45316
G1 X36.043 Y82.826 E2667.30351
G1 X36.326 Y82.203 E2667.32626
G1 X36.341 Y82.194 E2667.32685
G1 X36.624 Y81.396 E2667.35501
G1 X36.835 Y80.606 E2667.3822
G1 X49.059 Y27.101 E2669.20764
G1 X49.2 Y26.221 E2669.23728
G1 X49.227 Y25.324 E2669.26713
G1 X49.13 Y24.435 E2669.29687
G1 X48.924 Y23.568 E2669.32651
G1 X48.602 Y22.733 E2669.35628
G1 X48.17 Y21.944 E2669.3862
G1 X47.634 Y21.213 E2669.41635
G1 X47.024 Y20.576 E2669.44568
G1 X46.317 Y20.009 E2669.47582
G1 X45.556 Y19.551 E2669.50537
G1 X44.74 Y19.197 E2669.53495
G1 X43.861 Y18.944 E2669.56537
G1 X42.991 Y18.816 E2669.59462
G1 X42.091 Y18.801 E2669.62456
G1 X41.201 Y18.906 E2669.65436
G1 X40.326 Y19.127 E2669.68438
G1 X39.507 Y19.453 E2669.7137
G1 X38.714 Y19.896 E2669.74391
G1 X38.003 Y20.432 E2669.77353
G1 X37.362 Y21.062 E2669.80342
G1 X36.806 Y21.773 E2669.83344
G1 X36.36 Y22.534 E2669.86278
G1 X36.011 Y23.36 E2669.8926
G1 X6.484 Y108.498 E2672.88977
G1 X6.484 Y113.264 E2673.04828
G1 X20.931 Y113.263 E2673.52879
G1 F2700 E2668.52879
G0 F11250 X20.508 Y112.58
G0 X17.538 Y110.64
G0 X19.4 Y103.687
G0 X30.48 Y83.411
G0 X30.06 Y82.849
G1 F2700 E2673.52879
G1 F2250 X29.3 Y83.25 E2673.55737
G1 X28.504 Y83.514 E2673.58527
G1 X27.704 Y83.642 E2673.61221
G1 X26.84 Y83.642 E2673.64095
G1 X26.012 Y83.506 E2673.66886
G1 X25.231 Y83.245 E2673.69625
G1 X24.484 Y82.849 E2673.72437
G1 X23.811 Y82.343 E2673.75237
G1 X23.235 Y81.738 E2673.78016
G1 X22.763 Y81.047 E2673.80799
G1 X22.403 Y80.288 E2673.83593
G1 X22.177 Y79.489 E2673.86355
G1 X22.077 Y78.685 E2673.89049
G1 X22.115 Y77.812 E2673.91956
G1 X22.271 Y77.032 E2673.94601
G1 X22.582 Y76.215 E2673.97509
G1 X22.982 Y75.523 E2674.00167
G1 X23.512 Y74.869 E2674.02967
G1 X24.16 Y74.295 E2674.05847
G1 X24.869 Y73.847 E2674.08636
G1 X25.644 Y73.521 E2674.11432
G1 X26.451 Y73.328 E2674.14192
G1 X27.289 Y73.26 E2674.16989
G1 X28.113 Y73.33 E2674.19739
G1 X28.917 Y73.526 E2674.22491
G1 X29.675 Y73.847 E2674.25229
G1 X30.409 Y74.314 E2674.28123
G1 X31.032 Y74.869 E2674.30898
G1 X31.562 Y75.523 E2674.33698
G1 X31.962 Y76.215 E2674.36356
G1 X32.264 Y77.005 E2674.39169
G1 X32.436 Y77.844 E2674.42018
G1 X32.467 Y78.684 E2674.44814
G1 X32.368 Y79.509 E2674.47577
G1 X32.137 Y80.3 E2674.50318
G1 X31.78 Y81.049 E2674.53078
G1 X31.309 Y81.738 E2674.55854
G1 X30.712 Y82.365 E2674.58733
G1 X30.06 Y82.849 E2674.61434
G0 F11250 X30.48 Y83.411
G0 X30.033 Y84.313
;TYPE:FILL
G1 F4500 X34.463 Y83.126 E2674.76688
G0 F11250 X35.209 Y81.554
G1 F4500 X33.579 Y79.924 E2674.84355
G0 F11250 X33.602 Y77.145
G1 F4500 X36.488 Y76.372 E2674.94292
G0 F11250 X36.866 Y74.726
G1 F4500 X24.01 Y61.87 E2675.54763
G0 F11250 X24.313 Y60.999
G1 F4500 X41.024 Y56.521 E2676.12305
G0 F11250 X41.6 Y54.004
G1 F4500 X30.565 Y42.969 E2676.6421
G0 F11250 X31.438 Y40.455
G1 F4500 X45.56 Y36.671 E2677.12837
G0 F11250 X46.335 Y33.283
G1 F4500 X37.12 Y24.069 E2677.56179
G0 F11250 X36.188 Y26.759
G1 F4500 X47.603 Y23.7 E2677.95485
G0 F11250 X47.884 Y26.347
G1 F4500 X41.675 Y20.138 E2678.2469
G0 F11250 X39.752 Y20.783
G1 F4500 X25.996 Y72.12 E2680.01461
G1 X25.817 Y72.162
G1 X21.825 Y68.17 E2680.20239
G0 F11250 X21.938 Y67.847
G1 F4500 X39.512 Y63.138 E2680.80752
G0 F11250 X40.022 Y60.911
G1 F4500 X28.38 Y49.27 E2681.3551
G0 F11250 X29.063 Y47.303
G1 F4500 X44.048 Y43.288 E2681.87108
G0 F11250 X44.756 Y40.19
G1 F4500 X34.935 Y30.369 E2682.33303
G0 F11250 X33.813 Y33.607
G1 F4500 X47.071 Y30.054 E2682.78956
G0 F11250 X45.834 Y21.263
G1 F4500 X31.758 Y73.798 E2684.59851
G0 F11250 X28.868 Y72.202
G1 F4500 X38 Y69.755 E2684.91296
G0 F11250 X38.443 Y67.818
G1 F4500 X26.195 Y55.57 E2685.48907
G0 F11250 X26.688 Y54.151
G1 F4500 X42.536 Y49.904 E2686.03477
G0 F11250 X43.178 Y47.097
G1 F4500 X32.75 Y36.669 E2686.52527
G1 F2700 E2681.52527
G0 F11250 X22.734 Y73.845
G1 F2700 E2686.52527
G1 F4500 X19.563 Y74.695 E2686.63446
G0 F11250 X19.64 Y74.47
G1 F4500 X21.258 Y76.089 E2686.71059
G0 F11250 X21.129 Y80.487
G1 F4500 X17.188 Y81.543 E2686.84629
G0 F11250 X17.455 Y80.771
G1 F4500 X29.602 Y92.918 E2687.41765
G0 F11250 X30.906 Y90.291
G1 F4500 X12.437 Y95.239 E2688.0536
G0 F11250 X13.085 Y93.371
G1 F4500 X23.915 Y104.201 E2688.56301
G0 F11250 X23.631 Y104.127
G1 F4500 X28.824 Y84.748 E2689.2303
G0 F11250 X29.653 Y84.483
G1 F4500 X32.417 Y87.248 E2689.36033
G0 F11250 X27.789 Y84.914
G1 F4500 X14.813 Y88.391 E2689.80714
G0 F11250 X15.27 Y87.071
G1 F4500 X26.787 Y98.588 E2690.34886
G0 F11250 X27.348 Y97.455
G1 F4500 X10.063 Y102.087 E2690.94405
G0 F11250 X10.899 Y99.671
G1 F4500 X17.917 Y106.689 E2691.27415
G0 F11250 X18.06 Y106.156
G1 F4500 X7.765 Y108.915 E2691.62865
G0 F11250 X8.714 Y105.971
G1 F4500 X14.726 Y111.983 E2691.91144
G0 F11250 X15.314 Y111.983
G1 F4500 X22.994 Y83.323 E2692.8983
G0 F11250 X17.503 Y80.634
G1 F4500 X9.102 Y111.985 E2693.97783
G1 F2700 E2688.97783
;MESH:NONMESH
G0 F300 X9.102 Y111.985 Z9
G0 F11250 X30.694 Y83.873
;TIME_ELAPSED:2631.704056
;LAYER:44
;TYPE:WALL-INNER
;MESH:Sperrklinke
G1 F2700 E2693.97783
G1 F2250 X29.787 Y84.353 E2694.01196
G1 X28.806 Y84.681 E2694.04636
G1 X27.788 Y84.844 E2694.08065
G1 X26.755 Y84.844 E2694.11501
G1 X25.738 Y84.681 E2694.14927
G1 X24.77 Y84.353 E2694.18326
G1 X23.858 Y83.879 E2694.21745
G1 X23.025 Y83.256 E2694.25205
G1 X22.307 Y82.507 E2694.28656
G1 X21.728 Y81.663 E2694.3206
G1 X21.282 Y80.729 E2694.35502
G1 X20.999 Y79.742 E2694.38917
G1 X20.872 Y78.717 E2694.42353
G1 X20.918 Y77.686 E2694.45785
G1 X21.117 Y76.687 E2694.49173
G1 X21.484 Y75.718 E2694.52619
G1 X21.996 Y74.831 E2694.56026
G1 X22.652 Y74.026 E2694.5948
G1 X23.422 Y73.342 E2694.62905
G1 X24.296 Y72.787 E2694.66349
G1 X25.25 Y72.382 E2694.69796
G1 X26.247 Y72.141 E2694.73207
G1 X27.268 Y72.054 E2694.76615
G1 X28.309 Y72.146 E2694.80091
G1 X29.302 Y72.389 E2694.83492
G1 X30.246 Y72.786 E2694.86898
G1 X31.122 Y73.342 E2694.90349
G1 X31.892 Y74.026 E2694.93774
G1 X32.545 Y74.827 E2694.97211
G1 X33.057 Y75.714 E2695.00618
G1 X33.425 Y76.682 E2695.04062
G1 X33.63 Y77.676 E2695.07438
G1 X33.672 Y78.705 E2695.10863
G1 X33.552 Y79.733 E2695.14305
G1 X33.256 Y80.743 E2695.17806
G1 X32.817 Y81.663 E2695.21196
G1 X32.235 Y82.511 E2695.24617
G1 X31.52 Y83.26 E2695.28061
G1 X30.694 Y83.873 E2695.31483
G0 F11250 X30.472 Y83.539
G1 F2250 X29.633 Y83.983 E2695.3464
G1 X28.713 Y84.291 E2695.37867
G1 X27.756 Y84.444 E2695.4109
G1 X26.788 Y84.444 E2695.4431
G1 X25.836 Y84.291 E2695.47517
G1 X24.924 Y83.984 E2695.50717
G1 X24.07 Y83.539 E2695.5392
G1 X23.295 Y82.96 E2695.57138
G1 X22.62 Y82.257 E2695.60379
G1 X22.074 Y81.462 E2695.63587
G1 X21.656 Y80.583 E2695.66824
G1 X21.393 Y79.666 E2695.69997
G1 X21.273 Y78.701 E2695.73231
G1 X21.324 Y77.692 E2695.76592
G1 X21.502 Y76.799 E2695.7962
G1 X21.849 Y75.885 E2695.82872
G1 X22.328 Y75.057 E2695.86053
G1 X22.944 Y74.3 E2695.893
G1 X23.665 Y73.661 E2695.92504
G1 X24.477 Y73.145 E2695.95704
G1 X25.375 Y72.764 E2695.98948
G1 X26.31 Y72.537 E2696.02148
G1 X27.271 Y72.456 E2696.05356
G1 X28.241 Y72.537 E2696.08593
G1 X29.17 Y72.764 E2696.11774
G1 X30.067 Y73.145 E2696.15016
G1 X30.879 Y73.661 E2696.18216
G1 X31.603 Y74.303 E2696.21434
G1 X32.211 Y75.049 E2696.24635
G1 X32.693 Y75.883 E2696.27839
G1 X33.04 Y76.794 E2696.31081
G1 X33.231 Y77.725 E2696.34242
G1 X33.271 Y78.697 E2696.37478
G1 X33.149 Y79.687 E2696.40795
G1 X32.891 Y80.568 E2696.43849
G1 X32.468 Y81.465 E2696.47147
G1 X31.925 Y82.256 E2696.50338
G1 X31.257 Y82.957 E2696.53559
G1 X30.472 Y83.539 E2696.56809
G0 F11250 X30.221 Y83.219
G1 F2250 X29.476 Y83.612 E2696.59611
G1 X28.614 Y83.902 E2696.62636
G1 X27.723 Y84.044 E2696.65636
G1 X26.82 Y84.044 E2696.6864
G1 X25.931 Y83.901 E2696.71635
G1 X25.077 Y83.615 E2696.7463
G1 X24.282 Y83.198 E2696.77616
G1 X23.555 Y82.654 E2696.80636
G1 X22.935 Y82.008 E2696.83614
G1 X22.422 Y81.26 E2696.86631
G1 X22.033 Y80.448 E2696.89625
G1 X21.785 Y79.583 E2696.92618
G1 X21.674 Y78.683 E2696.95634
G1 X21.719 Y77.756 E2696.98721
G1 X21.901 Y76.875 E2697.01713
G1 X22.213 Y76.055 E2697.04631
G1 X22.659 Y75.284 E2697.07594
G1 X23.202 Y74.616 E2697.10457
G1 X23.903 Y73.984 E2697.13596
G1 X24.669 Y73.498 E2697.16614
G1 X25.503 Y73.143 E2697.19628
G1 X26.326 Y72.944 E2697.22445
G1 X27.271 Y72.857 E2697.25601
G1 X28.178 Y72.936 E2697.28629
G1 X29.005 Y73.135 E2697.31458
G1 X29.873 Y73.497 E2697.34586
G1 X30.638 Y73.983 E2697.37601
G1 X31.311 Y74.577 E2697.40586
G1 X31.883 Y75.279 E2697.43598
G1 X32.33 Y76.053 E2697.46571
G1 X32.654 Y76.905 E2697.49603
G1 X32.834 Y77.779 E2697.5257
G1 X32.87 Y78.684 E2697.55583
G1 X32.758 Y79.598 E2697.58646
G1 X32.514 Y80.434 E2697.61542
G1 X32.138 Y81.227 E2697.64461
G1 X31.613 Y82.002 E2697.67575
G1 X30.99 Y82.656 E2697.70579
G1 X30.221 Y83.219 E2697.73749
G1 F2700 E2692.73749
G0 F11250 X30.36 Y83.486
G0 X28.976 Y84.815
G0 X23.658 Y104.357
G0 X19.32 Y103.984
G0 X17.619 Y110.344
G0 X20.028 Y111.007
G0 X20.187 Y112.064
G1 F2700 E2697.73749
G1 F2250 X20.376 Y111.683 E2697.75163
G1 X18.263 Y111.116 E2697.8244
G1 X17.723 Y110.833 E2697.84467
G1 X17.392 Y110.423 E2697.8622
G1 X17.25 Y110.015 E2697.87657
G1 X17.231 Y109.671 E2697.88803
G1 X17.275 Y109.402 E2697.89709
G1 X18.581 Y104.533 E2698.06476
G1 X18.695 Y104.284 E2698.07387
G1 X18.92 Y103.995 E2698.08605
G1 X19.193 Y103.785 E2698.09751
G1 X19.482 Y103.656 E2698.10803
G1 X19.76 Y103.599 E2698.11747
G1 X20.12 Y103.6 E2698.12945
G1 X21.996 Y104.092 E2698.19395
G1 X23.889 Y104.607 E2698.2592
G1 X34.959 Y82.31 E2699.08717
G1 X35.246 Y81.691 E2699.10987
G1 X35.477 Y81.039 E2699.13287
G1 X35.665 Y80.338 E2699.15701
G1 X47.88 Y26.873 E2700.98109
G1 X48.003 Y26.107 E2701.00689
G1 X48.025 Y25.371 E2701.03138
G1 X47.945 Y24.639 E2701.05587
G1 X47.775 Y23.924 E2701.08031
G1 X47.511 Y23.239 E2701.10473
G1 X47.156 Y22.59 E2701.12934
G1 X46.713 Y21.987 E2701.15422
G1 X46.212 Y21.463 E2701.17833
G1 X45.629 Y20.995 E2701.2032
G1 X45.005 Y20.62 E2701.22741
G1 X44.334 Y20.329 E2701.25174
G1 X43.607 Y20.12 E2701.2769
G1 X42.893 Y20.015 E2701.3009
G1 X42.151 Y20.002 E2701.32559
G1 X41.419 Y20.088 E2701.3501
G1 X40.697 Y20.271 E2701.37487
G1 X40.023 Y20.539 E2701.399
G1 X39.371 Y20.904 E2701.42385
G1 X38.788 Y21.343 E2701.44812
G1 X38.259 Y21.863 E2701.47279
G1 X37.801 Y22.449 E2701.49753
G1 X37.435 Y23.074 E2701.52162
G1 X37.132 Y23.791 E2701.54751
G1 X7.684 Y108.7 E2704.53662
G1 X7.684 Y112.064 E2704.64851
G1 X20.187 Y112.064 E2705.06436
G0 F11250 X20.435 Y112.464
G1 F2250 X20.952 Y111.421 E2705.10308
G1 X18.367 Y110.73 E2705.19207
G1 X17.981 Y110.528 E2705.20656
G1 X17.745 Y110.235 E2705.21907
G1 X17.644 Y109.944 E2705.22932
G1 X17.626 Y109.634 E2705.23965
G1 X18.937 Y104.733 E2705.40839
G1 X19.041 Y104.486 E2705.4173
G1 X19.201 Y104.28 E2705.42598
G1 X19.499 Y104.077 E2705.43797
G1 X19.801 Y103.997 E2705.44836
G1 X20.055 Y103.997 E2705.45681
G1 X21.891 Y104.478 E2705.51993
G1 X24.101 Y105.079 E2705.59611
G1 X35.32 Y82.482 E2706.43522
G1 X35.601 Y81.864 E2706.4578
G1 X35.611 Y81.859 E2706.45817
G1 X35.86 Y81.158 E2706.48292
G1 X36.049 Y80.454 E2706.50716
G1 X48.273 Y26.949 E2708.3326
G1 X48.402 Y26.145 E2708.35968
G1 X48.426 Y25.356 E2708.38593
G1 X48.34 Y24.571 E2708.4122
G1 X48.158 Y23.806 E2708.43835
G1 X47.874 Y23.07 E2708.46459
G1 X47.494 Y22.375 E2708.49094
G1 X47.02 Y21.729 E2708.51759
G1 X46.483 Y21.167 E2708.54344
G1 X45.858 Y20.667 E2708.57006
G1 X45.189 Y20.264 E2708.59604
G1 X44.469 Y19.952 E2708.62214
G1 X43.691 Y19.728 E2708.64906
G1 X42.926 Y19.615 E2708.67478
G1 X42.131 Y19.602 E2708.70123
G1 X41.347 Y19.694 E2708.72748
G1 X40.574 Y19.89 E2708.75401
G1 X39.851 Y20.177 E2708.77988
G1 X39.152 Y20.568 E2708.80652
G1 X38.527 Y21.04 E2708.83257
G1 X37.96 Y21.596 E2708.85898
G1 X37.469 Y22.224 E2708.8855
G1 X37.076 Y22.894 E2708.91133
G1 X36.759 Y23.647 E2708.9385
G1 X7.284 Y108.633 E2711.93033
G1 X7.284 Y112.464 E2712.05775
G1 X20.435 Y112.464 E2712.49515
G0 F11250 X20.683 Y112.864
G1 F2250 X21.528 Y111.16 E2712.55841
G1 X18.471 Y110.344 E2712.66365
G1 X18.24 Y110.222 E2712.67234
G1 X18.098 Y110.047 E2712.67983
G1 X18.027 Y109.687 E2712.69204
G1 X19.337 Y104.795 E2712.86048
G1 X19.43 Y104.623 E2712.86698
G1 X19.599 Y104.474 E2712.87447
G1 X19.842 Y104.395 E2712.88297
G1 X19.996 Y104.395 E2712.88809
G1 X21.786 Y104.864 E2712.94964
G1 X24.313 Y105.551 E2713.03674
G1 X35.681 Y82.654 E2713.88699
G1 X35.964 Y82.034 E2713.90966
G1 X35.976 Y82.026 E2713.91014
G1 X36.242 Y81.277 E2713.93658
G1 X36.437 Y80.551 E2713.96158
G1 X48.666 Y27.025 E2715.78773
G1 X48.801 Y26.183 E2715.8161
G1 X48.826 Y25.34 E2715.84415
G1 X48.735 Y24.503 E2715.87215
G1 X48.541 Y23.687 E2715.90005
G1 X48.238 Y22.902 E2715.92803
G1 X47.832 Y22.159 E2715.95619
G1 X47.327 Y21.471 E2715.98458
G1 X46.753 Y20.872 E2716.01217
G1 X46.087 Y20.338 E2716.04056
G1 X45.372 Y19.907 E2716.06833
G1 X44.604 Y19.574 E2716.09617
G1 X43.776 Y19.336 E2716.12483
G1 X42.958 Y19.216 E2716.15233
G1 X42.111 Y19.201 E2716.1805
G1 X41.274 Y19.3 E2716.20853
G1 X40.45 Y19.508 E2716.2368
G1 X39.679 Y19.815 E2716.2644
G1 X38.933 Y20.232 E2716.29283
G1 X38.265 Y20.736 E2716.32066
G1 X37.661 Y21.329 E2716.34881
G1 X37.138 Y21.999 E2716.37708
G1 X36.718 Y22.714 E2716.40466
G1 X36.385 Y23.504 E2716.43318
G1 X6.884 Y108.566 E2719.42767
G1 X6.884 Y112.864 E2719.57062
G1 X20.683 Y112.864 E2720.02958
G0 F11250 X20.931 Y113.264
;TYPE:WALL-OUTER
G1 F2250 X22.104 Y110.899 E2720.11738
G1 X18.512 Y109.941 E2720.24103
G1 X18.417 Y109.776 E2720.24736
G1 X19.719 Y104.914 E2720.41477
G1 X19.843 Y104.801 E2720.42035
G1 X19.955 Y104.798 E2720.42408
G1 X21.681 Y105.25 E2720.48342
G1 X24.525 Y106.023 E2720.58144
G1 X36.043 Y82.826 E2721.44285
G1 X36.326 Y82.203 E2721.46561
G1 X36.341 Y82.194 E2721.46619
G1 X36.624 Y81.396 E2721.49435
G1 X36.835 Y80.606 E2721.52155
G1 X49.059 Y27.101 E2723.34699
G1 X49.2 Y26.221 E2723.37663
G1 X49.227 Y25.324 E2723.40648
G1 X49.13 Y24.435 E2723.43622
G1 X48.924 Y23.568 E2723.46586
G1 X48.602 Y22.733 E2723.49563
G1 X48.17 Y21.944 E2723.52554
G1 X47.634 Y21.213 E2723.55569
G1 X47.024 Y20.576 E2723.58503
G1 X46.317 Y20.009 E2723.61517
G1 X45.556 Y19.551 E2723.64471
G1 X44.74 Y19.197 E2723.6743
G1 X43.861 Y18.944 E2723.70472
G1 X42.991 Y18.816 E2723.73397
G1 X42.091 Y18.801 E2723.7639
G1 X41.201 Y18.906 E2723.79371
G1 X40.326 Y19.127 E2723.82373
G1 X39.507 Y19.453 E2723.85305
G1 X38.714 Y19.896 E2723.88326
G1 X38.003 Y20.432 E2723.91287
G1 X37.362 Y21.062 E2723.94277
G1 X36.806 Y21.773 E2723.97279
G1 X36.36 Y22.534 E2724.00212
G1 X36.011 Y23.36 E2724.03195
G1 X6.484 Y108.498 E2727.02911
G1 X6.484 Y113.264 E2727.18763
G1 X20.931 Y113.264 E2727.66814
G1 F2700 E2722.66814
G0 F11250 X20.508 Y112.58
G0 X19.732 Y110.935
G0 X17.619 Y110.344
G0 X19.32 Y103.984
G0 X23.496 Y105.086
G0 X33.471 Y84.897
G0 X31.738 Y83.294
G0 X30.48 Y83.411
G0 X30.06 Y82.849
G1 F2700 E2727.66814
G1 F2250 X29.3 Y83.25 E2727.69672
G1 X28.504 Y83.514 E2727.72461
G1 X27.704 Y83.642 E2727.75156
G1 X26.84 Y83.642 E2727.7803
G1 X26.012 Y83.506 E2727.80821
G1 X25.231 Y83.245 E2727.83559
G1 X24.484 Y82.849 E2727.86371
G1 X23.811 Y82.343 E2727.89172
G1 X23.235 Y81.738 E2727.9195
G1 X22.763 Y81.047 E2727.94734
G1 X22.403 Y80.288 E2727.97528
G1 X22.177 Y79.489 E2728.00289
G1 X22.077 Y78.685 E2728.02984
G1 X22.115 Y77.812 E2728.0589
G1 X22.271 Y77.032 E2728.08536
G1 X22.582 Y76.215 E2728.11444
G1 X22.982 Y75.523 E2728.14102
G1 X23.512 Y74.869 E2728.16902
G1 X24.16 Y74.295 E2728.19781
G1 X24.869 Y73.847 E2728.22571
G1 X25.644 Y73.521 E2728.25367
G1 X26.451 Y73.328 E2728.28127
G1 X27.289 Y73.26 E2728.30923
G1 X28.113 Y73.33 E2728.33674
G1 X28.917 Y73.526 E2728.36426
G1 X29.675 Y73.847 E2728.39164
G1 X30.409 Y74.314 E2728.42058
G1 X31.032 Y74.869 E2728.44833
G1 X31.562 Y75.523 E2728.47632
G1 X31.962 Y76.215 E2728.50291
G1 X32.264 Y77.005 E2728.53104
G1 X32.436 Y77.844 E2728.55952
G1 X32.467 Y78.684 E2728.58748
G1 X32.368 Y79.509 E2728.61512
G1 X32.137 Y80.3 E2728.64253
G1 X31.78 Y81.049 E2728.67012
G1 X31.309 Y81.738 E2728.69788
G1 X30.712 Y82.365 E2728.72668
G1 X30.06 Y82.849 E2728.75368
G1 F2700 E2723.75368
G0 F11250 X30.48 Y83.411
G0 X28.722 Y84.877
G0 X23.437 Y104.297
G0 X19.32 Y103.984
G0 X17.619 Y110.344
G0 X19.13 Y111.453
G0 X19.063 Y111.703
;TYPE:SKIN
G1 F2700 E2728.75368
G1 F2250 X8.044 Y111.704 E2729.12018
G1 X8.044 Y108.758 E2729.21816
G1 X37.471 Y23.908 E2732.20519
G1 X37.756 Y23.23 E2732.22965
G1 X38.094 Y22.653 E2732.25189
G1 X38.522 Y22.106 E2732.27499
G1 X39.023 Y21.612 E2732.29839
G1 X39.57 Y21.201 E2732.32115
G1 X40.178 Y20.862 E2732.3443
G1 X40.802 Y20.615 E2732.36662
G1 X41.485 Y20.442 E2732.39006
G1 X42.171 Y20.361 E2732.41303
G1 X42.867 Y20.372 E2732.43618
G1 X43.521 Y20.472 E2732.45819
G1 X44.216 Y20.669 E2732.48222
G1 X44.84 Y20.939 E2732.50483
G1 X45.417 Y21.289 E2732.52728
G1 X45.968 Y21.728 E2732.55071
G1 X46.43 Y22.213 E2732.57299
G1 X46.85 Y22.78 E2732.59645
G1 X47.182 Y23.393 E2732.61964
G1 X47.428 Y24.024 E2732.64217
G1 X47.59 Y24.706 E2732.66548
G1 X47.663 Y25.384 E2732.68816
G1 X47.64 Y26.069 E2732.71096
G1 X47.527 Y26.794 E2732.73536
G1 X35.313 Y80.242 E2734.55888
G1 X35.132 Y80.928 E2734.58247
G1 X34.914 Y81.54 E2734.60408
G1 X34.643 Y82.128 E2734.62562
G1 X23.693 Y104.179 E2735.44448
G1 X22.089 Y103.743 E2735.49977
G1 X20.355 Y103.29 E2735.55938
G1 X19.882 Y103.232 E2735.57523
G1 X19.551 Y103.268 E2735.5863
G1 X19.191 Y103.381 E2735.59885
G1 X18.736 Y103.653 E2735.61648
G1 X18.397 Y104.085 E2735.63475
G1 X18.238 Y104.396 E2735.64636
G1 X16.926 Y109.312 E2735.81559
G1 X16.868 Y109.669 E2735.82762
G1 X16.894 Y110.081 E2735.84135
G1 X17.074 Y110.595 E2735.85947
G1 X17.492 Y111.112 E2735.88158
G1 X18.167 Y111.462 E2735.90687
G1 X19.063 Y111.703 E2735.93773
G1 F2700 E2730.93773
G0 F11250 X19.13 Y111.453
G0 X17.619 Y110.344
G0 X19.32 Y103.984
G0 X23.799 Y104.407
G0 X29.976 Y84.457
G0 X30.743 Y83.961
G0 X30.892 Y84.173
G1 F2700 E2735.93773
G1 F2250 X31.64 Y83.617 E2735.96873
G1 X31.874 Y83.41 E2735.97912
G1 X32.506 Y82.742 E2736.00971
G1 X33.14 Y81.825 E2736.04679
G1 X33.593 Y80.872 E2736.08188
G1 X33.892 Y79.857 E2736.11707
G1 X34.017 Y78.859 E2736.15053
G1 X34.025 Y78.584 E2736.15968
G1 X33.995 Y77.765 E2736.18694
G1 X33.959 Y77.497 E2736.19593
G1 X33.801 Y76.716 E2736.22243
G1 X33.724 Y76.458 E2736.23139
G1 X33.44 Y75.701 E2736.25828
G1 X33.316 Y75.447 E2736.26768
G1 X32.91 Y74.74 E2736.2948
G1 X32.757 Y74.518 E2736.30376
G1 X32.234 Y73.87 E2736.33146
G1 X32.046 Y73.682 E2736.3403
G1 X31.45 Y73.15 E2736.36687
G1 X31.229 Y72.983 E2736.37609
G1 X30.536 Y72.543 E2736.40339
G1 X30.299 Y72.415 E2736.41235
G1 X29.404 Y72.045 E2736.44456
G1 X28.38 Y71.793 E2736.47964
G1 X27.414 Y71.704 E2736.5119
G1 X27.122 Y71.704 E2736.52161
G1 X26.194 Y71.784 E2736.55259
G1 X25.281 Y72.001 E2736.5838
G1 X25.015 Y72.09 E2736.59313
G1 X24.254 Y72.411 E2736.6206
G1 X24.008 Y72.538 E2736.62981
G1 X23.22 Y73.039 E2736.66087
G1 X22.499 Y73.674 E2736.69283
G1 X22.296 Y73.889 E2736.70266
G1 X21.792 Y74.509 E2736.72924
G1 X21.64 Y74.724 E2736.73799
G1 X21.234 Y75.428 E2736.76502
G1 X21.112 Y75.675 E2736.77419
G1 X20.772 Y76.569 E2736.806
G1 X20.559 Y77.629 E2736.84196
G1 X20.516 Y78.579 E2736.87359
G1 X20.528 Y78.869 E2736.88324
G1 X20.641 Y79.801 E2736.91447
G1 X20.931 Y80.831 E2736.95006
G1 X21.407 Y81.827 E2736.98677
G1 X21.951 Y82.622 E2737.01881
G1 X22.127 Y82.843 E2737.02821
G1 X22.679 Y83.419 E2737.05474
G1 X22.888 Y83.603 E2737.06401
G1 X23.656 Y84.177 E2737.0959
G1 X24.627 Y84.681 E2737.13228
G1 X25.515 Y84.986 E2737.16351
G1 X25.815 Y85.055 E2737.17375
G1 X26.552 Y85.174 E2737.19858
G1 X26.856 Y85.204 E2737.20874
G1 X27.683 Y85.204 E2737.23625
G1 X27.979 Y85.176 E2737.24613
G1 X28.748 Y85.054 E2737.27203
G1 X29.015 Y84.991 E2737.28116
G1 X29.912 Y84.69 E2737.31263
G1 X30.892 Y84.173 E2737.34948
G1 F2700 E2732.34948
G0 F11250 X30.743 Y83.961
G0 X28.722 Y84.877
G0 X7.884 Y108.734
G0 X7.784 Y111.199
G0 X8.244 Y111.199
G1 F2700 E2737.34948
G1 F2250 X8.549 Y111.504 E2737.36382
G0 F11250 X9.115 Y111.504
G1 F2250 X8.244 Y110.633 E2737.40479
G0 F11250 X8.244 Y110.068
G1 F2250 X9.68 Y111.504 E2737.47234
G0 F11250 X10.246 Y111.504
G1 F2250 X8.244 Y109.502 E2737.56651
G0 F11250 X8.244 Y108.936
G1 F2250 X10.812 Y111.504 E2737.6873
G0 F11250 X11.377 Y111.504
G1 F2250 X8.353 Y108.479 E2737.82956
G0 F11250 X8.499 Y108.059
G1 F2250 X11.943 Y111.504 E2737.99158
G0 F11250 X12.509 Y111.504
G1 F2250 X8.644 Y107.639 E2738.17338
G0 F11250 X8.79 Y107.219
G1 F2250 X13.074 Y111.504 E2738.37491
G0 F11250 X13.64 Y111.504
G1 F2250 X8.936 Y106.799 E2738.59619
G0 F11250 X9.081 Y106.379
G1 F2250 X14.206 Y111.504 E2738.83726
G0 F11250 X14.771 Y111.504
G1 F2250 X9.227 Y105.959 E2739.09805
G0 F11250 X9.373 Y105.539
G1 F2250 X15.337 Y111.504 E2739.3786
G0 F11250 X15.903 Y111.504
G1 F2250 X9.518 Y105.119 E2739.67893
G0 F11250 X9.664 Y104.699
G1 F2250 X16.469 Y111.504 E2739.99902
G0 F11250 X16.988 Y111.458
G1 F2250 X9.81 Y104.279 E2740.33668
G0 F11250 X9.955 Y103.859
G1 F2250 X17.171 Y111.074 E2740.67607
G1 X17.171 Y111.075
G1 X17.345 Y111.248 E2740.68423
G1 X17.371 Y111.275
G1 X17.6 Y111.504 E2740.695
G0 F11250 X17.6 Y111.964
G0 X20.084 Y111.897
G0 X19.318 Y111.449
G0 X17.15 Y110.003
G0 X16.69 Y110.028
G1 F2250 X10.101 Y103.439 E2741.00493
G0 F11250 X10.247 Y103.019
G1 F2250 X16.695 Y109.468 E2741.30825
G0 F11250 X16.799 Y109.006
G1 F2250 X10.392 Y102.599 E2741.60961
G0 F11250 X10.538 Y102.179
G1 F2250 X16.919 Y108.56 E2741.90976
G0 F11250 X17.038 Y108.113
G1 F2250 X10.684 Y101.759 E2742.20863
G0 F11250 X10.829 Y101.339
G1 F2250 X17.157 Y107.667 E2742.50628
G0 F11250 X17.276 Y107.22
G1 F2250 X10.975 Y100.919 E2742.80266
G0 F11250 X11.121 Y100.499
G1 F2250 X17.396 Y106.774 E2743.09781
G0 F11250 X17.515 Y106.328
G1 F2250 X11.266 Y100.079 E2743.39175
G0 F11250 X11.412 Y99.659
G1 F2250 X17.634 Y105.881 E2743.68441
G0 F11250 X17.753 Y105.435
G1 F2250 X11.558 Y99.239 E2743.97583
G0 F11250 X11.703 Y98.819
G1 F2250 X17.873 Y104.988 E2744.26602
G0 F11250 X17.992 Y104.541
G1 F2250 X11.849 Y98.399 E2744.55495
G0 F11250 X11.995 Y97.979
G1 F2250 X18.146 Y104.131 E2744.8443
G0 F11250 X18.374 Y103.793
G1 F2250 X12.14 Y97.559 E2745.13752
G0 F11250 X12.286 Y97.139
G1 F2250 X18.627 Y103.48 E2745.43579
G0 F11250 X18.984 Y103.271
G1 F2250 X12.432 Y96.719 E2745.74397
G0 F11250 X12.577 Y96.299
G1 F2250 X19.388 Y103.11 E2746.06434
G0 F11250 X19.876 Y103.032
G1 F2250 X12.723 Y95.879 E2746.40079
G0 F11250 X12.869 Y95.459
G1 F2250 X20.541 Y103.132 E2746.76169
G0 F11250 X21.307 Y103.332
G1 F2250 X13.014 Y95.039 E2747.15176
G0 F11250 X13.16 Y94.619
G1 F2250 X22.074 Y103.532 E2747.57103
G0 F11250 X22.849 Y103.742
G1 F2250 X13.306 Y94.199 E2748.0199
G0 F11250 X13.451 Y93.779
G1 F2250 X23.597 Y103.924 E2748.49711
G0 F11250 X23.784 Y103.546
G1 F2250 X13.597 Y93.359 E2748.97628
G0 F11250 X13.743 Y92.939
G1 F2250 X23.972 Y103.168 E2749.45742
G0 F11250 X24.16 Y102.79
G1 F2250 X13.888 Y92.519 E2749.94056
G0 F11250 X14.034 Y92.099
G1 F2250 X24.348 Y102.412 E2750.42567
G0 F11250 X24.535 Y102.034
G1 F2250 X14.18 Y91.679 E2750.91274
G0 F11250 X14.325 Y91.258
G1 F2250 X24.723 Y101.656 E2751.40183
G0 F11250 X24.911 Y101.278
G1 F2250 X14.471 Y90.838 E2751.8929
G0 F11250 X14.617 Y90.418
G1 F2250 X25.098 Y100.9 E2752.38592
G0 F11250 X25.286 Y100.522
G1 F2250 X14.762 Y89.998 E2752.88093
G0 F11250 X14.908 Y89.578
G1 F2250 X25.474 Y100.144 E2753.37792
G0 F11250 X25.662 Y99.766
G1 F2250 X15.054 Y89.158 E2753.87689
G0 F11250 X15.199 Y88.738
G1 F2250 X25.849 Y99.388 E2754.37784
G0 F11250 X26.036 Y99.01
G1 F2250 X15.345 Y88.318 E2754.88073
G0 F11250 X15.491 Y87.898
G1 F2250 X26.224 Y98.632 E2755.3856
G0 F11250 X26.412 Y98.254
G1 F2250 X15.636 Y87.478 E2755.89247
G0 F11250 X15.782 Y87.058
G1 F2250 X26.6 Y97.876 E2756.40132
G0 F11250 X26.787 Y97.498
G1 F2250 X15.928 Y86.638 E2756.91212
G0 F11250 X16.073 Y86.218
G1 F2250 X26.975 Y97.12 E2757.42491
G0 F11250 X27.163 Y96.742
G1 F2250 X16.219 Y85.798 E2757.93968
G0 F11250 X16.365 Y85.378
G1 F2250 X27.35 Y96.364 E2758.45641
G0 F11250 X27.538 Y95.986
G1 F2250 X16.51 Y84.958 E2758.97513
G0 F11250 X16.656 Y84.538
G1 F2250 X27.726 Y95.608 E2759.49583
G0 F11250 X27.914 Y95.23
G1 F2250 X16.802 Y84.118 E2760.0185
G0 F11250 X16.947 Y83.698
G1 F2250 X28.101 Y94.852 E2760.54315
G0 F11250 X28.289 Y94.474
G1 F2250 X17.093 Y83.278 E2761.06978
G0 F11250 X17.239 Y82.858
G1 F2250 X28.477 Y94.096 E2761.59838
G0 F11250 X28.665 Y93.719
G1 F2250 X17.384 Y82.438 E2762.129
G0 F11250 X17.53 Y82.018
G1 F2250 X28.852 Y93.34 E2762.66156
G0 F11250 X29.039 Y92.962
G1 F2250 X17.676 Y81.598 E2763.19606
G0 F11250 X17.821 Y81.178
G1 F2250 X29.228 Y92.584 E2763.73259
G0 F11250 X29.415 Y92.206
G1 F2250 X17.967 Y80.758 E2764.27107
G0 F11250 X18.113 Y80.338
G1 F2250 X29.603 Y91.828 E2764.81152
G0 F11250 X29.79 Y91.45
G1 F2250 X18.258 Y79.918 E2765.35395
G0 F11250 X18.404 Y79.498
G1 F2250 X29.978 Y91.073 E2765.89838
G0 F11250 X30.166 Y90.694
G1 F2250 X24.106 Y84.634 E2766.18342
G0 F11250 X24.317 Y84.231
G0 X25.236 Y84.617
G0 X25.089 Y85.052
G1 F2250 X30.353 Y90.316 E2766.43103
G0 F11250 X30.541 Y89.938
G1 F2250 X25.87 Y85.266 E2766.65076
G0 F11250 X26.544 Y85.375
G1 F2250 X30.729 Y89.56 E2766.84761
G0 F11250 X30.917 Y89.182
G1 F2250 X27.137 Y85.403 E2767.02539
G0 F11250 X27.703 Y85.403
G1 F2250 X31.104 Y88.804 E2767.18536
G0 F11250 X31.292 Y88.427
G1 F2250 X28.208 Y85.342 E2767.33044
G0 F11250 X28.696 Y85.264
G1 F2250 X31.48 Y88.048 E2767.46139
G0 F11250 X31.667 Y87.67
G1 F2250 X29.153 Y85.155 E2767.57967
G0 F11250 X29.577 Y85.014
G1 F2250 X31.855 Y87.292 E2767.68682
G0 F11250 X32.043 Y86.914
G1 F2250 X29.998 Y84.869 E2767.78301
G0 F11250 X30.369 Y84.675
G1 F2250 X32.231 Y86.536 E2767.87057
G0 F11250 X32.418 Y86.158
G1 F2250 X30.741 Y84.481 E2767.94945
G0 F11250 X31.094 Y84.268
G1 F2250 X32.606 Y85.781 E2768.02059
G0 F11250 X32.793 Y85.402
G1 F2250 X31.42 Y84.028 E2768.0852
G0 F11250 X31.746 Y83.789
G1 F2250 X32.982 Y85.025 E2768.14334
G0 F11250 X33.169 Y84.646
G1 F2250 X32.043 Y83.521 E2768.19628
G0 F11250 X32.318 Y83.23
G1 F2250 X33.356 Y84.268 E2768.2451
G0 F11250 X33.544 Y83.89
G1 F2250 X32.593 Y82.939 E2768.28983
G0 F11250 X32.838 Y82.618
G1 F2250 X33.732 Y83.512 E2768.33188
G0 F11250 X33.92 Y83.135
G1 F2250 X33.068 Y82.282 E2768.37198
G0 F11250 X33.298 Y81.947
G1 F2250 X34.107 Y82.756 E2768.41003
G0 F11250 X34.295 Y82.379
G1 F2250 X33.482 Y81.565 E2768.4483
G0 F11250 X33.663 Y81.181
G1 F2250 X34.482 Y82 E2768.48682
G0 F11250 X34.66 Y81.612
G1 F2250 X33.829 Y80.781 E2768.52591
G0 F11250 X33.958 Y80.344
G1 F2250 X34.819 Y81.206 E2768.56643
G0 F11250 X34.962 Y80.783
G1 F2250 X34.087 Y79.907 E2768.60761
G0 F11250 X34.151 Y79.406
G1 F2250 X35.08 Y80.335 E2768.65131
G0 F11250 X35.19 Y79.879
G1 F2250 X34.214 Y78.903 E2768.69722
G0 F11250 X34.216 Y78.34
G1 F2250 X35.295 Y79.419 E2768.74797
G0 F11250 X35.401 Y78.958
G1 F2250 X34.193 Y77.751 E2768.80477
G0 F11250 X34.078 Y77.07
G1 F2250 X35.506 Y78.498 E2768.87194
G0 F11250 X35.611 Y78.038
G1 F2250 X33.883 Y76.31 E2768.95322
G0 F11250 X33.453 Y76.473
G0 X33.086 Y75.561
G0 X33.491 Y75.352
G1 F2250 X35.716 Y77.577 E2769.05787
G0 F11250 X35.821 Y77.116
G1 F2250 X23.502 Y64.797 E2769.63732
G0 F11250 X23.356 Y65.217
G1 F2250 X30.364 Y72.225 E2769.96696
G0 F11250 X30.18 Y72.649
G0 X29.313 Y72.289
G0 X29.421 Y71.847
G1 F2250 X23.211 Y65.637 E2770.25906
G0 F11250 X23.065 Y66.057
G1 F2250 X28.667 Y71.659 E2770.52256
G0 F11250 X28.001 Y71.558
G1 F2250 X22.919 Y66.477 E2770.76158
G0 F11250 X22.774 Y66.897
G1 F2250 X27.381 Y71.505 E2770.9783
G0 F11250 X26.839 Y71.528
G1 F2250 X22.628 Y67.317 E2771.17637
G0 F11250 X22.482 Y67.737
G1 F2250 X26.319 Y71.573 E2771.35683
G0 F11250 X25.842 Y71.662
G1 F2250 X22.337 Y68.157 E2771.52169
G0 F11250 X22.191 Y68.577
G1 F2250 X25.384 Y71.77 E2771.67188
G0 F11250 X24.95 Y71.902
G1 F2250 X22.045 Y68.997 E2771.80852
G0 F11250 X21.9 Y69.417
G1 F2250 X24.551 Y72.068 E2771.93322
G0 F11250 X24.154 Y72.237
G1 F2250 X21.754 Y69.837 E2772.04611
G0 F11250 X21.608 Y70.257
G1 F2250 X23.791 Y72.44 E2772.14879
G0 F11250 X23.446 Y72.661
G1 F2250 X21.463 Y70.677 E2772.24209
G0 F11250 X21.317 Y71.097
G1 F2250 X23.102 Y72.882 E2772.32605
G0 F11250 X22.796 Y73.142
G1 F2250 X21.171 Y71.517 E2772.40248
G0 F11250 X21.026 Y71.938
G1 F2250 X22.496 Y73.408 E2772.47163
G0 F11250 X22.21 Y73.688
G1 F2250 X20.88 Y72.358 E2772.53419
G0 F11250 X20.734 Y72.778
G1 F2250 X21.951 Y73.994 E2772.59141
G0 F11250 X21.698 Y74.307
G1 F2250 X20.589 Y73.198 E2772.64357
G0 F11250 X20.443 Y73.618
G1 F2250 X21.461 Y74.636 E2772.69145
G0 F11250 X21.254 Y74.994
G1 F2250 X20.298 Y74.038 E2772.73642
G0 F11250 X20.152 Y74.458
G1 F2250 X21.048 Y75.354 E2772.77857
G0 F11250 X20.873 Y75.745
G1 F2250 X20.006 Y74.878 E2772.81935
G0 F11250 X19.861 Y75.298
G1 F2250 X20.717 Y76.154 E2772.85961
G0 F11250 X20.57 Y76.573
G1 F2250 X19.715 Y75.718 E2772.89983
G0 F11250 X19.569 Y76.138
G1 F2250 X20.474 Y77.043 E2772.9424
G0 F11250 X20.379 Y77.513
G1 F2250 X19.424 Y76.558 E2772.98732
G0 F11250 X19.278 Y76.978
G1 F2250 X20.341 Y78.041 E2773.03732
G0 F11250 X20.317 Y78.582
G1 F2250 X19.132 Y77.398 E2773.09303
G0 F11250 X18.987 Y77.818
G1 F2250 X20.367 Y79.198 E2773.15794
G0 F11250 X20.447 Y79.844
G1 F2250 X18.841 Y78.238 E2773.23348
G0 F11250 X18.695 Y78.658
G1 F2250 X20.668 Y80.631 E2773.32629
G0 F11250 X21.113 Y80.505
G0 X21.498 Y81.413
G0 X21.083 Y81.611
G1 F2250 X18.55 Y79.078 E2773.44543
G0 F11250 X18.117 Y78.928
G0 X23.215 Y64.227
G0 X23.648 Y64.377
G1 F2250 X35.927 Y76.656 E2774.023
G0 F11250 X36.032 Y76.196
G1 F2250 X23.793 Y63.957 E2774.59868
G0 F11250 X23.94 Y63.538
G1 F2250 X36.137 Y75.735 E2775.17239
G0 F11250 X36.243 Y75.275
G1 F2250 X24.085 Y63.118 E2775.74425
G0 F11250 X24.231 Y62.698
G1 F2250 X36.347 Y74.814 E2776.31414
G0 F11250 X36.453 Y74.354
G1 F2250 X24.377 Y62.278 E2776.88216
G0 F11250 X24.522 Y61.858
G1 F2250 X36.558 Y73.893 E2777.44828
G0 F11250 X36.663 Y73.433
G1 F2250 X24.668 Y61.438 E2778.01248
G0 F11250 X24.814 Y61.018
G1 F2250 X36.769 Y72.973 E2778.57481
G0 F11250 X36.873 Y72.512
G1 F2250 X24.959 Y60.598 E2779.13521
G0 F11250 X25.105 Y60.178
G1 F2250 X36.979 Y72.051 E2779.6937
G0 F11250 X37.084 Y71.591
G1 F2250 X25.251 Y59.758 E2780.25029
G0 F11250 X25.396 Y59.338
G1 F2250 X37.19 Y71.131 E2780.80502
G0 F11250 X37.295 Y70.67
G1 F2250 X25.542 Y58.918 E2781.35782
G0 F11250 X25.688 Y58.498
G1 F2250 X37.4 Y70.21 E2781.90872
G0 F11250 X37.505 Y69.749
G1 F2250 X25.833 Y58.078 E2782.45771
G0 F11250 X25.979 Y57.657
G1 F2250 X37.61 Y69.289 E2783.00482
G0 F11250 X37.716 Y68.828
G1 F2250 X26.125 Y57.237 E2783.55002
G0 F11250 X26.27 Y56.817
G1 F2250 X37.821 Y68.368 E2784.09335
G0 F11250 X37.926 Y67.908
G1 F2250 X26.416 Y56.397 E2784.63477
G0 F11250 X26.562 Y55.977
G1 F2250 X38.031 Y67.447 E2785.17426
G0 F11250 X38.136 Y66.986
G1 F2250 X26.707 Y55.557 E2785.71184
G0 F11250 X26.853 Y55.137
G1 F2250 X38.242 Y66.526 E2786.24755
G0 F11250 X38.347 Y66.066
G1 F2250 X26.999 Y54.717 E2786.78134
G0 F11250 X27.144 Y54.297
G1 F2250 X38.452 Y65.605 E2787.31324
G0 F11250 X38.558 Y65.145
G1 F2250 X27.29 Y53.877 E2787.84325
G0 F11250 X27.436 Y53.457
G1 F2250 X38.662 Y64.684 E2788.37131
G0 F11250 X38.768 Y64.224
G1 F2250 X27.581 Y53.037 E2788.89751
G0 F11250 X27.727 Y52.617
G1 F2250 X38.873 Y63.763 E2789.42179
G0 F11250 X38.979 Y63.303
G1 F2250 X27.873 Y52.197 E2789.94418
G0 F11250 X28.018 Y51.777
G1 F2250 X39.084 Y62.843 E2790.46469
G0 F11250 X39.189 Y62.382
G1 F2250 X28.164 Y51.357 E2790.98327
G0 F11250 X28.31 Y50.937
G1 F2250 X39.294 Y61.921 E2791.49993
G0 F11250 X39.399 Y61.461
G1 F2250 X28.455 Y50.517 E2792.0147
G0 F11250 X28.601 Y50.097
G1 F2250 X39.505 Y61.001 E2792.52759
G0 F11250 X39.61 Y60.54
G1 F2250 X28.747 Y49.677 E2793.03855
G0 F11250 X28.892 Y49.257
G1 F2250 X39.715 Y60.08 E2793.54763
G0 F11250 X39.82 Y59.619
G1 F2250 X29.038 Y48.837 E2794.05478
G0 F11250 X29.184 Y48.417
G1 F2250 X39.925 Y59.159 E2794.56003
G0 F11250 X40.031 Y58.698
G1 F2250 X29.329 Y47.997 E2795.0634
G0 F11250 X29.475 Y47.577
G1 F2250 X40.136 Y58.238 E2795.56486
G0 F11250 X40.241 Y57.778
G1 F2250 X29.621 Y47.157 E2796.06441
G0 F11250 X29.766 Y46.737
G1 F2250 X40.346 Y57.317 E2796.56206
G0 F11250 X40.451 Y56.856
G1 F2250 X29.912 Y46.317 E2797.05779
G0 F11250 X30.058 Y45.897
G1 F2250 X40.557 Y56.396 E2797.55163
G0 F11250 X40.662 Y55.936
G1 F2250 X30.203 Y45.477 E2798.04359
G0 F11250 X30.349 Y45.057
G1 F2250 X40.768 Y55.475 E2798.53364
G0 F11250 X40.873 Y55.015
G1 F2250 X30.495 Y44.637 E2799.02179
G0 F11250 X30.64 Y44.217
G1 F2250 X40.978 Y54.554 E2799.50803
G0 F11250 X41.083 Y54.094
G1 F2250 X30.786 Y43.797 E2799.99237
G0 F11250 X30.932 Y43.377
G1 F2250 X41.188 Y53.633 E2800.47478
G0 F11250 X41.294 Y53.173
G1 F2250 X31.077 Y42.957 E2800.95534
G0 F11250 X31.223 Y42.537
G1 F2250 X41.399 Y52.713 E2801.43398
G0 F11250 X41.504 Y52.252
G1 F2250 X31.369 Y42.117 E2801.9107
G0 F11250 X31.514 Y41.697
G1 F2250 X41.609 Y51.791 E2802.38552
G0 F11250 X41.714 Y51.331
G1 F2250 X31.66 Y41.277 E2802.85843
G0 F11250 X31.806 Y40.857
G1 F2250 X41.82 Y50.871 E2803.32946
G0 F11250 X41.925 Y50.41
G1 F2250 X31.951 Y40.437 E2803.79858
G0 F11250 X32.097 Y40.017
G1 F2250 X42.03 Y49.95 E2804.2658
G0 F11250 X42.135 Y49.489
G1 F2250 X32.243 Y39.597 E2804.73109
G0 F11250 X32.388 Y39.177
G1 F2250 X42.24 Y49.029 E2805.19449
G0 F11250 X42.346 Y48.568
G1 F2250 X32.534 Y38.757 E2805.656
G0 F11250 X32.68 Y38.337
G1 F2250 X42.451 Y48.108 E2806.11559
G0 F11250 X42.557 Y47.648
G1 F2250 X32.825 Y37.916 E2806.57336
G0 F11250 X32.971 Y37.496
G1 F2250 X42.661 Y47.187 E2807.02917
G0 F11250 X42.767 Y46.726
G1 F2250 X33.117 Y37.076 E2807.48308
G0 F11250 X33.262 Y36.656
G1 F2250 X42.872 Y46.266 E2807.9351
G0 F11250 X42.977 Y45.806
G1 F2250 X33.408 Y36.236 E2808.38522
G0 F11250 X33.554 Y35.816
G1 F2250 X43.083 Y45.345 E2808.83344
G0 F11250 X43.188 Y44.885
G1 F2250 X33.699 Y35.396 E2809.27977
G0 F11250 X33.845 Y34.976
G1 F2250 X43.293 Y44.424 E2809.72417
G0 F11250 X43.398 Y43.964
G1 F2250 X33.991 Y34.556 E2810.16667
G0 F11250 X34.136 Y34.136
G1 F2250 X43.503 Y43.503 E2810.60727
G0 F11250 X43.609 Y43.043
G1 F2250 X34.282 Y33.716 E2811.04598
G0 F11250 X34.428 Y33.296
G1 F2250 X43.714 Y42.583 E2811.48279
G0 F11250 X43.819 Y42.122
G1 F2250 X34.573 Y32.876 E2811.91769
G0 F11250 X34.719 Y32.456
G1 F2250 X43.924 Y41.661 E2812.35067
G0 F11250 X44.029 Y41.201
G1 F2250 X34.865 Y32.036 E2812.78174
G0 F11250 X35.01 Y31.616
G1 F2250 X44.135 Y40.741 E2813.21095
G0 F11250 X44.24 Y40.28
G1 F2250 X35.156 Y31.196 E2813.63823
G0 F11250 X35.302 Y30.776
G1 F2250 X44.345 Y39.82 E2814.06361
G0 F11250 X44.45 Y39.359
G1 F2250 X35.447 Y30.356 E2814.48709
G0 F11250 X35.593 Y29.936
G1 F2250 X44.556 Y38.899 E2814.90868
G0 F11250 X44.661 Y38.438
G1 F2250 X35.739 Y29.516 E2815.32834
G0 F11250 X35.884 Y29.096
G1 F2250 X44.766 Y37.978 E2815.74612
G0 F11250 X44.872 Y37.518
G1 F2250 X36.03 Y28.676 E2816.16202
G0 F11250 X36.176 Y28.256
G1 F2250 X44.976 Y37.057 E2816.57597
G0 F11250 X45.082 Y36.596
G1 F2250 X36.321 Y27.836 E2816.98804
G0 F11250 X36.467 Y27.416
G1 F2250 X45.187 Y36.136 E2817.3982
G0 F11250 X45.292 Y35.676
G1 F2250 X36.613 Y26.996 E2817.80646
G0 F11250 X36.758 Y26.576
G1 F2250 X45.398 Y35.215 E2818.21283
G0 F11250 X45.503 Y34.755
G1 F2250 X36.904 Y26.156 E2818.61731
G0 F11250 X37.05 Y25.736
G1 F2250 X45.608 Y34.294 E2819.01985
G0 F11250 X45.713 Y33.834
G1 F2250 X37.195 Y25.316 E2819.42051
G0 F11250 X37.341 Y24.896
G1 F2250 X45.818 Y33.373 E2819.81924
G0 F11250 X45.924 Y32.913
G1 F2250 X37.487 Y24.476 E2820.21609
G0 F11250 X37.632 Y24.056
G1 F2250 X46.029 Y32.453 E2820.61106
G0 F11250 X46.134 Y31.992
G1 F2250 X37.796 Y23.653 E2821.00328
G0 F11250 X37.969 Y23.261
G1 F2250 X46.239 Y31.531 E2821.39227
G0 F11250 X46.344 Y31.071
G1 F2250 X38.178 Y22.905 E2821.77638
G0 F11250 X38.411 Y22.572
G1 F2250 X46.45 Y30.611 E2822.15451
G0 F11250 X46.555 Y30.15
G1 F2250 X38.66 Y22.255 E2822.52586
G0 F11250 X38.943 Y21.973
G1 F2250 X46.661 Y29.69 E2822.88887
G0 F11250 X46.765 Y29.229
G1 F2250 X39.238 Y21.702 E2823.24292
G0 F11250 X39.561 Y21.459
G1 F2250 X46.871 Y28.769 E2823.58676
G0 F11250 X46.976 Y28.308
G1 F2250 X39.909 Y21.241 E2823.91917
G0 F11250 X40.274 Y21.041
G1 F2250 X47.081 Y27.848 E2824.23935
G0 F11250 X47.187 Y27.388
G1 F2250 X40.679 Y20.88 E2824.54546
G0 F11250 X41.11 Y20.745
G1 F2250 X47.291 Y26.927 E2824.83622
G0 F11250 X47.378 Y26.448
G1 F2250 X41.564 Y20.634 E2825.1097
G0 F11250 X42.07 Y20.574
G1 F2250 X47.444 Y25.948 E2825.36247
G0 F11250 X47.463 Y25.401
G1 F2250 X42.631 Y20.57 E2825.58973
G0 F11250 X43.263 Y20.635
G1 F2250 X47.395 Y24.768 E2825.78411
G0 F11250 X47.212 Y24.019
G1 F2250 X44.013 Y20.82 E2825.93458
G0 F11250 X44.14 Y20.378
G0 X45.31 Y20.922
G0 X45.073 Y21.314
G1 F2250 X46.721 Y22.962 E2826.0121
G0 F11250 X47.39 Y22.6
G1 F2700 E2821.0121
;MESH:NONMESH
G0 F300 X47.39 Y22.6 Z9.2
G0 F11250 X47.748 Y24.673
G0 X32.758 Y74.833
G0 X33.074 Y77.758
G0 X33.111 Y78.697
G0 X32.998 Y79.631
G0 X32.736 Y80.534
G0 X32.409 Y81.221
G0 X30.694 Y83.873
;TIME_ELAPSED:2773.344117
;LAYER:45
;TYPE:WALL-INNER
;MESH:Sperrklinke
G1 F2700 E2826.0121
G1 F2250 X29.787 Y84.353 E2826.04623
G1 X28.806 Y84.681 E2826.08063
G1 X27.788 Y84.844 E2826.11492
G1 X26.755 Y84.844 E2826.14928
G1 X25.738 Y84.681 E2826.18354
G1 X24.77 Y84.353 E2826.21753
G1 X23.858 Y83.879 E2826.25172
G1 X23.025 Y83.256 E2826.28632
G1 X22.307 Y82.507 E2826.32083
G1 X21.728 Y81.663 E2826.35487
G1 X21.282 Y80.729 E2826.38929
G1 X20.999 Y79.742 E2826.42344
G1 X20.872 Y78.717 E2826.4578
G1 X20.918 Y77.686 E2826.49212
G1 X21.117 Y76.687 E2826.526
G1 X21.484 Y75.718 E2826.56046
G1 X21.996 Y74.831 E2826.59453
G1 X22.652 Y74.026 E2826.62907
G1 X23.422 Y73.342 E2826.66332
G1 X24.296 Y72.787 E2826.69776
G1 X25.25 Y72.382 E2826.73223
G1 X26.247 Y72.141 E2826.76634
G1 X27.268 Y72.054 E2826.80042
G1 X28.309 Y72.146 E2826.83518
G1 X29.302 Y72.389 E2826.86919
G1 X30.246 Y72.786 E2826.90325
G1 X31.122 Y73.342 E2826.93776
G1 X31.892 Y74.026 E2826.97201
G1 X32.545 Y74.827 E2827.00638
G1 X33.057 Y75.714 E2827.04045
G1 X33.425 Y76.682 E2827.07489
G1 X33.63 Y77.676 E2827.10865
G1 X33.672 Y78.705 E2827.1429
G1 X33.552 Y79.733 E2827.17732
G1 X33.256 Y80.743 E2827.21233
G1 X32.817 Y81.663 E2827.24623
G1 X32.235 Y82.511 E2827.28044
G1 X31.52 Y83.26 E2827.31488
G1 X30.694 Y83.873 E2827.3491
G0 F11250 X30.472 Y83.539
G1 F2250 X29.633 Y83.983 E2827.38067
G1 X28.713 Y84.291 E2827.41294
G1 X27.755 Y84.444 E2827.4452
G1 X26.788 Y84.444 E2827.47737
G1 X25.836 Y84.291 E2827.50944
G1 X24.924 Y83.984 E2827.54144
G1 X24.07 Y83.539 E2827.57347
G1 X23.295 Y82.96 E2827.60565
G1 X22.62 Y82.257 E2827.63806
G1 X22.074 Y81.462 E2827.67014
G1 X21.656 Y80.583 E2827.70251
G1 X21.393 Y79.666 E2827.73424
G1 X21.273 Y78.701 E2827.76658
G1 X21.324 Y77.692 E2827.80019
G1 X21.502 Y76.799 E2827.83047
G1 X21.849 Y75.885 E2827.86299
G1 X22.328 Y75.057 E2827.8948
G1 X22.944 Y74.3 E2827.92726
G1 X23.665 Y73.661 E2827.95931
G1 X24.477 Y73.145 E2827.99131
G1 X25.375 Y72.764 E2828.02375
G1 X26.31 Y72.537 E2828.05575
G1 X27.271 Y72.456 E2828.08783
G1 X28.241 Y72.537 E2828.1202
G1 X29.17 Y72.764 E2828.15201
G1 X30.067 Y73.145 E2828.18443
G1 X30.879 Y73.661 E2828.21642
G1 X31.603 Y74.303 E2828.24861
G1 X32.211 Y75.049 E2828.28062
G1 X32.693 Y75.883 E2828.31266
G1 X33.04 Y76.794 E2828.34508
G1 X33.231 Y77.725 E2828.37669
G1 X33.271 Y78.697 E2828.40905
G1 X33.149 Y79.687 E2828.44222
G1 X32.891 Y80.568 E2828.47276
G1 X32.468 Y81.465 E2828.50574
G1 X31.925 Y82.256 E2828.53765
G1 X31.257 Y82.957 E2828.56986
G1 X30.472 Y83.539 E2828.60236
G0 F11250 X30.221 Y83.219
G1 F2250 X29.476 Y83.612 E2828.63038
G1 X28.614 Y83.902 E2828.66062
G1 X27.723 Y84.044 E2828.69063
G1 X26.82 Y84.044 E2828.72067
G1 X25.931 Y83.901 E2828.75062
G1 X25.077 Y83.615 E2828.78057
G1 X24.282 Y83.198 E2828.81043
G1 X23.555 Y82.654 E2828.84063
G1 X22.935 Y82.008 E2828.87041
G1 X22.422 Y81.26 E2828.90058
G1 X22.033 Y80.448 E2828.93052
G1 X21.785 Y79.583 E2828.96045
G1 X21.674 Y78.683 E2828.99061
G1 X21.719 Y77.756 E2829.02148
G1 X21.901 Y76.875 E2829.0514
G1 X22.213 Y76.055 E2829.08058
G1 X22.659 Y75.284 E2829.11021
G1 X23.202 Y74.616 E2829.13884
G1 X23.903 Y73.984 E2829.17023
G1 X24.669 Y73.498 E2829.20041
G1 X25.503 Y73.143 E2829.23055
G1 X26.326 Y72.944 E2829.25871
G1 X27.271 Y72.857 E2829.29028
G1 X28.178 Y72.936 E2829.32056
G1 X29.005 Y73.135 E2829.34885
G1 X29.873 Y73.497 E2829.38013
G1 X30.638 Y73.983 E2829.41028
G1 X31.311 Y74.577 E2829.44013
G1 X31.883 Y75.279 E2829.47025
G1 X32.33 Y76.053 E2829.49998
G1 X32.654 Y76.905 E2829.53029
G1 X32.834 Y77.779 E2829.55997
G1 X32.87 Y78.684 E2829.5901
G1 X32.758 Y79.598 E2829.62073
G1 X32.514 Y80.434 E2829.64969
G1 X32.138 Y81.227 E2829.67888
G1 X31.613 Y82.002 E2829.71002
G1 X30.99 Y82.656 E2829.74006
G1 X30.221 Y83.219 E2829.77176
G1 F2700 E2824.77176
G0 F11250 X30.36 Y83.486
G0 X28.976 Y84.814
G0 X23.623 Y104.695
G0 X23.124 Y105.764
G0 X19.51 Y104.824
G0 X18.202 Y109.711
G0 X20.411 Y110.326
G0 X20.186 Y112.064
G1 F2700 E2829.77176
G1 F2250 X20.537 Y111.356 E2829.79804
G1 X18.355 Y110.759 E2829.87328
G1 X17.892 Y110.535 E2829.89039
G1 X17.573 Y110.206 E2829.90563
G1 X17.397 Y109.855 E2829.91869
G1 X17.329 Y109.535 E2829.92957
G1 X17.332 Y109.192 E2829.94098
G1 X18.492 Y104.86 E2830.09014
G1 X18.602 Y104.638 E2830.09838
G1 X18.824 Y104.351 E2830.11045
G1 X19.094 Y104.141 E2830.12182
G1 X19.381 Y104.011 E2830.1323
G1 X19.658 Y103.952 E2830.14172
G1 X20.026 Y103.952 E2830.15396
G1 X23.729 Y104.93 E2830.28135
G1 X34.959 Y82.31 E2831.12131
G1 X35.246 Y81.691 E2831.144
G1 X35.477 Y81.039 E2831.16701
G1 X35.665 Y80.338 E2831.19115
G1 X47.88 Y26.873 E2833.01522
G1 X48.003 Y26.107 E2833.04102
G1 X48.025 Y25.371 E2833.06551
G1 X47.945 Y24.639 E2833.09
G1 X47.775 Y23.924 E2833.11445
G1 X47.511 Y23.239 E2833.13886
G1 X47.156 Y22.59 E2833.16347
G1 X46.713 Y21.987 E2833.18836
G1 X46.212 Y21.463 E2833.21247
G1 X45.629 Y20.995 E2833.23733
G1 X45.005 Y20.62 E2833.26155
G1 X44.334 Y20.329 E2833.28587
G1 X43.607 Y20.12 E2833.31103
G1 X42.893 Y20.015 E2833.33504
G1 X42.151 Y20.002 E2833.35972
G1 X41.419 Y20.088 E2833.38423
G1 X40.697 Y20.271 E2833.40901
G1 X40.023 Y20.539 E2833.43313
G1 X39.371 Y20.904 E2833.45798
G1 X38.788 Y21.343 E2833.48226
G1 X38.259 Y21.863 E2833.50693
G1 X37.801 Y22.449 E2833.53166
G1 X37.435 Y23.074 E2833.55575
G1 X37.132 Y23.791 E2833.58164
G1 X7.684 Y108.7 E2836.57075
G1 X7.684 Y112.064 E2836.68264
G1 X20.186 Y112.064 E2837.09846
G0 F11250 X20.435 Y112.464
G1 F2250 X21.112 Y111.098 E2837.14916
G1 X18.46 Y110.373 E2837.24061
G1 X18.13 Y110.213 E2837.2528
G1 X17.901 Y109.978 E2837.26372
G1 X17.776 Y109.727 E2837.27304
G1 X17.729 Y109.253 E2837.28889
G1 X18.845 Y105.085 E2837.4324
G1 X19.021 Y104.731 E2837.44555
G1 X19.2 Y104.552 E2837.45397
G1 X19.402 Y104.431 E2837.4618
G1 X19.794 Y104.344 E2837.47515
G1 X20.068 Y104.377 E2837.48433
G1 X23.942 Y105.4 E2837.6176
G1 X35.32 Y82.482 E2838.46863
G1 X35.601 Y81.864 E2838.49121
G1 X35.611 Y81.859 E2838.49158
G1 X35.86 Y81.158 E2838.51632
G1 X36.049 Y80.454 E2838.54056
G1 X48.273 Y26.949 E2840.366
G1 X48.402 Y26.145 E2840.39308
G1 X48.426 Y25.356 E2840.41934
G1 X48.34 Y24.571 E2840.4456
G1 X48.158 Y23.806 E2840.47176
G1 X47.874 Y23.07 E2840.498
G1 X47.494 Y22.375 E2840.52434
G1 X47.02 Y21.729 E2840.55099
G1 X46.483 Y21.167 E2840.57684
G1 X45.858 Y20.667 E2840.60347
G1 X45.189 Y20.264 E2840.62944
G1 X44.469 Y19.952 E2840.65554
G1 X43.691 Y19.728 E2840.68247
G1 X42.926 Y19.615 E2840.70819
G1 X42.131 Y19.602 E2840.73463
G1 X41.347 Y19.694 E2840.76089
G1 X40.574 Y19.89 E2840.78741
G1 X39.851 Y20.177 E2840.81329
G1 X39.152 Y20.568 E2840.83992
G1 X38.527 Y21.04 E2840.86597
G1 X37.96 Y21.596 E2840.89239
G1 X37.469 Y22.224 E2840.9189
G1 X37.076 Y22.894 E2840.94473
G1 X36.759 Y23.647 E2840.97191
G1 X7.284 Y108.633 E2843.96373
G1 X7.284 Y112.464 E2844.09115
G1 X20.435 Y112.464 E2844.52855
G0 F11250 X20.683 Y112.864
G1 F2250 X21.686 Y110.84 E2844.60369
G1 X18.565 Y109.987 E2844.7113
G1 X18.367 Y109.891 E2844.71862
G1 X18.23 Y109.75 E2844.72515
G1 X18.155 Y109.6 E2844.73073
G1 X18.127 Y109.314 E2844.74029
G1 X19.245 Y105.147 E2844.88379
G1 X19.388 Y104.918 E2844.89277
G1 X19.687 Y104.756 E2844.90408
G1 X19.966 Y104.763 E2844.91336
G1 X24.156 Y105.87 E2845.0575
G1 X35.681 Y82.654 E2845.91958
G1 X35.964 Y82.034 E2845.94225
G1 X35.976 Y82.026 E2845.94273
G1 X36.242 Y81.277 E2845.96916
G1 X36.437 Y80.551 E2845.99417
G1 X48.666 Y27.025 E2847.82032
G1 X48.801 Y26.183 E2847.84868
G1 X48.826 Y25.34 E2847.87673
G1 X48.735 Y24.503 E2847.90474
G1 X48.541 Y23.687 E2847.93263
G1 X48.238 Y22.902 E2847.96062
G1 X47.832 Y22.159 E2847.98878
G1 X47.327 Y21.471 E2848.01717
G1 X46.753 Y20.872 E2848.04476
G1 X46.087 Y20.338 E2848.07315
G1 X45.372 Y19.907 E2848.10092
G1 X44.604 Y19.574 E2848.12876
G1 X43.776 Y19.336 E2848.15742
G1 X42.958 Y19.216 E2848.18491
G1 X42.111 Y19.201 E2848.21309
G1 X41.274 Y19.3 E2848.24112
G1 X40.45 Y19.508 E2848.26939
G1 X39.679 Y19.815 E2848.29699
G1 X38.933 Y20.232 E2848.32542
G1 X38.265 Y20.736 E2848.35325
G1 X37.661 Y21.329 E2848.3814
G1 X37.138 Y21.999 E2848.40967
G1 X36.718 Y22.714 E2848.43725
G1 X36.385 Y23.504 E2848.46577
G1 X6.884 Y108.566 E2851.46026
G1 X6.884 Y112.864 E2851.60321
G1 X20.683 Y112.864 E2852.06217
G0 F11250 X20.931 Y113.264
;TYPE:WALL-OUTER
G1 F2250 X22.26 Y110.582 E2852.16172
G1 X18.671 Y109.601 E2852.28547
G1 X18.559 Y109.522 E2852.29003
G1 X18.516 Y109.407 E2852.29411
G1 X19.633 Y105.235 E2852.43776
G1 X19.75 Y105.153 E2852.44251
G1 X19.864 Y105.15 E2852.44631
G1 X24.369 Y106.34 E2852.60128
G1 X36.043 Y82.826 E2853.47444
G1 X36.326 Y82.203 E2853.4972
G1 X36.341 Y82.194 E2853.49778
G1 X36.624 Y81.396 E2853.52595
G1 X36.835 Y80.606 E2853.55314
G1 X49.059 Y27.101 E2855.37858
G1 X49.2 Y26.221 E2855.40822
G1 X49.227 Y25.324 E2855.43807
G1 X49.13 Y24.435 E2855.46781
G1 X48.924 Y23.568 E2855.49745
G1 X48.602 Y22.733 E2855.52722
G1 X48.17 Y21.944 E2855.55714
G1 X47.634 Y21.213 E2855.58728
G1 X47.024 Y20.576 E2855.61662
G1 X46.317 Y20.009 E2855.64676
G1 X45.556 Y19.551 E2855.6763
G1 X44.74 Y19.197 E2855.70589
G1 X43.861 Y18.944 E2855.73631
G1 X42.991 Y18.816 E2855.76556
G1 X42.091 Y18.801 E2855.7955
G1 X41.201 Y18.906 E2855.8253
G1 X40.326 Y19.127 E2855.85532
G1 X39.507 Y19.453 E2855.88464
G1 X38.714 Y19.896 E2855.91485
G1 X38.003 Y20.432 E2855.94446
G1 X37.362 Y21.062 E2855.97436
G1 X36.806 Y21.773 E2856.00438
G1 X36.36 Y22.534 E2856.03372
G1 X36.011 Y23.36 E2856.06354
G1 X6.484 Y108.498 E2859.0607
G1 X6.484 Y113.264 E2859.21922
G1 X20.931 Y113.264 E2859.69973
G1 F2700 E2854.69973
G0 F11250 X20.508 Y112.58
G0 X20.586 Y110.788
G0 X17.712 Y109.992
G0 X19.226 Y104.335
G0 X23.351 Y105.411
G0 X33.471 Y84.897
G0 X31.738 Y83.294
G0 X30.48 Y83.411
G0 X30.06 Y82.849
G1 F2700 E2859.69973
G1 F2250 X29.3 Y83.25 E2859.72831
G1 X28.504 Y83.514 E2859.75621
G1 X27.704 Y83.642 E2859.78315
G1 X26.84 Y83.642 E2859.81189
G1 X26.012 Y83.506 E2859.8398
G1 X25.231 Y83.245 E2859.86719
G1 X24.484 Y82.849 E2859.89531
G1 X23.811 Y82.343 E2859.92331
G1 X23.235 Y81.738 E2859.95109
G1 X22.763 Y81.047 E2859.97893
G1 X22.403 Y80.288 E2860.00687
G1 X22.177 Y79.489 E2860.03449
G1 X22.077 Y78.685 E2860.06143
G1 X22.115 Y77.812 E2860.0905
G1 X22.271 Y77.032 E2860.11695
G1 X22.582 Y76.215 E2860.14603
G1 X22.982 Y75.523 E2860.17261
G1 X23.512 Y74.869 E2860.20061
G1 X24.16 Y74.295 E2860.2294
G1 X24.869 Y73.847 E2860.2573
G1 X25.644 Y73.521 E2860.28526
G1 X26.451 Y73.328 E2860.31286
G1 X27.289 Y73.26 E2860.34082
G1 X28.113 Y73.33 E2860.36833
G1 X28.917 Y73.526 E2860.39585
G1 X29.675 Y73.847 E2860.42323
G1 X30.409 Y74.314 E2860.45217
G1 X31.032 Y74.869 E2860.47992
G1 X31.562 Y75.523 E2860.50792
G1 X31.962 Y76.215 E2860.5345
G1 X32.264 Y77.005 E2860.56263
G1 X32.436 Y77.844 E2860.59112
G1 X32.467 Y78.684 E2860.61907
G1 X32.368 Y79.509 E2860.64671
G1 X32.137 Y80.3 E2860.67412
G1 X31.78 Y81.049 E2860.70171
G1 X31.309 Y81.738 E2860.72947
G1 X30.712 Y82.365 E2860.75827
G1 X30.06 Y82.849 E2860.78528
G1 F2700 E2855.78528
G0 F11250 X30.48 Y83.411
G0 X28.976 Y84.814
G0 X23.623 Y104.695
G0 X23.273 Y105.39
G0 X19.226 Y104.335
G0 X17.712 Y109.992
G0 X20.286 Y111.469
G0 X20.121 Y111.815
G0 X19.959 Y111.704
;TYPE:SKIN
G1 F2700 E2860.78528
G1 F2250 X8.044 Y111.704 E2861.18157
G1 X8.044 Y108.758 E2861.27956
G1 X37.471 Y23.908 E2864.26658
G1 X37.756 Y23.23 E2864.29104
G1 X38.094 Y22.653 E2864.31328
G1 X38.522 Y22.106 E2864.33638
G1 X39.023 Y21.612 E2864.35979
G1 X39.57 Y21.201 E2864.38254
G1 X40.178 Y20.862 E2864.4057
G1 X40.802 Y20.615 E2864.42802
G1 X41.485 Y20.442 E2864.45145
G1 X42.171 Y20.361 E2864.47443
G1 X42.867 Y20.372 E2864.49758
G1 X43.521 Y20.472 E2864.51958
G1 X44.216 Y20.669 E2864.54361
G1 X44.84 Y20.939 E2864.56622
G1 X45.417 Y21.289 E2864.58867
G1 X45.968 Y21.728 E2864.6121
G1 X46.43 Y22.213 E2864.63438
G1 X46.85 Y22.78 E2864.65785
G1 X47.182 Y23.393 E2864.68103
G1 X47.428 Y24.024 E2864.70356
G1 X47.59 Y24.706 E2864.72687
G1 X47.663 Y25.384 E2864.74955
G1 X47.64 Y26.069 E2864.77235
G1 X47.527 Y26.794 E2864.79676
G1 X35.313 Y80.242 E2866.62027
G1 X35.132 Y80.928 E2866.64387
G1 X34.914 Y81.54 E2866.66548
G1 X34.643 Y82.128 E2866.68701
G1 X23.537 Y104.505 E2867.5179
G1 X20.268 Y103.642 E2867.63035
G1 X19.776 Y103.584 E2867.64683
G1 X19.425 Y103.625 E2867.65858
G1 X18.991 Y103.77 E2867.6738
G1 X18.565 Y104.099 E2867.6917
G1 X18.272 Y104.484 E2867.70779
G1 X18.118 Y104.865 E2867.72146
G1 X16.978 Y109.12 E2867.86797
G1 X16.968 Y109.545 E2867.88211
G1 X17.048 Y109.946 E2867.89571
G1 X17.274 Y110.412 E2867.91294
G1 X17.68 Y110.828 E2867.93227
G1 X18.224 Y111.093 E2867.9524
G1 X20.017 Y111.586 E2868.01425
G1 X19.959 Y111.704 E2868.01862
G1 F2700 E2863.01862
G0 F11250 X19.959 Y111.964
G0 X20.55 Y110.781
G0 X17.712 Y109.992
G0 X19.226 Y104.335
G0 X23.639 Y104.731
G0 X33.304 Y85.234
G0 X31.534 Y83.474
G0 X30.743 Y83.961
G0 X30.892 Y84.173
G1 F2700 E2868.01862
G1 F2250 X31.64 Y83.617 E2868.04962
G1 X31.874 Y83.41 E2868.06001
G1 X32.506 Y82.742 E2868.0906
G1 X33.14 Y81.825 E2868.12768
G1 X33.593 Y80.872 E2868.16277
G1 X33.892 Y79.857 E2868.19796
G1 X34.017 Y78.859 E2868.23142
G1 X34.025 Y78.584 E2868.24057
G1 X33.995 Y77.765 E2868.26783
G1 X33.959 Y77.497 E2868.27682
G1 X33.801 Y76.716 E2868.30332
G1 X33.724 Y76.458 E2868.31228
G1 X33.44 Y75.701 E2868.33917
G1 X33.316 Y75.447 E2868.34857
G1 X32.91 Y74.74 E2868.37569
G1 X32.757 Y74.518 E2868.38465
G1 X32.234 Y73.87 E2868.41235
G1 X32.046 Y73.682 E2868.42119
G1 X31.45 Y73.15 E2868.44777
G1 X31.229 Y72.983 E2868.45698
G1 X30.536 Y72.543 E2868.48428
G1 X30.299 Y72.415 E2868.49324
G1 X29.404 Y72.045 E2868.52545
G1 X28.38 Y71.793 E2868.56053
G1 X27.414 Y71.704 E2868.59279
G1 X27.122 Y71.704 E2868.6025
G1 X26.194 Y71.784 E2868.63348
G1 X25.281 Y72.001 E2868.6647
G1 X25.015 Y72.09 E2868.67402
G1 X24.254 Y72.411 E2868.7015
G1 X24.008 Y72.538 E2868.7107
G1 X23.22 Y73.039 E2868.74176
G1 X22.499 Y73.674 E2868.77372
G1 X22.296 Y73.889 E2868.78355
G1 X21.792 Y74.509 E2868.81013
G1 X21.64 Y74.724 E2868.81888
G1 X21.234 Y75.428 E2868.84591
G1 X21.112 Y75.675 E2868.85508
G1 X20.772 Y76.569 E2868.88689
G1 X20.559 Y77.629 E2868.92285
G1 X20.516 Y78.579 E2868.95448
G1 X20.528 Y78.869 E2868.96413
G1 X20.641 Y79.801 E2868.99536
G1 X20.931 Y80.831 E2869.03095
G1 X21.407 Y81.827 E2869.06766
G1 X21.951 Y82.622 E2869.0997
G1 X22.127 Y82.843 E2869.1091
G1 X22.679 Y83.419 E2869.13563
G1 X22.888 Y83.603 E2869.1449
G1 X23.656 Y84.177 E2869.17679
G1 X24.639 Y84.686 E2869.2136
G1 X25.515 Y84.986 E2869.2444
G1 X25.815 Y85.055 E2869.25464
G1 X26.552 Y85.174 E2869.27947
G1 X26.856 Y85.204 E2869.28963
G1 X27.683 Y85.204 E2869.31714
G1 X27.987 Y85.176 E2869.32729
G1 X28.716 Y85.058 E2869.35185
G1 X29.015 Y84.987 E2869.36207
G1 X29.911 Y84.69 E2869.39347
G1 X30.892 Y84.173 E2869.43035
G1 F2700 E2864.43035
G0 F11250 X30.743 Y83.961
G0 X28.976 Y84.814
G0 X23.623 Y104.695
G0 X23.12 Y105.352
G0 X19.226 Y104.335
G0 X17.712 Y109.992
G0 X18.801 Y110.986
G0 X18.68 Y111.427
G1 F2700 E2869.43035
G1 F2250 X18.604 Y111.504 E2869.43395
G0 F11250 X18.236 Y111.306
G1 F2250 X18.038 Y111.504 E2869.44326
G0 F11250 X17.846 Y111.13
G1 F2250 X17.473 Y111.504 E2869.46083
G0 F11250 X16.908 Y111.503
G1 F2250 X17.49 Y110.92 E2869.48823
G0 F11250 X17.21 Y110.635
G1 F2250 X16.342 Y111.503 E2869.52906
G0 F11250 X15.776 Y111.503
G1 F2250 X16.989 Y110.29 E2869.58611
G0 F11250 X16.83 Y109.884
G1 F2250 X15.211 Y111.503 E2869.66227
G0 F11250 X14.645 Y111.503
G1 F2250 X16.77 Y109.378 E2869.76222
G0 F11250 X16.884 Y108.699
G1 F2250 X14.079 Y111.503 E2869.89413
G0 F11250 X13.514 Y111.503
G1 F2250 X17.09 Y107.926 E2870.06236
G0 F11250 X17.297 Y107.154
G1 F2250 X12.948 Y111.503 E2870.26693
G0 F11250 X12.381 Y111.504
G1 F2250 X17.504 Y106.381 E2870.5079
G0 F11250 X17.71 Y105.609
G1 F2250 X11.816 Y111.504 E2870.78516
G0 F11250 X11.25 Y111.504
G1 F2250 X17.917 Y104.836 E2871.09877
G0 F11250 X18.36 Y104.961
G0 X19.435 Y103.898
G0 X19.293 Y103.461
G1 F2250 X28.303 Y94.45 E2871.5226
G0 F11250 X28.717 Y94.656
G0 X28.159 Y95.779
G0 X27.746 Y95.573
G1 F2250 X19.918 Y103.401 E2871.89081
G0 F11250 X20.413 Y103.472
G1 F2250 X27.189 Y96.696 E2872.20953
G0 F11250 X27.602 Y96.902
G0 X27.045 Y98.024
G0 X26.632 Y97.819
G1 F2250 X20.86 Y103.591 E2872.48103
G0 F11250 X21.307 Y103.709
G1 F2250 X26.074 Y98.943 E2872.70523
G0 F11250 X26.487 Y99.148
G0 X25.929 Y100.271
G0 X25.517 Y100.066
G1 F2250 X21.755 Y103.827 E2872.88216
G0 F11250 X22.202 Y103.945
G1 F2250 X24.959 Y101.188 E2873.01184
G0 F11250 X25.372 Y101.394
G0 X24.815 Y102.517
G0 X24.402 Y102.311
G1 F2250 X22.649 Y104.064 E2873.09429
G0 F11250 X23.097 Y104.182
G1 F2250 X23.845 Y103.434 E2873.12948
G0 F11250 X24.258 Y103.639
G0 X29.274 Y93.533
G0 X28.861 Y93.327
G1 F2250 X10.684 Y111.504 E2873.98447
G0 F11250 X10.119 Y111.504
G1 F2250 X29.418 Y92.205 E2874.89223
G0 F11250 X29.831 Y92.411
G0 X30.389 Y91.287
G0 X29.976 Y91.081
G1 F2250 X9.553 Y111.504 E2875.85287
G0 F11250 X8.987 Y111.504
G1 F2250 X30.533 Y89.958 E2876.86633
G0 F11250 X30.947 Y90.164
G0 X31.504 Y89.041
G0 X31.09 Y88.835
G1 F2250 X8.422 Y111.504 E2877.93258
G0 F11250 X8.244 Y111.115
G1 F2250 X31.647 Y87.712 E2879.03339
G0 F11250 X32.061 Y87.918
G0 X32.619 Y86.795
G0 X32.204 Y86.589
G1 F2250 X8.244 Y110.55 E2880.16042
G0 F11250 X8.244 Y109.984
G1 F2250 X32.762 Y85.466 E2881.31367
G0 F11250 X33.176 Y85.672
G0 X33.734 Y84.549
G0 X33.32 Y84.343
G1 F2250 X8.244 Y109.418 E2882.49314
G0 F11250 X8.244 Y108.853
G1 F2250 X33.877 Y83.22 E2883.69884
G0 F11250 X34.291 Y83.426
G0 X34.379 Y83.068
G0 X32.812 Y81.989
G0 X32.586 Y82.177
G0 X32.963 Y82.437
G1 F2250 X35.086 Y80.314 E2883.7987
G0 F11250 X35.259 Y79.575
G1 F2250 X33.672 Y81.162 E2883.87335
G0 F11250 X33.972 Y80.297
G1 F2250 X35.427 Y78.842 E2883.94179
G0 F11250 X35.594 Y78.108
G1 F2250 X34.13 Y79.573 E2884.01067
G0 F11250 X34.211 Y78.926
G1 F2250 X35.762 Y77.375 E2884.08363
G0 F11250 X35.93 Y76.642
G1 F2250 X34.217 Y78.355 E2884.1642
G0 F11250 X34.196 Y77.81
G1 F2250 X36.097 Y75.909 E2884.25362
G0 F11250 X36.265 Y75.175
G1 F2250 X34.127 Y77.313 E2884.35418
G0 F11250 X34.032 Y76.843
G1 F2250 X36.432 Y74.443 E2884.46707
G0 F11250 X36.599 Y73.71
G1 F2250 X33.915 Y76.394 E2884.59332
G0 F11250 X33.76 Y75.983
G1 F2250 X36.767 Y72.976 E2884.73476
G0 F11250 X36.934 Y72.243
G1 F2250 X33.601 Y75.576 E2884.89153
G0 F11250 X33.408 Y75.204
G1 F2250 X37.102 Y71.51 E2885.06529
G0 F11250 X37.269 Y70.776
G1 F2250 X33.201 Y74.844 E2885.25663
G0 F11250 X32.984 Y74.496
G1 F2250 X37.437 Y70.043 E2885.46609
G0 F11250 X37.605 Y69.31
G1 F2250 X32.74 Y74.175 E2885.69492
G0 F11250 X32.487 Y73.862
G1 F2250 X37.772 Y68.577 E2885.94351
G0 F11250 X37.94 Y67.843
G1 F2250 X32.214 Y73.569 E2886.21285
G0 F11250 X31.919 Y73.299
G1 F2250 X38.107 Y67.11 E2886.50393
G0 F11250 X38.275 Y66.377
G1 F2250 X31.62 Y73.032 E2886.81697
G0 F11250 X31.297 Y72.789
G1 F2250 X38.443 Y65.644 E2887.15307
G0 F11250 X38.61 Y64.91
G1 F2250 X30.95 Y72.57 E2887.51337
G0 F11250 X30.603 Y72.352
G1 F2250 X38.778 Y64.177 E2887.8979
G0 F11250 X38.945 Y63.444
G1 F2250 X30.223 Y72.166 E2888.30815
G0 F11250 X29.824 Y72
G1 F2250 X39.113 Y62.71 E2888.7451
G0 F11250 X39.28 Y61.977
G1 F2250 X29.412 Y71.846 E2889.20929
G0 F11250 X28.96 Y71.732
G1 F2250 X39.448 Y61.244 E2889.70261
G0 F11250 X39.616 Y60.511
G1 F2250 X28.507 Y71.619 E2890.22512
G0 F11250 X28.002 Y71.558
G1 F2250 X39.783 Y59.777 E2890.77926
G0 F11250 X39.951 Y59.044
G1 F2250 X27.486 Y71.509 E2891.36558
G0 F11250 X26.906 Y71.523
G1 F2250 X40.118 Y58.311 E2891.98703
G0 F11250 X40.286 Y57.578
G1 F2250 X26.287 Y71.576 E2892.64548
G0 F11250 X25.572 Y71.726
G1 F2250 X40.454 Y56.844 E2893.34548
G0 F11250 X40.621 Y56.111
G1 F2250 X24.745 Y71.987 E2894.09224
G0 F11250 X24.925 Y72.412
G0 X23.858 Y72.946
G0 X23.611 Y72.556
G1 F2250 X40.789 Y55.378 E2894.90024
G0 F11250 X40.956 Y54.645
G1 F2250 X19.626 Y75.975 E2895.90354
G0 F11250 X19.926 Y75.109
G1 F2250 X41.124 Y53.911 E2896.90063
G0 F11250 X41.292 Y53.178
G1 F2250 X20.227 Y74.243 E2897.89146
G0 F11250 X20.527 Y73.376
G1 F2250 X41.459 Y52.445 E2898.87601
G0 F11250 X41.627 Y51.711
G1 F2250 X20.827 Y72.511 E2899.85438
G0 F11250 X21.128 Y71.645
G1 F2250 X41.794 Y50.978 E2900.82647
G0 F11250 X41.962 Y50.245
G1 F2250 X21.428 Y70.779 E2901.79233
G0 F11250 X21.729 Y69.912
G1 F2250 X42.129 Y49.512 E2902.75188
G0 F11250 X42.297 Y48.778
G1 F2250 X22.028 Y69.047 E2903.70527
G0 F11250 X22.329 Y68.181
G1 F2250 X42.465 Y48.045 E2904.65241
G0 F11250 X42.632 Y47.312
G1 F2250 X22.63 Y67.314 E2905.59324
G0 F11250 X22.93 Y66.448
G1 F2250 X42.8 Y46.579 E2906.52784
G0 F11250 X42.967 Y45.845
G1 F2250 X23.23 Y65.583 E2907.45623
G0 F11250 X23.53 Y64.717
G1 F2250 X43.135 Y45.112 E2908.37839
G0 F11250 X43.303 Y44.379
G1 F2250 X23.831 Y63.85 E2909.29427
G0 F11250 X24.131 Y62.984
G1 F2250 X43.47 Y43.645 E2910.20392
G0 F11250 X43.638 Y42.912
G1 F2250 X24.432 Y62.118 E2911.10731
G0 F11250 X24.732 Y61.252
G1 F2250 X43.805 Y42.179 E2912.00444
G0 F11250 X43.973 Y41.446
G1 F2250 X25.032 Y60.386 E2912.89535
G0 F11250 X25.333 Y59.52
G1 F2250 X44.14 Y40.712 E2913.77999
G0 F11250 X44.308 Y39.979
G1 F2250 X25.633 Y58.654 E2914.65841
G0 F11250 X25.933 Y57.788
G1 F2250 X44.476 Y39.246 E2915.53059
G0 F11250 X44.643 Y38.513
G1 F2250 X26.234 Y56.922 E2916.39649
G0 F11250 X26.534 Y56.056
G1 F2250 X44.811 Y37.779 E2917.25619
G0 F11250 X44.978 Y37.046
G1 F2250 X26.835 Y55.19 E2918.1096
G0 F11250 X27.135 Y54.323
G1 F2250 X45.146 Y36.313 E2918.95676
G0 F11250 X45.314 Y35.579
G1 F2250 X27.435 Y53.458 E2919.79774
G0 F11250 X27.736 Y52.592
G1 F2250 X45.481 Y34.846 E2920.63243
G0 F11250 X45.649 Y34.113
G1 F2250 X28.036 Y51.726 E2921.46089
G0 F11250 X28.337 Y50.859
G1 F2250 X45.816 Y33.38 E2922.28305
G0 F11250 X45.984 Y32.646
G1 F2250 X28.636 Y49.994 E2923.09905
G0 F11250 X28.937 Y49.128
G1 F2250 X46.151 Y31.913 E2923.90876
G0 F11250 X46.319 Y31.18
G1 F2250 X29.237 Y48.261 E2924.71222
G0 F11250 X29.538 Y47.395
G1 F2250 X46.487 Y30.447 E2925.50943
G0 F11250 X46.654 Y29.713
G1 F2250 X29.838 Y46.53 E2926.30043
G0 F11250 X30.138 Y45.664
G1 F2250 X46.822 Y28.98 E2927.08519
G0 F11250 X46.989 Y28.247
G1 F2250 X30.439 Y44.797 E2927.86365
G0 F11250 X30.739 Y43.931
G1 F2250 X47.157 Y27.514 E2928.63588
G0 F11250 X47.325 Y26.78
G1 F2250 X31.04 Y43.065 E2929.40188
G0 F11250 X31.34 Y42.199
G1 F2250 X47.431 Y26.109 E2930.15873
G0 F11250 X47.458 Y25.515
G1 F2250 X31.64 Y41.333 E2930.90276
G0 F11250 X31.941 Y40.467
G1 F2250 X47.419 Y24.989 E2931.63079
G0 F11250 X47.337 Y24.505
G1 F2250 X32.241 Y39.601 E2932.34086
G0 F11250 X32.541 Y38.735
G1 F2250 X47.224 Y24.052 E2933.03151
G0 F11250 X47.065 Y23.646
G1 F2250 X32.842 Y37.869 E2933.70051
G0 F11250 X33.142 Y37.003
G1 F2250 X46.883 Y23.262 E2934.34685
G0 F11250 X46.684 Y22.895
G1 F2250 X33.443 Y36.137 E2934.96969
G0 F11250 X33.743 Y35.27
G1 F2250 X46.444 Y22.569 E2935.5671
G0 F11250 X46.193 Y22.255
G1 F2250 X34.043 Y34.405 E2936.1386
G0 F11250 X34.343 Y33.539
G1 F2250 X45.917 Y21.965 E2936.68301
G0 F11250 X45.615 Y21.702
G1 F2250 X34.644 Y32.673 E2937.19905
G0 F11250 X34.945 Y31.806
G1 F2250 X45.299 Y21.451 E2937.68609
G0 F11250 X44.947 Y21.238
G1 F2250 X35.244 Y30.941 E2938.14249
G0 F11250 X35.545 Y30.075
G1 F2250 X44.576 Y21.043 E2938.56731
G0 F11250 X44.181 Y20.872
G1 F2250 X35.845 Y29.208 E2938.95941
G0 F11250 X36.146 Y28.342
G1 F2250 X43.745 Y20.743 E2939.31684
G0 F11250 X43.283 Y20.639
G1 F2250 X36.446 Y27.477 E2939.63845
G0 F11250 X36.746 Y26.611
G1 F2250 X42.784 Y20.573 E2939.92246
G0 F11250 X42.229 Y20.562
G1 F2250 X37.047 Y25.744 E2940.16621
G0 F11250 X37.347 Y24.878
G1 F2250 X41.595 Y20.631 E2940.366
G0 F11250 X40.845 Y20.815
G1 F2250 X37.648 Y24.012 E2940.51638
G0 F11250 X37.215 Y23.862
G0 X37.771 Y22.7
G0 X38.163 Y22.931
G1 F2250 X39.783 Y21.311 E2940.59258
G1 F2700 E2935.59258
G0 F11250 X39.563 Y20.912
G0 X38.379 Y21.97
G0 X37.94 Y22.591
G0 X23.218 Y73.281
G0 X21.763 Y75.033
G0 X21.365 Y74.801
G1 F2700 E2940.59258
G1 F2250 X19.325 Y76.841 E2940.68853
G0 F11250 X19.025 Y77.707
G1 F2250 X20.802 Y75.931 E2940.77209
G0 F11250 X20.53 Y76.768
G1 F2250 X18.725 Y78.573 E2940.85699
G0 F11250 X18.424 Y79.439
G1 F2250 X20.385 Y77.478 E2940.94923
G0 F11250 X20.339 Y78.091
G1 F2250 X18.124 Y80.305 E2941.0534
G0 F11250 X17.824 Y81.171
G1 F2250 X20.32 Y78.675 E2941.1708
G0 F11250 X20.365 Y79.195
G1 F2250 X17.524 Y82.037 E2941.30446
G0 F11250 X17.223 Y82.903
G1 F2250 X20.426 Y79.7 E2941.45512
G0 F11250 X20.534 Y80.158
G1 F2250 X16.922 Y83.77 E2941.62501
G0 F11250 X16.622 Y84.636
G1 F2250 X20.659 Y80.599 E2941.8149
G0 F11250 X20.803 Y81.02
G1 F2250 X16.322 Y85.501 E2942.02567
G0 F11250 X16.022 Y86.367
G1 F2250 X20.985 Y81.404 E2942.25912
G0 F11250 X21.167 Y81.788
G1 F2250 X15.721 Y87.234 E2942.51528
G0 F11250 X15.421 Y88.1
G1 F2250 X21.38 Y82.14 E2942.7956
G0 F11250 X21.61 Y82.476
G1 F2250 X15.121 Y88.965 E2943.10082
G0 F11250 X14.82 Y89.832
G1 F2250 X21.844 Y82.808 E2943.43121
G0 F11250 X22.108 Y83.11
G1 F2250 X14.52 Y90.698 E2943.78812
G0 F11250 X14.219 Y91.564
G1 F2250 X22.383 Y83.4 E2944.17213
G0 F11250 X22.672 Y83.677
G1 F2250 X13.919 Y92.429 E2944.58382
G0 F11250 X13.619 Y93.296
G1 F2250 X22.987 Y83.927 E2945.02449
G0 F11250 X23.311 Y84.169
G1 F2250 X13.318 Y94.162 E2945.49453
G0 F11250 X13.018 Y95.028
G1 F2250 X23.65 Y84.396 E2945.99463
G0 F11250 X24.022 Y84.59
G1 F2250 X12.717 Y95.894 E2946.52636
G0 F11250 X12.418 Y96.76
G1 F2250 X24.394 Y84.784 E2947.08967
G0 F11250 X24.793 Y84.95
G1 F2250 X12.117 Y97.626 E2947.68591
G0 F11250 X11.816 Y98.492
G1 F2250 X25.214 Y85.095 E2948.31609
G0 F11250 X25.652 Y85.223
G1 F2250 X11.516 Y99.358 E2948.98098
G0 F11250 X11.216 Y100.224
G1 F2250 X26.131 Y85.309 E2949.68253
G0 F11250 X26.623 Y85.383
G1 F2250 X10.916 Y101.09 E2950.42134
G0 F11250 X10.615 Y101.956
G1 F2250 X27.168 Y85.403 E2951.19994
G0 F11250 X27.737 Y85.4
G1 F2250 X10.315 Y102.823 E2952.01945
G0 F11250 X10.014 Y103.689
G1 F2250 X28.388 Y85.315 E2952.8837
G0 F11250 X29.097 Y85.171
G1 F2250 X9.714 Y104.554 E2953.79542
G0 F11250 X9.414 Y105.42
G1 F2250 X29.945 Y84.889 E2954.76113
G0 F11250 X29.762 Y84.463
G0 X30.974 Y83.79
G0 X31.244 Y84.156
G1 F2250 X9.113 Y106.287 E2955.80211
G0 F11250 X8.813 Y107.153
G1 F2250 X34.853 Y81.112 E2957.02697
G0 F11250 X35.289 Y81.267
G0 X34.848 Y82.303
G0 X34.434 Y82.097
G1 F2250 X8.513 Y108.018 E2958.24622
G0 F11250 X7.797 Y107.768
G1 F2700 E2953.24622
;MESH:NONMESH
G0 F300 X7.797 Y107.768 Z9.4
G0 F11250 X18.011 Y79.476
G0 X20.822 Y79.779
G0 X22.749 Y82.156
G0 X23.4 Y82.835
G0 X24.152 Y83.399
G0 X24.984 Y83.836
G0 X25.877 Y84.134
G0 X26.804 Y84.285
G0 X27.564 Y84.285
G0 X30.691 Y83.875
;TIME_ELAPSED:2910.450919
;LAYER:46
;TYPE:WALL-INNER
;MESH:Sperrklinke
G1 F2700 E2958.24622
G1 F2250 X29.79 Y84.352 E2958.28013
G1 X28.806 Y84.681 E2958.31464
G1 X27.788 Y84.844 E2958.34893
G1 X26.755 Y84.844 E2958.38328
G1 X25.738 Y84.681 E2958.41754
G1 X24.77 Y84.353 E2958.45153
G1 X23.858 Y83.879 E2958.48572
G1 X23.025 Y83.256 E2958.52032
G1 X22.307 Y82.507 E2958.55483
G1 X21.728 Y81.663 E2958.58887
G1 X21.282 Y80.729 E2958.62329
G1 X20.999 Y79.742 E2958.65744
G1 X20.872 Y78.717 E2958.6918
G1 X20.918 Y77.686 E2958.72612
G1 X21.117 Y76.687 E2958.76
G1 X21.484 Y75.718 E2958.79446
G1 X21.996 Y74.831 E2958.82853
G1 X22.652 Y74.026 E2958.86307
G1 X23.422 Y73.342 E2958.89732
G1 X24.296 Y72.787 E2958.93176
G1 X25.25 Y72.382 E2958.96623
G1 X26.247 Y72.141 E2959.00034
G1 X27.268 Y72.054 E2959.03443
G1 X28.309 Y72.146 E2959.06918
G1 X29.302 Y72.389 E2959.10319
G1 X30.246 Y72.786 E2959.13725
G1 X31.122 Y73.342 E2959.17176
G1 X31.892 Y74.026 E2959.20601
G1 X32.545 Y74.827 E2959.24039
G1 X33.057 Y75.714 E2959.27445
G1 X33.425 Y76.682 E2959.30889
G1 X33.63 Y77.676 E2959.34265
G1 X33.672 Y78.705 E2959.3769
G1 X33.552 Y79.733 E2959.41133
G1 X33.256 Y80.743 E2959.44633
G1 X32.817 Y81.663 E2959.48024
G1 X32.235 Y82.511 E2959.51444
G1 X31.52 Y83.26 E2959.54888
G1 X30.691 Y83.875 E2959.58322
G0 F11250 X30.472 Y83.539
G1 F2250 X29.633 Y83.983 E2959.61479
G1 X28.713 Y84.291 E2959.64706
G1 X27.756 Y84.444 E2959.67929
G1 X26.788 Y84.444 E2959.71149
G1 X25.836 Y84.291 E2959.74356
G1 X24.924 Y83.984 E2959.77556
G1 X24.07 Y83.539 E2959.80759
G1 X23.295 Y82.96 E2959.83977
G1 X22.62 Y82.257 E2959.87218
G1 X22.074 Y81.462 E2959.90426
G1 X21.656 Y80.583 E2959.93663
G1 X21.393 Y79.666 E2959.96836
G1 X21.273 Y78.701 E2960.00071
G1 X21.324 Y77.692 E2960.03431
G1 X21.502 Y76.799 E2960.06459
G1 X21.849 Y75.885 E2960.09711
G1 X22.328 Y75.057 E2960.12893
G1 X22.944 Y74.3 E2960.16139
G1 X23.665 Y73.661 E2960.19343
G1 X24.477 Y73.145 E2960.22543
G1 X25.375 Y72.764 E2960.25787
G1 X26.31 Y72.537 E2960.28987
G1 X27.271 Y72.456 E2960.32195
G1 X28.241 Y72.537 E2960.35433
G1 X29.17 Y72.764 E2960.38613
G1 X30.067 Y73.145 E2960.41855
G1 X30.879 Y73.661 E2960.45055
G1 X31.603 Y74.303 E2960.48273
G1 X32.211 Y75.049 E2960.51474
G1 X32.693 Y75.883 E2960.54678
G1 X33.04 Y76.794 E2960.5792
G1 X33.231 Y77.725 E2960.61081
G1 X33.271 Y78.697 E2960.64317
G1 X33.149 Y79.687 E2960.67634
G1 X32.891 Y80.568 E2960.70688
G1 X32.468 Y81.465 E2960.73986
G1 X31.925 Y82.256 E2960.77177
G1 X31.257 Y82.957 E2960.80398
G1 X30.472 Y83.539 E2960.83648
G0 F11250 X30.221 Y83.219
G1 F2250 X29.476 Y83.612 E2960.8645
G1 X28.614 Y83.902 E2960.89475
G1 X27.723 Y84.044 E2960.92476
G1 X26.82 Y84.044 E2960.95479
G1 X25.931 Y83.901 E2960.98474
G1 X25.077 Y83.615 E2961.01469
G1 X24.282 Y83.198 E2961.04455
G1 X23.555 Y82.654 E2961.07475
G1 X22.935 Y82.008 E2961.10453
G1 X22.422 Y81.26 E2961.1347
G1 X22.033 Y80.448 E2961.16465
G1 X21.785 Y79.583 E2961.19457
G1 X21.674 Y78.683 E2961.22474
G1 X21.719 Y77.756 E2961.2556
G1 X21.901 Y76.875 E2961.28552
G1 X22.213 Y76.055 E2961.31471
G1 X22.659 Y75.284 E2961.34433
G1 X23.202 Y74.616 E2961.37296
G1 X23.903 Y73.984 E2961.40435
G1 X24.669 Y73.498 E2961.43453
G1 X25.503 Y73.143 E2961.46467
G1 X26.326 Y72.944 E2961.49284
G1 X27.271 Y72.857 E2961.5244
G1 X28.178 Y72.936 E2961.55468
G1 X29.005 Y73.135 E2961.58297
G1 X29.873 Y73.497 E2961.61425
G1 X30.638 Y73.983 E2961.6444
G1 X31.311 Y74.577 E2961.67425
G1 X31.883 Y75.279 E2961.70437
G1 X32.33 Y76.053 E2961.7341
G1 X32.654 Y76.905 E2961.76442
G1 X32.834 Y77.779 E2961.7941
G1 X32.87 Y78.684 E2961.82422
G1 X32.758 Y79.598 E2961.85485
G1 X32.514 Y80.434 E2961.88381
G1 X32.138 Y81.227 E2961.913
G1 X31.613 Y82.002 E2961.94414
G1 X30.99 Y82.656 E2961.97418
G1 X30.221 Y83.219 E2962.00588
G1 F2700 E2957.00588
G0 F11250 X30.36 Y83.486
G0 X28.976 Y84.815
G0 X23.406 Y105.129
G0 X22.91 Y106.198
G0 X19.394 Y105.261
G0 X18.319 Y109.275
G0 X20.848 Y109.958
G0 X20.187 Y112.064
G1 F2700 E2962.00588
G1 F2250 X20.752 Y110.926 E2962.04814
G1 X18.48 Y110.321 E2962.12634
G1 X18.075 Y110.141 E2962.14108
G1 X17.772 Y109.873 E2962.15453
G1 X17.577 Y109.573 E2962.16643
G1 X17.475 Y109.282 E2962.17669
G1 X17.44 Y109.021 E2962.18545
G1 X17.453 Y108.733 E2962.19504
G1 X18.371 Y105.304 E2962.3131
G1 X18.48 Y105.081 E2962.32136
G1 X18.751 Y104.729 E2962.33613
G1 X19.108 Y104.511 E2962.35004
G1 X19.39 Y104.416 E2962.35994
G1 X19.772 Y104.386 E2962.37269
G1 X20.057 Y104.432 E2962.38229
G1 X23.512 Y105.365 E2962.50132
G1 X34.959 Y82.31 E2963.35745
G1 X35.246 Y81.691 E2963.38014
G1 X35.477 Y81.039 E2963.40315
G1 X35.665 Y80.338 E2963.42729
G1 X47.88 Y26.873 E2965.25136
G1 X48.003 Y26.107 E2965.27716
G1 X48.025 Y25.371 E2965.30165
G1 X47.945 Y24.639 E2965.32614
G1 X47.775 Y23.924 E2965.35059
G1 X47.511 Y23.239 E2965.375
G1 X47.156 Y22.59 E2965.39961
G1 X46.713 Y21.987 E2965.42449
G1 X46.212 Y21.463 E2965.44861
G1 X45.629 Y20.995 E2965.47347
G1 X45.005 Y20.62 E2965.49769
G1 X44.334 Y20.329 E2965.52201
G1 X43.607 Y20.12 E2965.54717
G1 X42.893 Y20.015 E2965.57117
G1 X42.151 Y20.002 E2965.59586
G1 X41.419 Y20.088 E2965.62037
G1 X40.697 Y20.271 E2965.64514
G1 X40.023 Y20.539 E2965.66927
G1 X39.371 Y20.904 E2965.69412
G1 X38.788 Y21.343 E2965.71839
G1 X38.259 Y21.863 E2965.74307
G1 X37.801 Y22.449 E2965.7678
G1 X37.435 Y23.074 E2965.79189
G1 X37.132 Y23.791 E2965.81778
G1 X7.684 Y108.7 E2968.80689
G1 X7.684 Y112.064 E2968.91878
G1 X20.187 Y112.064 E2969.33463
G0 F11250 X20.435 Y112.464
G1 F2250 X21.328 Y110.665 E2969.40143
G1 X18.583 Y109.935 E2969.4959
G1 X18.294 Y109.806 E2969.50643
G1 X18.077 Y109.615 E2969.51604
G1 X17.938 Y109.4 E2969.52456
G1 X17.865 Y109.192 E2969.53189
G1 X17.849 Y108.799 E2969.54497
G1 X18.747 Y105.456 E2969.6601
G1 X18.899 Y105.174 E2969.67076
G1 X19.075 Y104.996 E2969.67908
G1 X19.275 Y104.874 E2969.68688
G1 X19.573 Y104.791 E2969.69717
G1 X19.953 Y104.818 E2969.70984
G1 X23.725 Y105.836 E2969.83978
G1 X35.32 Y82.482 E2970.70701
G1 X35.601 Y81.864 E2970.72959
G1 X35.611 Y81.859 E2970.72996
G1 X35.86 Y81.158 E2970.7547
G1 X36.049 Y80.454 E2970.77895
G1 X48.273 Y26.949 E2972.60438
G1 X48.402 Y26.145 E2972.63146
G1 X48.426 Y25.356 E2972.65772
G1 X48.34 Y24.571 E2972.68398
G1 X48.158 Y23.806 E2972.71014
G1 X47.874 Y23.07 E2972.73638
G1 X47.494 Y22.375 E2972.76272
G1 X47.02 Y21.729 E2972.78937
G1 X46.483 Y21.167 E2972.81523
G1 X45.858 Y20.667 E2972.84185
G1 X45.189 Y20.264 E2972.86782
G1 X44.469 Y19.952 E2972.89392
G1 X43.691 Y19.728 E2972.92085
G1 X42.926 Y19.615 E2972.94657
G1 X42.131 Y19.602 E2972.97302
G1 X41.347 Y19.694 E2972.99927
G1 X40.574 Y19.89 E2973.02579
G1 X39.851 Y20.177 E2973.05167
G1 X39.152 Y20.568 E2973.07831
G1 X38.527 Y21.04 E2973.10435
G1 X37.96 Y21.596 E2973.13077
G1 X37.469 Y22.224 E2973.15728
G1 X37.076 Y22.894 E2973.18312
G1 X36.759 Y23.647 E2973.21029
G1 X7.284 Y108.633 E2976.20211
G1 X7.284 Y112.464 E2976.32953
G1 X20.435 Y112.464 E2976.76693
G0 F11250 X20.683 Y112.864
G1 F2250 X21.904 Y110.404 E2976.85828
G1 X18.685 Y109.548 E2976.96906
G1 X18.512 Y109.471 E2976.97536
G1 X18.382 Y109.356 E2976.98114
G1 X18.255 Y109.103 E2976.99055
G1 X18.244 Y108.895 E2976.99748
G1 X19.137 Y105.553 E2977.11253
G1 X19.266 Y105.36 E2977.12025
G1 X19.502 Y105.214 E2977.12948
G1 X19.762 Y105.18 E2977.13821
G1 X23.937 Y106.308 E2977.28205
G1 X35.681 Y82.654 E2978.16041
G1 X35.964 Y82.034 E2978.18308
G1 X35.976 Y82.026 E2978.18356
G1 X36.242 Y81.277 E2978.21
G1 X36.437 Y80.551 E2978.235
G1 X48.666 Y27.025 E2980.06115
G1 X48.801 Y26.183 E2980.08952
G1 X48.826 Y25.34 E2980.11757
G1 X48.735 Y24.503 E2980.14557
G1 X48.541 Y23.687 E2980.17347
G1 X48.238 Y22.902 E2980.20145
G1 X47.832 Y22.159 E2980.22961
G1 X47.327 Y21.471 E2980.258
G1 X46.753 Y20.872 E2980.28559
G1 X46.087 Y20.338 E2980.31398
G1 X45.372 Y19.907 E2980.34175
G1 X44.604 Y19.574 E2980.36959
G1 X43.776 Y19.336 E2980.39825
G1 X42.958 Y19.216 E2980.42575
G1 X42.111 Y19.201 E2980.45392
G1 X41.274 Y19.3 E2980.48195
G1 X40.45 Y19.508 E2980.51022
G1 X39.679 Y19.815 E2980.53782
G1 X38.933 Y20.232 E2980.56625
G1 X38.265 Y20.736 E2980.59408
G1 X37.661 Y21.329 E2980.62223
G1 X37.138 Y21.999 E2980.6505
G1 X36.718 Y22.714 E2980.67808
G1 X36.385 Y23.504 E2980.7066
G1 X6.884 Y108.566 E2983.70109
G1 X6.884 Y112.864 E2983.84404
G1 X20.683 Y112.864 E2984.303
G0 F11250 X20.931 Y113.264
;TYPE:WALL-OUTER
G1 F2250 X22.48 Y110.143 E2984.41889
G1 X18.788 Y109.162 E2984.54594
G1 X18.687 Y109.098 E2984.54992
G1 X18.641 Y108.943 E2984.5553
G1 X19.509 Y105.693 E2984.66718
G1 X19.588 Y105.612 E2984.67095
G1 X19.745 Y105.59 E2984.67622
G1 X24.149 Y106.78 E2984.82795
G1 X36.043 Y82.826 E2985.71747
G1 X36.326 Y82.203 E2985.74023
G1 X36.341 Y82.194 E2985.74081
G1 X36.624 Y81.396 E2985.76897
G1 X36.835 Y80.606 E2985.79617
G1 X49.059 Y27.101 E2987.62161
G1 X49.2 Y26.221 E2987.65125
G1 X49.227 Y25.324 E2987.6811
G1 X49.13 Y24.435 E2987.71084
G1 X48.924 Y23.568 E2987.74048
G1 X48.602 Y22.733 E2987.77024
G1 X48.17 Y21.944 E2987.80016
G1 X47.634 Y21.213 E2987.83031
G1 X47.024 Y20.576 E2987.85965
G1 X46.317 Y20.009 E2987.88979
G1 X45.556 Y19.551 E2987.91933
G1 X44.74 Y19.197 E2987.94891
G1 X43.861 Y18.944 E2987.97934
G1 X42.991 Y18.816 E2988.00858
G1 X42.091 Y18.801 E2988.03852
G1 X41.201 Y18.906 E2988.06833
G1 X40.326 Y19.127 E2988.09835
G1 X39.507 Y19.453 E2988.12766
G1 X38.714 Y19.896 E2988.15788
G1 X38.003 Y20.432 E2988.18749
G1 X37.362 Y21.062 E2988.21738
G1 X36.806 Y21.773 E2988.2474
G1 X36.36 Y22.534 E2988.27674
G1 X36.011 Y23.36 E2988.30657
G1 X6.484 Y108.498 E2991.30373
G1 X6.484 Y113.264 E2991.46225
G1 X20.931 Y113.264 E2991.94276
G1 F2700 E2986.94276
G0 F11250 X20.508 Y112.58
G0 X20.774 Y110.35
G0 X17.829 Y109.558
G0 X19.112 Y104.771
G0 X23.154 Y105.851
G0 X33.471 Y84.897
G0 X31.738 Y83.294
G0 X30.48 Y83.411
G0 X30.06 Y82.849
G1 F2700 E2991.94276
G1 F2250 X29.3 Y83.25 E2991.97134
G1 X28.504 Y83.514 E2991.99923
G1 X27.704 Y83.642 E2992.02618
G1 X26.84 Y83.642 E2992.05492
G1 X26.012 Y83.506 E2992.08282
G1 X25.231 Y83.245 E2992.11021
G1 X24.484 Y82.849 E2992.13833
G1 X23.811 Y82.343 E2992.16634
G1 X23.235 Y81.738 E2992.19412
G1 X22.763 Y81.047 E2992.22195
G1 X22.403 Y80.288 E2992.24989
G1 X22.177 Y79.489 E2992.27751
G1 X22.077 Y78.685 E2992.30446
G1 X22.115 Y77.812 E2992.33352
G1 X22.271 Y77.032 E2992.35998
G1 X22.582 Y76.215 E2992.38906
G1 X22.982 Y75.523 E2992.41564
G1 X23.512 Y74.869 E2992.44364
G1 X24.16 Y74.295 E2992.47243
G1 X24.869 Y73.847 E2992.50032
G1 X25.644 Y73.521 E2992.52829
G1 X26.451 Y73.328 E2992.55589
G1 X27.289 Y73.26 E2992.58385
G1 X28.113 Y73.33 E2992.61136
G1 X28.917 Y73.526 E2992.63888
G1 X29.675 Y73.847 E2992.66626
G1 X30.409 Y74.314 E2992.69519
G1 X31.032 Y74.869 E2992.72294
G1 X31.562 Y75.523 E2992.75094
G1 X31.962 Y76.215 E2992.77753
G1 X32.264 Y77.005 E2992.80566
G1 X32.436 Y77.844 E2992.83414
G1 X32.467 Y78.684 E2992.8621
G1 X32.368 Y79.509 E2992.88974
G1 X32.137 Y80.3 E2992.91714
G1 X31.78 Y81.049 E2992.94474
G1 X31.309 Y81.738 E2992.9725
G1 X30.712 Y82.365 E2993.0013
G1 X30.06 Y82.849 E2993.0283
G1 F2700 E2988.0283
G0 F11250 X30.48 Y83.411
G0 X28.976 Y84.815
G0 X23.406 Y105.129
G0 X23.057 Y105.823
G0 X19.112 Y104.771
G0 X17.829 Y109.558
G0 X20.5 Y111.04
G0 X20.126 Y111.811
G0 X19.963 Y111.704
;TYPE:SKIN
G1 F2700 E2993.0283
G1 F2250 X8.044 Y111.704 E2993.42473
G1 X8.044 Y108.758 E2993.52271
G1 X37.471 Y23.908 E2996.50974
G1 X37.756 Y23.23 E2996.5342
G1 X38.094 Y22.653 E2996.55644
G1 X38.522 Y22.106 E2996.57954
G1 X39.023 Y21.612 E2996.60295
G1 X39.57 Y21.201 E2996.6257
G1 X40.178 Y20.862 E2996.64885
G1 X40.802 Y20.615 E2996.67118
G1 X41.485 Y20.442 E2996.69461
G1 X42.171 Y20.361 E2996.71759
G1 X42.867 Y20.372 E2996.74074
G1 X43.521 Y20.472 E2996.76274
G1 X44.216 Y20.669 E2996.78677
G1 X44.84 Y20.939 E2996.80938
G1 X45.417 Y21.289 E2996.83183
G1 X45.968 Y21.728 E2996.85526
G1 X46.43 Y22.213 E2996.87754
G1 X46.85 Y22.78 E2996.90101
G1 X47.182 Y23.393 E2996.92419
G1 X47.428 Y24.024 E2996.94672
G1 X47.59 Y24.706 E2996.97003
G1 X47.663 Y25.384 E2996.99271
G1 X47.64 Y26.069 E2997.01551
G1 X47.527 Y26.794 E2997.03992
G1 X35.313 Y80.242 E2998.86343
G1 X35.132 Y80.928 E2998.88703
G1 X34.914 Y81.54 E2998.90864
G1 X34.643 Y82.128 E2998.93017
G1 X23.317 Y104.94 E2999.77727
G1 X20.033 Y104.054 E2999.8904
G1 X19.646 Y104.024 E2999.90331
G1 X19.21 Y104.075 E2999.91791
G1 X18.679 Y104.32 E2999.93736
G1 X18.233 Y104.775 E2999.95855
G1 X18.04 Y105.159 E2999.97285
G1 X17.098 Y108.656 E3000.0933
G1 X17.081 Y109.052 E3000.10649
G1 X17.121 Y109.34 E3000.11616
G1 X17.242 Y109.705 E3000.12895
G1 X17.492 Y110.106 E3000.14466
G1 X17.877 Y110.441 E3000.16164
G1 X18.353 Y110.659 E3000.17905
G1 X20.232 Y111.159 E3000.24372
G1 X19.963 Y111.704 E3000.26394
G1 F2700 E2995.26394
G0 F11250 X19.963 Y111.964
G0 X20.5 Y111.04
G0 X17.829 Y109.558
G0 X19.112 Y104.771
G0 X23.422 Y105.165
G0 X33.304 Y85.234
G0 X31.534 Y83.474
G0 X30.743 Y83.961
G0 X30.892 Y84.173
G1 F2700 E3000.26394
G1 F2250 X31.64 Y83.617 E3000.29494
G1 X31.874 Y83.41 E3000.30533
G1 X32.506 Y82.742 E3000.33591
G1 X33.136 Y81.829 E3000.37281
G1 X33.593 Y80.872 E3000.40808
G1 X33.892 Y79.857 E3000.44327
G1 X34.017 Y78.859 E3000.47673
G1 X34.025 Y78.584 E3000.48588
G1 X33.995 Y77.765 E3000.51313
G1 X33.959 Y77.497 E3000.52213
G1 X33.801 Y76.716 E3000.54863
G1 X33.724 Y76.458 E3000.55759
G1 X33.44 Y75.701 E3000.58448
G1 X33.316 Y75.447 E3000.59388
G1 X32.91 Y74.74 E3000.62099
G1 X32.757 Y74.518 E3000.62996
G1 X32.234 Y73.87 E3000.65766
G1 X32.046 Y73.682 E3000.6665
G1 X31.45 Y73.15 E3000.69307
G1 X31.229 Y72.983 E3000.70229
G1 X30.536 Y72.543 E3000.72959
G1 X30.299 Y72.415 E3000.73855
G1 X29.404 Y72.045 E3000.77076
G1 X28.38 Y71.793 E3000.80583
G1 X27.414 Y71.704 E3000.8381
G1 X27.122 Y71.704 E3000.84781
G1 X26.194 Y71.784 E3000.87879
G1 X25.281 Y72.001 E3000.91
G1 X25.015 Y72.09 E3000.91933
G1 X24.254 Y72.411 E3000.9468
G1 X24.008 Y72.538 E3000.95601
G1 X23.22 Y73.039 E3000.98707
G1 X22.499 Y73.674 E3001.01902
G1 X22.296 Y73.889 E3001.02886
G1 X21.792 Y74.509 E3001.05543
G1 X21.64 Y74.724 E3001.06419
G1 X21.234 Y75.428 E3001.09122
G1 X21.112 Y75.675 E3001.10038
G1 X20.772 Y76.569 E3001.1322
G1 X20.559 Y77.629 E3001.16816
G1 X20.516 Y78.579 E3001.19979
G1 X20.528 Y78.869 E3001.20944
G1 X20.641 Y79.801 E3001.24067
G1 X20.931 Y80.831 E3001.27626
G1 X21.407 Y81.827 E3001.31297
G1 X21.951 Y82.622 E3001.34501
G1 X22.127 Y82.843 E3001.35441
G1 X22.679 Y83.419 E3001.38094
G1 X22.888 Y83.603 E3001.3902
G1 X23.656 Y84.177 E3001.42209
G1 X24.627 Y84.681 E3001.45848
G1 X25.515 Y84.986 E3001.48971
G1 X25.815 Y85.055 E3001.49995
G1 X26.552 Y85.174 E3001.52478
G1 X26.856 Y85.204 E3001.53494
G1 X27.683 Y85.204 E3001.56244
G1 X27.979 Y85.176 E3001.57233
G1 X28.748 Y85.054 E3001.59823
G1 X29.015 Y84.991 E3001.60735
G1 X29.912 Y84.69 E3001.63882
G1 X30.892 Y84.173 E3001.67568
G1 F2700 E2996.67568
G0 F11250 X30.743 Y83.961
G0 X28.722 Y84.877
G0 X7.884 Y108.734
G0 X7.784 Y111.199
G0 X8.244 Y111.199
G1 F2700 E3001.67568
G1 F2250 X8.549 Y111.504 E3001.69002
G0 F11250 X9.115 Y111.504
G1 F2250 X8.244 Y110.633 E3001.73099
G0 F11250 X8.244 Y110.068
G1 F2250 X9.68 Y111.504 E3001.79854
G0 F11250 X10.246 Y111.504
G1 F2250 X8.244 Y109.502 E3001.8927
G0 F11250 X8.244 Y108.936
G1 F2250 X10.812 Y111.504 E3002.0135
G0 F11250 X11.377 Y111.504
G1 F2250 X8.353 Y108.479 E3002.15576
G0 F11250 X8.499 Y108.059
G1 F2250 X11.943 Y111.504 E3002.31778
G0 F11250 X12.509 Y111.504
G1 F2250 X8.644 Y107.639 E3002.49958
G0 F11250 X8.79 Y107.219
G1 F2250 X13.074 Y111.504 E3002.7011
G0 F11250 X13.64 Y111.504
G1 F2250 X8.936 Y106.799 E3002.92239
G0 F11250 X9.081 Y106.379
G1 F2250 X14.206 Y111.504 E3003.16345
G0 F11250 X14.771 Y111.504
G1 F2250 X9.227 Y105.959 E3003.42425
G0 F11250 X9.373 Y105.539
G1 F2250 X15.337 Y111.504 E3003.7048
G0 F11250 X15.903 Y111.504
G1 F2250 X9.518 Y105.119 E3004.00513
G0 F11250 X9.664 Y104.699
G1 F2250 X16.469 Y111.504 E3004.32522
G0 F11250 X17.034 Y111.504
G1 F2250 X9.81 Y104.279 E3004.66504
G0 F11250 X9.955 Y103.859
G1 F2250 X17.6 Y111.504 E3005.02464
G0 F11250 X18.166 Y111.504
G1 F2250 X10.101 Y103.439 E3005.40399
G0 F11250 X10.247 Y103.019
G1 F2250 X17.116 Y109.888 E3005.72708
G0 F11250 X16.886 Y109.092
G1 F2250 X10.392 Y102.599 E3006.03252
G0 F11250 X10.538 Y102.179
G1 F2250 X16.918 Y108.559 E3006.33261
G0 F11250 X17.038 Y108.113
G1 F2250 X10.684 Y101.759 E3006.63149
G0 F11250 X10.829 Y101.339
G1 F2250 X17.157 Y107.667 E3006.92914
G0 F11250 X17.277 Y107.221
G1 F2250 X10.975 Y100.919 E3007.22556
G0 F11250 X11.121 Y100.499
G1 F2250 X17.397 Y106.775 E3007.52077
G0 F11250 X17.516 Y106.329
G1 F2250 X11.266 Y100.079 E3007.81475
G0 F11250 X11.412 Y99.659
G1 F2250 X17.637 Y105.884 E3008.10755
G0 F11250 X17.756 Y105.437
G1 F2250 X11.558 Y99.239 E3008.39909
G0 F11250 X11.703 Y98.819
G1 F2250 X17.893 Y105.009 E3008.69025
G0 F11250 X18.085 Y104.635
G1 F2250 X11.849 Y98.399 E3008.98357
G0 F11250 X11.995 Y97.979
G1 F2250 X18.369 Y104.353 E3009.28338
G0 F11250 X18.68 Y104.099
G1 F2250 X12.14 Y97.559 E3009.591
G0 F11250 X12.286 Y97.139
G1 F2250 X19.069 Y103.921 E3009.91003
G0 F11250 X19.547 Y103.834
G1 F2250 X12.432 Y96.719 E3010.2447
G0 F11250 X12.577 Y96.299
G1 F2250 X20.157 Y103.879 E3010.60124
G0 F11250 X20.932 Y104.088
G1 F2250 X12.723 Y95.879 E3010.98737
G0 F11250 X12.869 Y95.459
G1 F2250 X21.707 Y104.298 E3011.4031
G0 F11250 X22.482 Y104.507
G1 F2250 X13.014 Y95.039 E3011.84845
G0 F11250 X13.16 Y94.619
G1 F2250 X23.223 Y104.682 E3012.32178
G0 F11250 X23.411 Y104.304
G1 F2250 X13.306 Y94.199 E3012.79709
G0 F11250 X13.451 Y93.779
G1 F2250 X23.598 Y103.926 E3013.27437
G0 F11250 X23.786 Y103.548
G1 F2250 X13.597 Y93.359 E3013.75363
G0 F11250 X13.743 Y92.939
G1 F2250 X23.974 Y103.17 E3014.23487
G0 F11250 X24.161 Y102.791
G1 F2250 X13.888 Y92.519 E3014.71805
G0 F11250 X14.034 Y92.099
G1 F2250 X24.349 Y102.414 E3015.20324
G0 F11250 X24.537 Y102.036
G1 F2250 X14.18 Y91.679 E3015.6904
G0 F11250 X14.325 Y91.258
G1 F2250 X24.725 Y101.658 E3016.17959
G0 F11250 X24.912 Y101.28
G1 F2250 X14.471 Y90.838 E3016.67072
G0 F11250 X14.617 Y90.418
G1 F2250 X25.099 Y100.901 E3017.16379
G0 F11250 X25.288 Y100.524
G1 F2250 X14.762 Y89.998 E3017.6589
G0 F11250 X14.908 Y89.578
G1 F2250 X25.475 Y100.145 E3018.15594
G0 F11250 X25.663 Y99.768
G1 F2250 X15.054 Y89.158 E3018.65497
G0 F11250 X15.199 Y88.738
G1 F2250 X25.85 Y99.39 E3019.15599
G0 F11250 X26.038 Y99.011
G1 F2250 X15.345 Y88.318 E3019.65895
G0 F11250 X15.491 Y87.898
G1 F2250 X26.226 Y98.634 E3020.16392
G0 F11250 X26.413 Y98.255
G1 F2250 X15.636 Y87.478 E3020.67084
G0 F11250 X15.782 Y87.058
G1 F2250 X26.601 Y97.878 E3021.17975
G0 F11250 X26.789 Y97.499
G1 F2250 X15.928 Y86.638 E3021.69062
G0 F11250 X16.073 Y86.218
G1 F2250 X26.976 Y97.121 E3022.20346
G0 F11250 X27.164 Y96.744
G1 F2250 X16.219 Y85.798 E3022.71831
G0 F11250 X16.365 Y85.378
G1 F2250 X27.352 Y96.365 E3023.2351
G0 F11250 X27.539 Y95.987
G1 F2250 X16.51 Y84.958 E3023.75387
G0 F11250 X16.656 Y84.538
G1 F2250 X27.727 Y95.609 E3024.27462
G0 F11250 X27.914 Y95.231
G1 F2250 X16.802 Y84.118 E3024.79732
G0 F11250 X16.947 Y83.698
G1 F2250 X28.103 Y94.853 E3025.32204
G0 F11250 X28.29 Y94.475
G1 F2250 X17.093 Y83.278 E3025.84871
G0 F11250 X17.239 Y82.858
G1 F2250 X28.477 Y94.097 E3026.37733
G0 F11250 X28.665 Y93.719
G1 F2250 X17.384 Y82.438 E3026.90796
G0 F11250 X17.53 Y82.018
G1 F2250 X28.853 Y93.341 E3027.44056
G0 F11250 X29.041 Y92.963
G1 F2250 X17.676 Y81.598 E3027.97513
G0 F11250 X17.821 Y81.178
G1 F2250 X29.228 Y92.585 E3028.51168
G0 F11250 X29.416 Y92.207
G1 F2250 X17.967 Y80.758 E3029.05021
G0 F11250 X18.113 Y80.338
G1 F2250 X29.604 Y91.829 E3029.59071
G0 F11250 X29.791 Y91.451
G1 F2250 X18.258 Y79.918 E3030.13319
G0 F11250 X18.404 Y79.498
G1 F2250 X29.979 Y91.073 E3030.67764
G0 F11250 X30.167 Y90.695
G1 F2250 X24.106 Y84.634 E3030.96273
G0 F11250 X24.317 Y84.231
G0 X25.236 Y84.617
G0 X25.089 Y85.052
G1 F2250 X30.354 Y90.317 E3031.21038
G0 F11250 X30.542 Y89.939
G1 F2250 X25.87 Y85.266 E3031.43016
G0 F11250 X26.544 Y85.375
G1 F2250 X30.729 Y89.561 E3031.62703
G0 F11250 X30.918 Y89.183
G1 F2250 X27.137 Y85.403 E3031.80486
G0 F11250 X27.703 Y85.403
G1 F2250 X31.105 Y88.805 E3031.96487
G0 F11250 X31.292 Y88.427
G1 F2250 X28.208 Y85.342 E3032.10996
G0 F11250 X28.696 Y85.264
G1 F2250 X31.48 Y88.049 E3032.24093
G0 F11250 X31.668 Y87.671
G1 F2250 X29.153 Y85.155 E3032.35926
G0 F11250 X29.577 Y85.014
G1 F2250 X31.856 Y87.293 E3032.46645
G0 F11250 X32.043 Y86.915
G1 F2250 X29.998 Y84.869 E3032.56267
G0 F11250 X30.369 Y84.675
G1 F2250 X32.231 Y86.536 E3032.65023
G0 F11250 X32.419 Y86.159
G1 F2250 X30.741 Y84.481 E3032.72915
G0 F11250 X31.093 Y84.267
G1 F2250 X32.606 Y85.781 E3032.80034
G0 F11250 X32.793 Y85.402
G1 F2250 X31.419 Y84.028 E3032.86497
G0 F11250 X31.745 Y83.788
G1 F2250 X32.982 Y85.025 E3032.92316
G0 F11250 X33.169 Y84.646
G1 F2250 X32.043 Y83.52 E3032.97612
G0 F11250 X32.317 Y83.229
G1 F2250 X33.357 Y84.269 E3033.02504
G0 F11250 X33.544 Y83.89
G1 F2250 X32.591 Y82.937 E3033.06987
G0 F11250 X32.838 Y82.618
G1 F2250 X33.732 Y83.512 E3033.11192
G0 F11250 X33.92 Y83.135
G1 F2250 X33.069 Y82.284 E3033.15195
G0 F11250 X33.298 Y81.947
G1 F2250 X34.107 Y82.756 E3033.19
G0 F11250 X34.295 Y82.379
G1 F2250 X33.482 Y81.565 E3033.22826
G0 F11250 X33.667 Y81.184
G1 F2250 X34.482 Y82 E3033.26662
G0 F11250 X34.66 Y81.612
G1 F2250 X33.826 Y80.778 E3033.30585
G0 F11250 X33.957 Y80.343
G1 F2250 X34.819 Y81.206 E3033.34642
G0 F11250 X34.962 Y80.783
G1 F2250 X34.087 Y79.908 E3033.38758
G0 F11250 X34.151 Y79.406
G1 F2250 X35.08 Y80.335 E3033.43127
G0 F11250 X35.19 Y79.879
G1 F2250 X34.214 Y78.903 E3033.47718
G0 F11250 X34.216 Y78.34
G1 F2250 X35.295 Y79.419 E3033.52794
G0 F11250 X35.401 Y78.958
G1 F2250 X34.193 Y77.751 E3033.58473
G0 F11250 X34.078 Y77.07
G1 F2250 X35.506 Y78.498 E3033.6519
G0 F11250 X35.611 Y78.038
G1 F2250 X33.883 Y76.31 E3033.73318
G0 F11250 X33.453 Y76.473
G0 X33.086 Y75.561
G0 X33.491 Y75.352
G1 F2250 X35.716 Y77.577 E3033.83784
G0 F11250 X35.821 Y77.116
G1 F2250 X23.502 Y64.797 E3034.41729
G0 F11250 X23.356 Y65.217
G1 F2250 X30.364 Y72.225 E3034.74692
G0 F11250 X30.18 Y72.649
G0 X29.313 Y72.289
G0 X29.421 Y71.847
G1 F2250 X23.211 Y65.637 E3035.03902
G0 F11250 X23.065 Y66.057
G1 F2250 X28.667 Y71.659 E3035.30252
G0 F11250 X28.001 Y71.558
G1 F2250 X22.919 Y66.477 E3035.54154
G0 F11250 X22.774 Y66.897
G1 F2250 X27.381 Y71.505 E3035.75826
G0 F11250 X26.839 Y71.528
G1 F2250 X22.628 Y67.317 E3035.95633
G0 F11250 X22.482 Y67.737
G1 F2250 X26.319 Y71.573 E3036.13679
G0 F11250 X25.842 Y71.662
G1 F2250 X22.337 Y68.157 E3036.30166
G0 F11250 X22.191 Y68.577
G1 F2250 X25.384 Y71.77 E3036.45185
G0 F11250 X24.95 Y71.902
G1 F2250 X22.045 Y68.997 E3036.58849
G0 F11250 X21.9 Y69.417
G1 F2250 X24.551 Y72.068 E3036.71318
G0 F11250 X24.154 Y72.237
G1 F2250 X21.754 Y69.837 E3036.82607
G0 F11250 X21.608 Y70.257
G1 F2250 X23.791 Y72.44 E3036.92875
G0 F11250 X23.446 Y72.661
G1 F2250 X21.463 Y70.677 E3037.02205
G0 F11250 X21.317 Y71.097
G1 F2250 X23.102 Y72.882 E3037.10601
G0 F11250 X22.796 Y73.142
G1 F2250 X21.171 Y71.517 E3037.18245
G0 F11250 X21.026 Y71.938
G1 F2250 X22.496 Y73.408 E3037.25159
G0 F11250 X22.21 Y73.688
G1 F2250 X20.88 Y72.358 E3037.31415
G0 F11250 X20.734 Y72.778
G1 F2250 X21.951 Y73.994 E3037.37137
G0 F11250 X21.698 Y74.307
G1 F2250 X20.589 Y73.198 E3037.42353
G0 F11250 X20.443 Y73.618
G1 F2250 X21.461 Y74.636 E3037.47142
G0 F11250 X21.254 Y74.994
G1 F2250 X20.298 Y74.038 E3037.51639
G0 F11250 X20.152 Y74.458
G1 F2250 X21.048 Y75.354 E3037.55853
G0 F11250 X20.873 Y75.745
G1 F2250 X20.006 Y74.878 E3037.59931
G0 F11250 X19.861 Y75.298
G1 F2250 X20.717 Y76.154 E3037.63958
G0 F11250 X20.57 Y76.573
G1 F2250 X19.715 Y75.718 E3037.67979
G0 F11250 X19.569 Y76.138
G1 F2250 X20.474 Y77.043 E3037.72236
G0 F11250 X20.379 Y77.513
G1 F2250 X19.424 Y76.558 E3037.76728
G0 F11250 X19.278 Y76.978
G1 F2250 X20.341 Y78.041 E3037.81728
G0 F11250 X20.317 Y78.582
G1 F2250 X19.132 Y77.398 E3037.873
G0 F11250 X18.987 Y77.818
G1 F2250 X20.367 Y79.198 E3037.93791
G0 F11250 X20.447 Y79.844
G1 F2250 X18.841 Y78.238 E3038.01345
G0 F11250 X18.695 Y78.658
G1 F2250 X20.668 Y80.631 E3038.10625
G0 F11250 X21.113 Y80.505
G0 X21.498 Y81.413
G0 X21.083 Y81.611
G1 F2250 X18.55 Y79.078 E3038.2254
G0 F11250 X18.117 Y78.928
G0 X23.215 Y64.227
G0 X23.648 Y64.377
G1 F2250 X35.927 Y76.656 E3038.80296
G0 F11250 X36.032 Y76.196
G1 F2250 X23.793 Y63.957 E3039.37865
G0 F11250 X23.94 Y63.538
G1 F2250 X36.137 Y75.735 E3039.95236
G0 F11250 X36.243 Y75.275
G1 F2250 X24.085 Y63.118 E3040.52421
G0 F11250 X24.231 Y62.698
G1 F2250 X36.347 Y74.814 E3041.09411
G0 F11250 X36.453 Y74.354
G1 F2250 X24.377 Y62.278 E3041.66213
G0 F11250 X24.522 Y61.858
G1 F2250 X36.558 Y73.893 E3042.22824
G0 F11250 X36.663 Y73.433
G1 F2250 X24.668 Y61.438 E3042.79245
G0 F11250 X24.814 Y61.018
G1 F2250 X36.769 Y72.973 E3043.35477
G0 F11250 X36.873 Y72.512
G1 F2250 X24.959 Y60.598 E3043.91517
G0 F11250 X25.105 Y60.178
G1 F2250 X36.979 Y72.051 E3044.47367
G0 F11250 X37.084 Y71.591
G1 F2250 X25.251 Y59.758 E3045.03025
G0 F11250 X25.396 Y59.338
G1 F2250 X37.19 Y71.131 E3045.58498
G0 F11250 X37.295 Y70.67
G1 F2250 X25.542 Y58.918 E3046.13779
G0 F11250 X25.688 Y58.498
G1 F2250 X37.4 Y70.21 E3046.68868
G0 F11250 X37.505 Y69.749
G1 F2250 X25.833 Y58.078 E3047.23767
G0 F11250 X25.979 Y57.657
G1 F2250 X37.61 Y69.289 E3047.78478
G0 F11250 X37.716 Y68.828
G1 F2250 X26.125 Y57.237 E3048.32999
G0 F11250 X26.27 Y56.817
G1 F2250 X37.821 Y68.368 E3048.87331
G0 F11250 X37.926 Y67.908
G1 F2250 X26.416 Y56.397 E3049.41473
G0 F11250 X26.562 Y55.977
G1 F2250 X38.031 Y67.447 E3049.95422
G0 F11250 X38.136 Y66.986
G1 F2250 X26.707 Y55.557 E3050.49181
G0 F11250 X26.853 Y55.137
G1 F2250 X38.242 Y66.526 E3051.02751
G0 F11250 X38.347 Y66.066
G1 F2250 X26.999 Y54.717 E3051.56131
G0 F11250 X27.144 Y54.297
G1 F2250 X38.452 Y65.605 E3052.0932
G0 F11250 X38.558 Y65.145
G1 F2250 X27.29 Y53.877 E3052.62321
G0 F11250 X27.436 Y53.457
G1 F2250 X38.662 Y64.684 E3053.15127
G0 F11250 X38.768 Y64.224
G1 F2250 X27.581 Y53.037 E3053.67748
G0 F11250 X27.727 Y52.617
G1 F2250 X38.873 Y63.763 E3054.20175
G0 F11250 X38.979 Y63.303
G1 F2250 X27.873 Y52.197 E3054.72414
G0 F11250 X28.018 Y51.777
G1 F2250 X39.084 Y62.843 E3055.24465
G0 F11250 X39.189 Y62.382
G1 F2250 X28.164 Y51.357 E3055.76324
G0 F11250 X28.31 Y50.937
G1 F2250 X39.294 Y61.921 E3056.27989
G0 F11250 X39.399 Y61.461
G1 F2250 X28.455 Y50.517 E3056.79466
G0 F11250 X28.601 Y50.097
G1 F2250 X39.505 Y61.001 E3057.30755
G0 F11250 X39.61 Y60.54
G1 F2250 X28.747 Y49.677 E3057.81851
G0 F11250 X28.892 Y49.257
G1 F2250 X39.715 Y60.08 E3058.32759
G0 F11250 X39.82 Y59.619
G1 F2250 X29.038 Y48.837 E3058.83475
G0 F11250 X29.184 Y48.417
G1 F2250 X39.925 Y59.159 E3059.33999
G0 F11250 X40.031 Y58.698
G1 F2250 X29.329 Y47.997 E3059.84336
G0 F11250 X29.475 Y47.577
G1 F2250 X40.136 Y58.238 E3060.34482
G0 F11250 X40.241 Y57.778
G1 F2250 X29.621 Y47.157 E3060.84438
G0 F11250 X29.766 Y46.737
G1 F2250 X40.346 Y57.317 E3061.34203
G0 F11250 X40.451 Y56.856
G1 F2250 X29.912 Y46.317 E3061.83775
G0 F11250 X30.058 Y45.897
G1 F2250 X40.557 Y56.396 E3062.33159
G0 F11250 X40.662 Y55.936
G1 F2250 X30.203 Y45.477 E3062.82355
G0 F11250 X30.349 Y45.057
G1 F2250 X40.768 Y55.475 E3063.3136
G0 F11250 X40.873 Y55.015
G1 F2250 X30.495 Y44.637 E3063.80175
G0 F11250 X30.64 Y44.217
G1 F2250 X40.978 Y54.554 E3064.288
G0 F11250 X41.083 Y54.094
G1 F2250 X30.786 Y43.797 E3064.77234
G0 F11250 X30.932 Y43.377
G1 F2250 X41.188 Y53.633 E3065.25475
G0 F11250 X41.294 Y53.173
G1 F2250 X31.077 Y42.957 E3065.7353
G0 F11250 X31.223 Y42.537
G1 F2250 X41.399 Y52.713 E3066.21395
G0 F11250 X41.504 Y52.252
G1 F2250 X31.369 Y42.117 E3066.69067
G0 F11250 X31.514 Y41.697
G1 F2250 X41.609 Y51.791 E3067.16548
G0 F11250 X41.714 Y51.331
G1 F2250 X31.66 Y41.277 E3067.63839
G0 F11250 X31.806 Y40.857
G1 F2250 X41.82 Y50.871 E3068.10942
G0 F11250 X41.925 Y50.41
G1 F2250 X31.951 Y40.437 E3068.57854
G0 F11250 X32.097 Y40.017
G1 F2250 X42.03 Y49.95 E3069.04576
G0 F11250 X42.135 Y49.489
G1 F2250 X32.243 Y39.597 E3069.51105
G0 F11250 X32.388 Y39.177
G1 F2250 X42.24 Y49.029 E3069.97446
G0 F11250 X42.346 Y48.568
G1 F2250 X32.534 Y38.757 E3070.43596
G0 F11250 X32.68 Y38.337
G1 F2250 X42.451 Y48.108 E3070.89556
G0 F11250 X42.557 Y47.648
G1 F2250 X32.825 Y37.916 E3071.35332
G0 F11250 X32.971 Y37.496
G1 F2250 X42.661 Y47.187 E3071.80913
G0 F11250 X42.767 Y46.726
G1 F2250 X33.117 Y37.076 E3072.26304
G0 F11250 X33.262 Y36.656
G1 F2250 X42.872 Y46.266 E3072.71506
G0 F11250 X42.977 Y45.806
G1 F2250 X33.408 Y36.236 E3073.16518
G0 F11250 X33.554 Y35.816
G1 F2250 X43.083 Y45.345 E3073.6134
G0 F11250 X43.188 Y44.885
G1 F2250 X33.699 Y35.396 E3074.05973
G0 F11250 X33.845 Y34.976
G1 F2250 X43.293 Y44.424 E3074.50414
G0 F11250 X43.398 Y43.964
G1 F2250 X33.991 Y34.556 E3074.94664
G0 F11250 X34.136 Y34.136
G1 F2250 X43.503 Y43.503 E3075.38723
G0 F11250 X43.609 Y43.043
G1 F2250 X34.282 Y33.716 E3075.82595
G0 F11250 X34.428 Y33.296
G1 F2250 X43.714 Y42.583 E3076.26275
G0 F11250 X43.819 Y42.122
G1 F2250 X34.573 Y32.876 E3076.69766
G0 F11250 X34.719 Y32.456
G1 F2250 X43.924 Y41.661 E3077.13063
G0 F11250 X44.029 Y41.201
G1 F2250 X34.865 Y32.036 E3077.5617
G0 F11250 X35.01 Y31.616
G1 F2250 X44.135 Y40.741 E3077.99091
G0 F11250 X44.24 Y40.28
G1 F2250 X35.156 Y31.196 E3078.4182
G0 F11250 X35.302 Y30.776
G1 F2250 X44.345 Y39.82 E3078.84358
G0 F11250 X44.45 Y39.359
G1 F2250 X35.447 Y30.356 E3079.26705
G0 F11250 X35.593 Y29.936
G1 F2250 X44.556 Y38.899 E3079.68864
G0 F11250 X44.661 Y38.438
G1 F2250 X35.739 Y29.516 E3080.10831
G0 F11250 X35.884 Y29.096
G1 F2250 X44.766 Y37.978 E3080.52609
G0 F11250 X44.872 Y37.518
G1 F2250 X36.03 Y28.676 E3080.94199
G0 F11250 X36.176 Y28.256
G1 F2250 X44.976 Y37.057 E3081.35594
G0 F11250 X45.082 Y36.596
G1 F2250 X36.321 Y27.836 E3081.768
G0 F11250 X36.467 Y27.416
G1 F2250 X45.187 Y36.136 E3082.17817
G0 F11250 X45.292 Y35.676
G1 F2250 X36.613 Y26.996 E3082.58642
G0 F11250 X36.758 Y26.576
G1 F2250 X45.398 Y35.215 E3082.9928
G0 F11250 X45.503 Y34.755
G1 F2250 X36.904 Y26.156 E3083.39727
G0 F11250 X37.05 Y25.736
G1 F2250 X45.608 Y34.294 E3083.79981
G0 F11250 X45.713 Y33.834
G1 F2250 X37.195 Y25.316 E3084.20047
G0 F11250 X37.341 Y24.896
G1 F2250 X45.818 Y33.373 E3084.5992
G0 F11250 X45.924 Y32.913
G1 F2250 X37.487 Y24.476 E3084.99605
G0 F11250 X37.632 Y24.056
G1 F2250 X46.029 Y32.453 E3085.39102
G0 F11250 X46.134 Y31.992
G1 F2250 X37.796 Y23.653 E3085.78324
G0 F11250 X37.969 Y23.261
G1 F2250 X46.239 Y31.531 E3086.17224
G0 F11250 X46.344 Y31.071
G1 F2250 X38.178 Y22.905 E3086.55634
G0 F11250 X38.411 Y22.572
G1 F2250 X46.45 Y30.611 E3086.93447
G0 F11250 X46.555 Y30.15
G1 F2250 X38.66 Y22.255 E3087.30583
G0 F11250 X38.943 Y21.973
G1 F2250 X46.661 Y29.69 E3087.66883
G0 F11250 X46.765 Y29.229
G1 F2250 X39.238 Y21.702 E3088.02288
G0 F11250 X39.561 Y21.459
G1 F2250 X46.871 Y28.769 E3088.36672
G0 F11250 X46.976 Y28.308
G1 F2250 X39.909 Y21.241 E3088.69913
G0 F11250 X40.274 Y21.041
G1 F2250 X47.081 Y27.848 E3089.01931
G0 F11250 X47.187 Y27.388
G1 F2250 X40.679 Y20.88 E3089.32543
G0 F11250 X41.11 Y20.745
G1 F2250 X47.291 Y26.927 E3089.61619
G0 F11250 X47.378 Y26.448
G1 F2250 X41.564 Y20.634 E3089.88966
G0 F11250 X42.07 Y20.574
G1 F2250 X47.444 Y25.948 E3090.14244
G0 F11250 X47.463 Y25.401
G1 F2250 X42.631 Y20.57 E3090.3697
G0 F11250 X43.263 Y20.635
G1 F2250 X47.395 Y24.768 E3090.56408
G0 F11250 X47.212 Y24.019
G1 F2250 X44.013 Y20.82 E3090.71455
G0 F11250 X44.14 Y20.378
G0 X45.31 Y20.922
G0 X45.073 Y21.314
G1 F2250 X46.721 Y22.962 E3090.79206
G1 F2700 E3085.79206
G0 F11250 X47.125 Y22.743
G0 X47.622 Y23.973
G0 X47.787 Y24.667
G0 X47.864 Y25.378
G0 X47.842 Y26.091
G0 X47.723 Y26.842
G0 X35.324 Y80.99
G0 X34.82 Y82.227
G0 X23.422 Y105.165
G0 X19.112 Y104.771
G0 X17.829 Y109.558
G0 X19.659 Y110.74
G0 X19.541 Y111.182
G1 F2700 E3090.79206
G1 F2250 X19.848 Y111.489 E3090.8065
G0 F11250 X19.297 Y111.504
G1 F2250 X18.768 Y110.975 E3090.83139
G0 F11250 X18.299 Y111.071
G1 F2250 X17.9 Y110.672 E3090.85015
G0 F11250 X18.299 Y111.072
G1 F2250 X18.731 Y111.504 E3090.87047
G0 F11250 X18.731 Y112.264
G1 F2700 E3085.87047
;MESH:NONMESH
G0 F300 X18.731 Y112.264 Z9.6
G0 F11250 X20.084 Y111.897
G0 X20.5 Y111.04
G0 X17.829 Y109.558
G0 X19.112 Y104.771
G0 X23.422 Y105.165
G0 X28.976 Y84.815
G0 X30.694 Y83.873
;TIME_ELAPSED:3054.911545
;LAYER:47
;TYPE:WALL-INNER
;MESH:Sperrklinke
G1 F2700 E3090.87047
G1 F2250 X29.787 Y84.353 E3090.9046
G1 X28.806 Y84.681 E3090.93901
G1 X27.788 Y84.844 E3090.9733
G1 X26.755 Y84.844 E3091.00766
G1 X25.738 Y84.681 E3091.04191
G1 X24.77 Y84.353 E3091.07591
G1 X23.858 Y83.879 E3091.11009
G1 X23.025 Y83.256 E3091.14469
G1 X22.307 Y82.507 E3091.1792
G1 X21.728 Y81.663 E3091.21324
G1 X21.282 Y80.729 E3091.24767
G1 X20.999 Y79.742 E3091.28182
G1 X20.872 Y78.717 E3091.31617
G1 X20.918 Y77.686 E3091.35049
G1 X21.117 Y76.687 E3091.38437
G1 X21.484 Y75.718 E3091.41884
G1 X21.996 Y74.831 E3091.4529
G1 X22.652 Y74.026 E3091.48744
G1 X23.422 Y73.342 E3091.5217
G1 X24.296 Y72.787 E3091.55613
G1 X25.25 Y72.382 E3091.5906
G1 X26.247 Y72.141 E3091.62472
G1 X27.268 Y72.054 E3091.6588
G1 X28.309 Y72.146 E3091.69356
G1 X29.302 Y72.389 E3091.72756
G1 X30.246 Y72.786 E3091.76162
G1 X31.122 Y73.342 E3091.79613
G1 X31.892 Y74.025 E3091.83036
G1 X32.545 Y74.827 E3091.86476
G1 X33.057 Y75.714 E3091.89883
G1 X33.425 Y76.682 E3091.93327
G1 X33.63 Y77.676 E3091.96703
G1 X33.672 Y78.705 E3092.00128
G1 X33.552 Y79.733 E3092.0357
G1 X33.254 Y80.749 E3092.07092
G1 X32.817 Y81.663 E3092.10461
G1 X32.235 Y82.511 E3092.13882
G1 X31.52 Y83.26 E3092.17326
G1 X30.694 Y83.873 E3092.20747
G0 F11250 X30.472 Y83.539
G1 F2250 X29.633 Y83.983 E3092.23905
G1 X28.713 Y84.291 E3092.27131
G1 X27.755 Y84.444 E3092.30358
G1 X26.788 Y84.444 E3092.33574
G1 X25.836 Y84.291 E3092.36781
G1 X24.924 Y83.984 E3092.39982
G1 X24.07 Y83.539 E3092.43185
G1 X23.295 Y82.96 E3092.46403
G1 X22.62 Y82.257 E3092.49644
G1 X22.074 Y81.462 E3092.52852
G1 X21.656 Y80.583 E3092.56089
G1 X21.393 Y79.666 E3092.59262
G1 X21.273 Y78.701 E3092.62496
G1 X21.324 Y77.692 E3092.65857
G1 X21.502 Y76.799 E3092.68885
G1 X21.849 Y75.885 E3092.72137
G1 X22.328 Y75.057 E3092.75318
G1 X22.944 Y74.3 E3092.78564
G1 X23.665 Y73.661 E3092.81769
G1 X24.477 Y73.145 E3092.84969
G1 X25.375 Y72.764 E3092.88213
G1 X26.31 Y72.537 E3092.91413
G1 X27.271 Y72.456 E3092.94621
G1 X28.241 Y72.537 E3092.97858
G1 X29.17 Y72.764 E3093.01039
G1 X30.067 Y73.145 E3093.04281
G1 X30.879 Y73.661 E3093.0748
G1 X31.603 Y74.303 E3093.10699
G1 X32.211 Y75.049 E3093.139
G1 X32.693 Y75.883 E3093.17104
G1 X33.04 Y76.794 E3093.20346
G1 X33.231 Y77.725 E3093.23507
G1 X33.271 Y78.697 E3093.26743
G1 X33.149 Y79.687 E3093.3006
G1 X32.891 Y80.566 E3093.33107
G1 X32.468 Y81.464 E3093.36409
G1 X31.925 Y82.255 E3093.396
G1 X31.258 Y82.956 E3093.42818
G1 X30.472 Y83.539 E3093.46073
G0 F11250 X30.221 Y83.219
G1 F2250 X29.476 Y83.612 E3093.48874
G1 X28.614 Y83.902 E3093.51899
G1 X27.723 Y84.044 E3093.549
G1 X26.82 Y84.044 E3093.57904
G1 X25.931 Y83.901 E3093.60899
G1 X25.077 Y83.615 E3093.63894
G1 X24.282 Y83.198 E3093.6688
G1 X23.555 Y82.654 E3093.699
G1 X22.935 Y82.008 E3093.72878
G1 X22.422 Y81.26 E3093.75895
G1 X22.033 Y80.448 E3093.78889
G1 X21.785 Y79.583 E3093.81882
G1 X21.674 Y78.683 E3093.84898
G1 X21.719 Y77.756 E3093.87985
G1 X21.901 Y76.875 E3093.90977
G1 X22.213 Y76.055 E3093.93895
G1 X22.659 Y75.284 E3093.96858
G1 X23.202 Y74.616 E3093.99721
G1 X23.903 Y73.984 E3094.0286
G1 X24.669 Y73.498 E3094.05877
G1 X25.503 Y73.143 E3094.08892
G1 X26.326 Y72.944 E3094.11708
G1 X27.271 Y72.857 E3094.14865
G1 X28.178 Y72.936 E3094.17893
G1 X29.005 Y73.135 E3094.20722
G1 X29.873 Y73.497 E3094.2385
G1 X30.639 Y73.983 E3094.26867
G1 X31.311 Y74.578 E3094.29853
G1 X31.883 Y75.279 E3094.32862
G1 X32.33 Y76.053 E3094.35835
G1 X32.654 Y76.905 E3094.38866
G1 X32.834 Y77.779 E3094.41834
G1 X32.87 Y78.684 E3094.44847
G1 X32.758 Y79.598 E3094.47909
G1 X32.514 Y80.433 E3094.50803
G1 X32.138 Y81.227 E3094.53725
G1 X31.613 Y82.002 E3094.56838
G1 X30.99 Y82.656 E3094.59842
G1 X30.221 Y83.219 E3094.63012
G1 F2700 E3089.63012
G0 F11250 X30.36 Y83.486
G0 X28.976 Y84.814
G0 X32.615 Y86.622
G0 X22.894 Y106.522
G0 X18.922 Y105.474
G0 X18.018 Y108.854
G0 X21.314 Y109.755
G0 X20.187 Y112.064
G1 F2700 E3094.63012
G1 F2250 X21.077 Y110.268 E3094.69679
G1 X18.666 Y109.625 E3094.77978
G1 X18.307 Y109.473 E3094.79275
G1 X18.023 Y109.248 E3094.8048
G1 X17.824 Y108.988 E3094.81569
G1 X17.703 Y108.726 E3094.82529
G1 X17.619 Y108.381 E3094.8371
G1 X17.648 Y108.01 E3094.84948
G1 X18.155 Y106.117 E3094.91466
G1 X18.284 Y105.799 E3094.92607
G1 X18.508 Y105.499 E3094.93852
G1 X18.77 Y105.29 E3094.94967
G1 X19.049 Y105.157 E3094.95995
G1 X19.321 Y105.092 E3094.96925
G1 X19.571 Y105.081 E3094.97758
G1 X19.867 Y105.126 E3094.98753
G1 X23.188 Y106.02 E3095.10192
G1 X34.959 Y82.31 E3095.98236
G1 X35.245 Y81.692 E3096.005
G1 X35.474 Y81.046 E3096.0278
G1 X35.666 Y80.335 E3096.0523
G1 X47.88 Y26.873 E3097.87626
G1 X48.003 Y26.107 E3097.90207
G1 X48.025 Y25.379 E3097.92629
G1 X47.945 Y24.639 E3097.95105
G1 X47.775 Y23.924 E3097.97549
G1 X47.511 Y23.239 E3097.99991
G1 X47.156 Y22.59 E3098.02451
G1 X46.713 Y21.986 E3098.04943
G1 X46.217 Y21.469 E3098.07326
G1 X45.631 Y21.002 E3098.09818
G1 X45.008 Y20.622 E3098.12245
G1 X44.343 Y20.332 E3098.14658
G1 X43.609 Y20.12 E3098.17199
G1 X42.897 Y20.015 E3098.19593
G1 X42.151 Y20.002 E3098.22074
G1 X41.42 Y20.088 E3098.24522
G1 X40.697 Y20.271 E3098.27003
G1 X40.023 Y20.539 E3098.29415
G1 X39.371 Y20.904 E3098.31901
G1 X38.788 Y21.343 E3098.34328
G1 X38.258 Y21.864 E3098.368
G1 X37.807 Y22.44 E3098.39233
G1 X37.434 Y23.07 E3098.41668
G1 X37.133 Y23.789 E3098.44261
G1 X7.684 Y108.7 E3101.43179
G1 X7.684 Y112.064 E3101.54368
G1 X20.187 Y112.064 E3101.95953
G0 F11250 X20.435 Y112.464
G1 F2250 X21.653 Y110.008 E3102.05071
G1 X18.77 Y109.239 E3102.14995
G1 X18.513 Y109.13 E3102.15923
G1 X18.31 Y108.969 E3102.16785
G1 X18.168 Y108.783 E3102.17563
G1 X18.039 Y108.421 E3102.18842
G1 X18.04 Y108.112 E3102.19869
G1 X18.588 Y106.05 E3102.26966
G1 X18.793 Y105.779 E3102.28096
G1 X18.98 Y105.63 E3102.28891
G1 X19.18 Y105.535 E3102.29628
G1 X19.611 Y105.471 E3102.31077
G1 X23.401 Y106.492 E3102.44132
G1 X35.32 Y82.482 E3103.33288
G1 X35.61 Y81.859 E3103.35573
G1 X35.856 Y81.165 E3103.38022
G1 X36.056 Y80.424 E3103.40575
G1 X48.273 Y26.949 E3105.23016
G1 X48.402 Y26.145 E3105.25725
G1 X48.426 Y25.363 E3105.28327
G1 X48.34 Y24.571 E3105.30976
G1 X48.158 Y23.806 E3105.33592
G1 X47.874 Y23.07 E3105.36216
G1 X47.494 Y22.375 E3105.3885
G1 X47.02 Y21.729 E3105.41515
G1 X46.488 Y21.173 E3105.44075
G1 X45.861 Y20.674 E3105.4674
G1 X45.193 Y20.266 E3105.49343
G1 X44.479 Y19.955 E3105.51934
G1 X43.695 Y19.728 E3105.54648
G1 X42.93 Y19.615 E3105.5722
G1 X42.131 Y19.602 E3105.59878
G1 X41.347 Y19.694 E3105.62504
G1 X40.574 Y19.89 E3105.65156
G1 X39.851 Y20.177 E3105.67743
G1 X39.152 Y20.568 E3105.70407
G1 X38.527 Y21.04 E3105.73012
G1 X37.96 Y21.596 E3105.75653
G1 X37.476 Y22.214 E3105.78264
G1 X37.076 Y22.89 E3105.80877
G1 X36.759 Y23.646 E3105.83603
G1 X7.284 Y108.633 E3108.82788
G1 X7.284 Y112.464 E3108.9553
G1 X20.435 Y112.464 E3109.39271
G0 F11250 X20.683 Y112.864
G1 F2250 X22.228 Y109.747 E3109.50842
G1 X18.751 Y108.82 E3109.6281
G1 X18.512 Y108.579 E3109.63939
G1 X18.434 Y108.362 E3109.64706
G1 X18.433 Y108.187 E3109.65288
G1 X18.953 Y106.25 E3109.71959
G1 X19.133 Y106.01 E3109.72957
G1 X19.37 Y105.895 E3109.73833
G1 X19.595 Y105.886 E3109.74582
G1 X20.601 Y106.148 E3109.78039
G1 X23.613 Y106.964 E3109.88418
G1 X35.681 Y82.654 E3110.78688
G1 X35.963 Y82.034 E3110.80954
G1 X35.975 Y82.027 E3110.81
G1 X36.238 Y81.285 E3110.83618
G1 X36.446 Y80.514 E3110.86274
G1 X48.666 Y27.025 E3112.68763
G1 X48.801 Y26.183 E3112.71599
G1 X48.826 Y25.348 E3112.74378
G1 X48.735 Y24.503 E3112.77205
G1 X48.541 Y23.687 E3112.79994
G1 X48.238 Y22.902 E3112.82793
G1 X47.832 Y22.159 E3112.85609
G1 X47.327 Y21.471 E3112.88448
G1 X46.758 Y20.877 E3112.91183
G1 X46.091 Y20.345 E3112.94021
G1 X45.378 Y19.91 E3112.96799
G1 X44.615 Y19.578 E3112.99567
G1 X43.78 Y19.336 E3113.02458
G1 X42.962 Y19.216 E3113.05208
G1 X42.111 Y19.201 E3113.08039
G1 X41.274 Y19.3 E3113.10842
G1 X40.45 Y19.508 E3113.13669
G1 X39.679 Y19.815 E3113.16429
G1 X38.933 Y20.232 E3113.19271
G1 X38.265 Y20.736 E3113.22055
G1 X37.661 Y21.329 E3113.2487
G1 X37.145 Y21.988 E3113.27654
G1 X36.718 Y22.71 E3113.30444
G1 X36.385 Y23.503 E3113.33304
G1 X6.884 Y108.566 E3116.32757
G1 X6.884 Y112.864 E3116.47052
G1 X20.683 Y112.864 E3116.92948
G0 F11250 X20.931 Y113.264
;TYPE:WALL-OUTER
G1 F2250 X22.804 Y109.487 E3117.0697
G1 X18.976 Y108.466 E3117.20147
G1 X18.884 Y108.412 E3117.20502
G1 X18.825 Y108.252 E3117.21069
G1 X19.329 Y106.373 E3117.27539
G1 X19.422 Y106.299 E3117.27935
G1 X19.56 Y106.286 E3117.28396
G1 X23.825 Y107.436 E3117.43088
G1 X36.043 Y82.826 E3118.34473
G1 X36.326 Y82.203 E3118.36749
G1 X36.34 Y82.194 E3118.36805
G1 X36.62 Y81.404 E3118.39592
G1 X36.836 Y80.603 E3118.42352
G1 X49.059 Y27.101 E3120.24885
G1 X49.2 Y26.221 E3120.27849
G1 X49.227 Y25.332 E3120.30807
G1 X49.13 Y24.435 E3120.33808
G1 X48.924 Y23.568 E3120.36772
G1 X48.602 Y22.733 E3120.39749
G1 X48.17 Y21.944 E3120.4274
G1 X47.634 Y21.213 E3120.45755
G1 X47.028 Y20.581 E3120.48667
G1 X46.321 Y20.017 E3120.51675
G1 X45.563 Y19.554 E3120.5463
G1 X44.751 Y19.201 E3120.57575
G1 X43.865 Y18.944 E3120.60643
G1 X42.995 Y18.816 E3120.63568
G1 X42.091 Y18.801 E3120.66575
G1 X41.201 Y18.906 E3120.69556
G1 X40.326 Y19.127 E3120.72557
G1 X39.507 Y19.453 E3120.75489
G1 X38.714 Y19.896 E3120.7851
G1 X38.003 Y20.432 E3120.81472
G1 X37.362 Y21.062 E3120.84461
G1 X36.814 Y21.762 E3120.87418
G1 X36.36 Y22.53 E3120.90385
G1 X36.011 Y23.36 E3120.9338
G1 X6.484 Y108.498 E3123.93096
G1 X6.484 Y113.264 E3124.08948
G1 X20.931 Y113.264 E3124.56999
G1 F2700 E3119.56999
G0 F11250 X20.508 Y112.58
G0 X21.366 Y109.768
G0 X18.018 Y108.854
G0 X18.922 Y105.474
G0 X22.857 Y106.514
G0 X33.471 Y84.897
G0 X31.738 Y83.294
G0 X30.48 Y83.411
G1 F2700 E3124.56999
G0 F11250 X30.06 Y82.849
G1 F2250 X29.3 Y83.25 E3124.59857
G1 X28.504 Y83.514 E3124.62646
G1 X27.704 Y83.642 E3124.65341
G1 X26.84 Y83.642 E3124.68215
G1 X26.012 Y83.506 E3124.71006
G1 X25.231 Y83.245 E3124.73744
G1 X24.484 Y82.849 E3124.76556
G1 X23.811 Y82.343 E3124.79357
G1 X23.235 Y81.738 E3124.82135
G1 X22.763 Y81.047 E3124.84919
G1 X22.403 Y80.288 E3124.87713
G1 X22.177 Y79.489 E3124.90474
G1 X22.077 Y78.685 E3124.93169
G1 X22.115 Y77.812 E3124.96075
G1 X22.271 Y77.032 E3124.98721
G1 X22.582 Y76.215 E3125.01629
G1 X22.982 Y75.523 E3125.04287
G1 X23.512 Y74.869 E3125.07087
G1 X24.16 Y74.295 E3125.09966
G1 X24.869 Y73.847 E3125.12756
G1 X25.644 Y73.521 E3125.15552
G1 X26.451 Y73.328 E3125.18312
G1 X27.289 Y73.26 E3125.21108
G1 X28.113 Y73.33 E3125.23859
G1 X28.917 Y73.526 E3125.26611
G1 X29.675 Y73.847 E3125.29349
G1 X30.409 Y74.314 E3125.32243
G1 X31.032 Y74.869 E3125.35018
G1 X31.562 Y75.523 E3125.37817
G1 X31.962 Y76.215 E3125.40476
G1 X32.264 Y77.005 E3125.43289
G1 X32.436 Y77.844 E3125.46137
G1 X32.467 Y78.684 E3125.48933
G1 X32.368 Y79.509 E3125.51697
G1 X32.137 Y80.299 E3125.54434
G1 X31.78 Y81.049 E3125.57197
G1 X31.309 Y81.738 E3125.59973
G1 X30.712 Y82.365 E3125.62853
G1 X30.06 Y82.849 E3125.65553
G1 F2700 E3120.65553
G0 F11250 X30.48 Y83.411
G0 X28.976 Y84.814
G0 X23.082 Y105.784
G0 X22.732 Y106.478
G0 X18.922 Y105.474
G0 X18.018 Y108.854
G0 X20.825 Y110.382
G0 X20.084 Y111.897
G1 F2700 E3125.65553
G0 F11250 X19.963 Y111.704
;TYPE:SKIN
G1 F2250 X8.044 Y111.704 E3126.05196
G1 X8.044 Y108.758 E3126.14994
G1 X37.471 Y23.908 E3129.13697
G1 X37.756 Y23.231 E3129.1614
G1 X38.106 Y22.642 E3129.18419
G1 X38.522 Y22.11 E3129.20665
G1 X39.032 Y21.608 E3129.23045
G1 X39.57 Y21.2 E3129.25291
G1 X40.178 Y20.862 E3129.27605
G1 X40.802 Y20.615 E3129.29837
G1 X41.485 Y20.442 E3129.3218
G1 X42.171 Y20.361 E3129.34478
G1 X42.871 Y20.372 E3129.36806
G1 X43.52 Y20.468 E3129.38988
G1 X44.227 Y20.677 E3129.4144
G1 X44.836 Y20.939 E3129.43645
G1 X45.425 Y21.297 E3129.45938
G1 X45.976 Y21.736 E3129.48281
G1 X46.43 Y22.213 E3129.50471
G1 X46.85 Y22.78 E3129.52818
G1 X47.182 Y23.393 E3129.55137
G1 X47.428 Y24.024 E3129.57389
G1 X47.59 Y24.706 E3129.59721
G1 X47.663 Y25.388 E3129.62002
G1 X47.64 Y26.069 E3129.64268
G1 X47.527 Y26.794 E3129.66709
G1 X35.313 Y80.255 E3131.49103
G1 X35.128 Y80.924 E3131.51411
G1 X34.91 Y81.552 E3131.53622
G1 X34.643 Y82.128 E3131.55734
G1 X22.993 Y105.596 E3132.42877
G1 X19.961 Y104.778 E3132.53322
G1 X19.607 Y104.722 E3132.54514
G1 X19.179 Y104.739 E3132.55939
G1 X18.749 Y104.887 E3132.57451
G1 X18.313 Y105.163 E3132.59168
G1 X17.992 Y105.578 E3132.60913
G1 X17.849 Y105.881 E3132.62027
G1 X17.29 Y107.96 E3132.69187
G1 X17.253 Y108.42 E3132.70722
G1 X17.358 Y108.83 E3132.7213
G1 X17.502 Y109.152 E3132.73303
G1 X17.75 Y109.479 E3132.74668
G1 X18.116 Y109.782 E3132.76249
G1 X18.576 Y109.974 E3132.77906
G1 X20.56 Y110.499 E3132.84732
G1 X19.963 Y111.704 E3132.89205
G1 F2700 E3127.89205
G0 F11250 X19.963 Y111.964
G0 X20.825 Y110.382
G0 X18.018 Y108.854
G0 X18.922 Y105.474
G0 X23.098 Y105.82
G0 X33.304 Y85.234
G0 X31.534 Y83.474
G0 X30.743 Y83.961
G1 F2700 E3132.89205
G0 F11250 X30.892 Y84.173
G1 F2250 X31.64 Y83.617 E3132.92305
G1 X31.874 Y83.41 E3132.93344
G1 X32.506 Y82.742 E3132.96403
G1 X33.14 Y81.825 E3133.00111
G1 X33.594 Y80.866 E3133.0364
G1 X33.892 Y79.857 E3133.07139
G1 X34.015 Y78.877 E3133.10424
G1 X34.024 Y78.599 E3133.11349
G1 X33.995 Y77.765 E3133.14125
G1 X33.959 Y77.497 E3133.15024
G1 X33.796 Y76.698 E3133.17736
G1 X33.724 Y76.458 E3133.1857
G1 X33.44 Y75.701 E3133.21259
G1 X33.316 Y75.447 E3133.22199
G1 X32.91 Y74.74 E3133.24911
G1 X32.757 Y74.518 E3133.25807
G1 X32.234 Y73.87 E3133.28577
G1 X32.046 Y73.682 E3133.29461
G1 X31.45 Y73.15 E3133.32118
G1 X31.229 Y72.983 E3133.3304
G1 X30.536 Y72.543 E3133.3577
G1 X30.299 Y72.415 E3133.36666
G1 X29.404 Y72.045 E3133.39887
G1 X28.38 Y71.793 E3133.43394
G1 X27.414 Y71.704 E3133.46621
G1 X27.122 Y71.704 E3133.47592
G1 X26.194 Y71.784 E3133.5069
G1 X25.281 Y72.001 E3133.53811
G1 X25.015 Y72.09 E3133.54744
G1 X24.254 Y72.411 E3133.57491
G1 X24.008 Y72.538 E3133.58412
G1 X23.22 Y73.039 E3133.61518
G1 X22.499 Y73.674 E3133.64714
G1 X22.296 Y73.889 E3133.65697
G1 X21.792 Y74.509 E3133.68355
G1 X21.64 Y74.724 E3133.6923
G1 X21.234 Y75.428 E3133.71933
G1 X21.112 Y75.675 E3133.7285
G1 X20.772 Y76.569 E3133.76031
G1 X20.559 Y77.629 E3133.79627
G1 X20.516 Y78.579 E3133.8279
G1 X20.528 Y78.869 E3133.83755
G1 X20.641 Y79.801 E3133.86878
G1 X20.931 Y80.831 E3133.90437
G1 X21.407 Y81.827 E3133.94108
G1 X21.951 Y82.622 E3133.97312
G1 X22.127 Y82.843 E3133.98252
G1 X22.679 Y83.419 E3134.00905
G1 X22.888 Y83.603 E3134.01831
G1 X23.656 Y84.177 E3134.0502
G1 X24.627 Y84.681 E3134.08659
G1 X25.515 Y84.986 E3134.11782
G1 X25.815 Y85.055 E3134.12806
G1 X26.552 Y85.174 E3134.15289
G1 X26.856 Y85.204 E3134.16305
G1 X27.683 Y85.204 E3134.19056
G1 X27.987 Y85.176 E3134.20071
G1 X28.716 Y85.058 E3134.22527
G1 X29.015 Y84.987 E3134.23549
G1 X29.911 Y84.69 E3134.26689
G1 X30.892 Y84.173 E3134.30377
G1 F2700 E3129.30377
G0 F11250 X30.743 Y83.961
G0 X29.976 Y84.457
G0 X32.955 Y85.937
G0 X23.098 Y105.82
G0 X18.922 Y105.474
G0 X18.018 Y108.854
G0 X20.825 Y110.382
G0 X20.084 Y111.897
G0 X19.735 Y111.964
G1 F2700 E3134.30377
G0 F11250 X19.735 Y111.504
G1 F2250 X19.942 Y111.297 E3134.31351
G0 F11250 X20.091 Y110.582
G1 F2250 X19.169 Y111.504 E3134.35688
G0 F11250 X18.603 Y111.504
G1 F2250 X19.644 Y110.464 E3134.40582
G0 F11250 X19.197 Y110.345
G1 F2250 X18.038 Y111.504 E3134.46033
G0 F11250 X17.472 Y111.504
G1 F2250 X18.75 Y110.227 E3134.52042
G0 F11250 X18.326 Y110.085
G1 F2250 X16.906 Y111.504 E3134.58719
G0 F11250 X16.341 Y111.504
G1 F2250 X17.944 Y109.901 E3134.66259
G0 F11250 X17.632 Y109.648
G1 F2250 X15.775 Y111.504 E3134.74992
G0 F11250 X15.209 Y111.504
G1 F2250 X17.382 Y109.331 E3134.85213
G0 F11250 X17.195 Y108.952
G1 F2250 X14.643 Y111.504 E3134.97217
G0 F11250 X14.078 Y111.504
G1 F2250 X17.07 Y108.512 E3135.1129
G0 F11250 X17.094 Y107.922
G1 F2250 X13.512 Y111.504 E3135.28139
G0 F11250 X12.946 Y111.504
G1 F2250 X17.3 Y107.151 E3135.48616
G0 F11250 X17.507 Y106.379
G1 F2250 X12.381 Y111.504 E3135.72725
G0 F11250 X11.815 Y111.504
G1 F2250 X17.788 Y105.531 E3136.0082
G0 F11250 X18.205 Y105.733
G0 X18.767 Y105.184
G0 X18.525 Y104.794
G1 F2250 X27.744 Y95.575 E3136.44183
G0 F11250 X28.158 Y95.781
G0 X28.716 Y94.658
G0 X28.302 Y94.452
G1 F2250 X11.249 Y111.504 E3137.24393
G0 F11250 X10.684 Y111.504
G1 F2250 X28.859 Y93.329 E3138.09883
G0 F11250 X29.273 Y93.535
G0 X29.831 Y92.411
G0 X29.417 Y92.205
G1 F2250 X10.118 Y111.504 E3139.00659
G0 F11250 X9.552 Y111.504
G1 F2250 X29.975 Y91.082 E3139.96721
G0 F11250 X30.388 Y91.288
G0 X30.946 Y90.165
G0 X30.532 Y89.959
G1 F2250 X8.987 Y111.504 E3140.98062
G0 F11250 X8.421 Y111.504
G1 F2250 X31.09 Y88.835 E3142.0469
G0 F11250 X31.504 Y89.041
G0 X32.061 Y87.918
G0 X31.648 Y87.712
G1 F2250 X8.244 Y111.115 E3143.14773
G0 F11250 X8.244 Y110.55
G1 F2250 X32.205 Y86.589 E3144.27478
G0 F11250 X32.619 Y86.795
G0 X33.177 Y85.671
G0 X32.763 Y85.465
G1 F2250 X8.244 Y109.984 E3145.42808
G0 F11250 X8.244 Y109.418
G1 F2250 X33.321 Y84.342 E3146.6076
G0 F11250 X33.734 Y84.548
G0 X34.292 Y83.425
G0 X33.878 Y83.219
G1 F2250 X8.244 Y108.853 E3147.81334
G0 F11250 X8.513 Y108.018
G1 F2250 X34.436 Y82.095 E3149.03268
G0 F11250 X34.85 Y82.301
G0 X35.287 Y81.271
G0 X34.85 Y81.116
G1 F2250 X8.813 Y107.153 E3150.25738
G0 F11250 X9.113 Y106.287
G1 F2250 X31.244 Y84.156 E3151.29836
G0 F11250 X30.974 Y83.79
G0 X29.762 Y84.463
G0 X29.945 Y84.889
G1 F2250 X9.414 Y105.42 E3152.26407
G0 F11250 X9.714 Y104.554
G1 F2250 X29.097 Y85.171 E3153.17579
G0 F11250 X28.39 Y85.312
G1 F2250 X10.014 Y103.689 E3154.04016
G0 F11250 X10.315 Y102.823
G1 F2250 X27.738 Y85.399 E3154.85971
G0 F11250 X27.168 Y85.403
G1 F2250 X10.615 Y101.956 E3155.63831
G0 F11250 X10.916 Y101.09
G1 F2250 X26.624 Y85.382 E3156.37717
G0 F11250 X26.132 Y85.308
G1 F2250 X11.216 Y100.224 E3157.07877
G0 F11250 X11.516 Y99.358
G1 F2250 X25.652 Y85.222 E3157.74369
G0 F11250 X25.215 Y85.094
G1 F2250 X11.816 Y98.492 E3158.37391
G0 F11250 X12.117 Y97.626
G1 F2250 X24.793 Y84.95 E3158.97015
G0 F11250 X24.393 Y84.784
G1 F2250 X12.418 Y96.76 E3159.53344
G0 F11250 X12.717 Y95.894
G1 F2250 X24.022 Y84.59 E3160.06517
G0 F11250 X23.65 Y84.396
G1 F2250 X13.018 Y95.028 E3160.56527
G0 F11250 X13.318 Y94.162
G1 F2250 X23.311 Y84.169 E3161.03531
G0 F11250 X22.987 Y83.927
G1 F2250 X13.619 Y93.296 E3161.47597
G0 F11250 X13.919 Y92.429
G1 F2250 X22.672 Y83.677 E3161.88766
G0 F11250 X22.383 Y83.4
G1 F2250 X14.219 Y91.564 E3162.27167
G0 F11250 X14.52 Y90.698
G1 F2250 X22.108 Y83.11 E3162.62859
G0 F11250 X21.844 Y82.808
G1 F2250 X14.82 Y89.832 E3162.95898
G0 F11250 X15.121 Y88.965
G1 F2250 X21.61 Y82.476 E3163.2642
G0 F11250 X21.381 Y82.14
G1 F2250 X15.421 Y88.1 E3163.54454
G0 F11250 X15.721 Y87.234
G1 F2250 X21.167 Y81.788 E3163.8007
G0 F11250 X20.985 Y81.404
G1 F2250 X16.022 Y86.367 E3164.03415
G0 F11250 X16.322 Y85.501
G1 F2250 X20.803 Y81.02 E3164.24492
G0 F11250 X20.659 Y80.599
G1 F2250 X16.622 Y84.636 E3164.43481
G0 F11250 X16.922 Y83.77
G1 F2250 X20.534 Y80.158 E3164.6047
G0 F11250 X20.426 Y79.7
G1 F2250 X17.223 Y82.903 E3164.75536
G0 F11250 X17.524 Y82.037
G1 F2250 X20.365 Y79.195 E3164.88902
G0 F11250 X20.319 Y78.676
G1 F2250 X17.824 Y81.171 E3165.00638
G0 F11250 X18.124 Y80.305
G1 F2250 X20.339 Y78.091 E3165.11054
G0 F11250 X20.385 Y77.478
G1 F2250 X18.424 Y79.439 E3165.20278
G0 F11250 X18.725 Y78.573
G1 F2250 X20.53 Y76.768 E3165.28768
G0 F11250 X20.802 Y75.931
G1 F2250 X19.025 Y77.707 E3165.37124
G0 F11250 X19.325 Y76.841
G1 F2250 X21.366 Y74.801 E3165.46722
G0 F11250 X21.763 Y75.033
G0 X19.757 Y74.5
G0 X19.794 Y74.093
G0 X20.227 Y74.243
G1 F2250 X41.294 Y53.176 E3166.45815
G0 F11250 X41.461 Y52.443
G1 F2250 X20.527 Y73.376 E3167.4428
G0 F11250 X20.827 Y72.511
G1 F2250 X41.629 Y51.709 E3168.42126
G0 F11250 X41.796 Y50.976
G1 F2250 X21.128 Y71.645 E3169.39344
G0 F11250 X21.428 Y70.779
G1 F2250 X41.964 Y50.243 E3170.35939
G0 F11250 X42.132 Y49.509
G1 F2250 X21.729 Y69.912 E3171.31909
G0 F11250 X22.028 Y69.047
G1 F2250 X42.299 Y48.776 E3172.27257
G0 F11250 X42.466 Y48.044
G1 F2250 X22.329 Y68.181 E3173.21975
G0 F11250 X22.63 Y67.314
G1 F2250 X42.634 Y47.31 E3174.16068
G0 F11250 X42.801 Y46.577
G1 F2250 X22.93 Y66.448 E3175.09535
G0 F11250 X23.23 Y65.583
G1 F2250 X42.969 Y45.844 E3176.02381
G0 F11250 X43.136 Y45.111
G1 F2250 X23.53 Y64.717 E3176.94602
G0 F11250 X23.831 Y63.85
G1 F2250 X43.304 Y44.377 E3177.86197
G0 F11250 X43.472 Y43.644
G1 F2250 X24.131 Y62.984 E3178.77169
G0 F11250 X24.432 Y62.118
G1 F2250 X43.639 Y42.911 E3179.67513
G0 F11250 X43.807 Y42.178
G1 F2250 X24.732 Y61.252 E3180.57233
G0 F11250 X25.032 Y60.386
G1 F2250 X43.974 Y41.444 E3181.46331
G0 F11250 X44.142 Y40.711
G1 F2250 X25.333 Y59.52 E3182.34802
G0 F11250 X25.633 Y58.654
G1 F2250 X44.309 Y39.978 E3183.22649
G0 F11250 X44.476 Y39.245
G1 F2250 X25.933 Y57.788 E3184.09869
G0 F11250 X26.234 Y56.922
G1 F2250 X44.644 Y38.512 E3184.96464
G0 F11250 X44.811 Y37.779
G1 F2250 X26.534 Y56.056 E3185.82434
G0 F11250 X26.835 Y55.19
G1 F2250 X44.979 Y37.045 E3186.6778
G0 F11250 X45.147 Y36.312
G1 F2250 X27.135 Y54.323 E3187.525
G0 F11250 X27.435 Y53.458
G1 F2250 X45.314 Y35.579 E3188.36598
G0 F11250 X45.482 Y34.846
G1 F2250 X27.736 Y52.592 E3189.20069
G0 F11250 X28.036 Y51.726
G1 F2250 X45.649 Y34.112 E3190.02918
G0 F11250 X45.817 Y33.379
G1 F2250 X28.337 Y50.859 E3190.85138
G0 F11250 X28.636 Y49.994
G1 F2250 X45.985 Y32.646 E3191.6674
G0 F11250 X46.151 Y31.913
G1 F2250 X28.937 Y49.128 E3192.47712
G0 F11250 X29.237 Y48.261
G1 F2250 X46.319 Y31.18 E3193.28058
G0 F11250 X46.487 Y30.447
G1 F2250 X29.538 Y47.395 E3194.07779
G0 F11250 X29.838 Y46.53
G1 F2250 X46.654 Y29.713 E3194.86879
G0 F11250 X46.822 Y28.98
G1 F2250 X30.138 Y45.664 E3195.65355
G0 F11250 X30.439 Y44.797
G1 F2250 X46.989 Y28.247 E3196.43201
G0 F11250 X47.157 Y27.514
G1 F2250 X30.739 Y43.931 E3197.20424
G0 F11250 X31.04 Y43.065
G1 F2250 X47.325 Y26.78 E3197.97024
G0 F11250 X47.432 Y26.107
G1 F2250 X31.34 Y42.199 E3198.72715
G0 F11250 X31.64 Y41.333
G1 F2250 X47.458 Y25.515 E3199.47118
G0 F11250 X47.419 Y24.989
G1 F2250 X31.941 Y40.467 E3200.19922
G0 F11250 X32.241 Y39.601
G1 F2250 X47.337 Y24.505 E3200.90929
G0 F11250 X47.224 Y24.052
G1 F2250 X32.541 Y38.735 E3201.59994
G0 F11250 X32.842 Y37.869
G1 F2250 X47.065 Y23.646 E3202.26894
G0 F11250 X46.883 Y23.262
G1 F2250 X33.142 Y37.003 E3202.91528
G0 F11250 X33.443 Y36.137
G1 F2250 X46.684 Y22.895 E3203.53812
G0 F11250 X46.445 Y22.569
G1 F2250 X33.743 Y35.27 E3204.13556
G0 F11250 X34.043 Y34.405
G1 F2250 X46.193 Y22.255 E3204.70705
G0 F11250 X45.917 Y21.965
G1 F2250 X34.343 Y33.539 E3205.25146
G0 F11250 X34.644 Y32.673
G1 F2250 X45.614 Y21.703 E3205.76745
G0 F11250 X45.298 Y21.453
G1 F2250 X34.945 Y31.806 E3206.25443
G0 F11250 X35.244 Y30.941
G1 F2250 X44.946 Y21.239 E3206.71078
G0 F11250 X44.575 Y21.044
G1 F2250 X35.545 Y30.075 E3207.13555
G0 F11250 X35.845 Y29.208
G1 F2250 X44.18 Y20.874 E3207.52758
G0 F11250 X43.745 Y20.743
G1 F2250 X36.146 Y28.342 E3207.88501
G0 F11250 X36.446 Y27.477
G1 F2250 X43.286 Y20.636 E3208.20677
G0 F11250 X42.786 Y20.571
G1 F2250 X36.746 Y26.611 E3208.49087
G0 F11250 X37.047 Y25.744
G1 F2250 X42.23 Y20.561 E3208.73466
G0 F11250 X41.596 Y20.629
G1 F2250 X37.347 Y24.878 E3208.93452
G0 F11250 X37.648 Y24.012
G1 F2250 X40.847 Y20.812 E3209.08502
G0 F11250 X40.679 Y20.387
G0 X39.564 Y20.911
G0 X39.785 Y21.309
G1 F2250 X38.172 Y22.922 E3209.16089
G1 F2700 E3204.16089
G0 F11250 X37.777 Y22.689
G0 X38.379 Y21.971
G0 X38.893 Y21.465
G0 X39.46 Y21.039
G0 X40.093 Y20.684
G0 X40.747 Y20.424
G0 X41.449 Y20.246
G0 X42.16 Y20.163
G0 X42.884 Y20.176
G0 X43.575 Y20.277
G0 X44.288 Y20.484
G0 X44.934 Y20.765
G0 X45.539 Y21.134
G0 X46.108 Y21.588
G0 X46.589 Y22.09
G0 X47.02 Y22.676
G0 X47.365 Y23.307
G0 X47.622 Y23.973
G0 X47.787 Y24.667
G0 X47.864 Y25.385
G0 X47.842 Y26.091
G0 X41.576 Y54.012
G1 F2700 E3209.16089
G0 F11250 X41.126 Y53.909
G1 F2250 X19.926 Y75.109 E3210.15807
G0 F11250 X19.626 Y75.975
G1 F2250 X40.958 Y54.642 E3211.16149
G0 F11250 X40.791 Y55.376
G1 F2250 X23.611 Y72.556 E3211.96958
G0 F11250 X23.858 Y72.946
G0 X24.925 Y72.412
G0 X24.745 Y71.987
G1 F2250 X40.624 Y56.108 E3212.71648
G0 F11250 X40.456 Y56.841
G1 F2250 X25.57 Y71.727 E3213.41667
G0 F11250 X26.288 Y71.575
G1 F2250 X40.289 Y57.575 E3214.07521
G0 F11250 X40.121 Y58.308
G1 F2250 X26.907 Y71.522 E3214.69676
G0 F11250 X27.485 Y71.51
G1 F2250 X39.954 Y59.041 E3215.28326
G0 F11250 X39.786 Y59.775
G1 F2250 X28.001 Y71.559 E3215.83757
G0 F11250 X28.507 Y71.619
G1 F2250 X39.618 Y60.508 E3216.3602
G0 F11250 X39.451 Y61.241
G1 F2250 X28.96 Y71.732 E3216.85366
G0 F11250 X29.412 Y71.846
G1 F2250 X39.283 Y61.974 E3217.31799
G0 F11250 X39.116 Y62.708
G1 F2250 X29.823 Y72 E3217.75508
G0 F11250 X30.223 Y72.166
G1 F2250 X38.948 Y63.441 E3218.16547
G0 F11250 X38.781 Y64.173
G1 F2250 X30.602 Y72.353 E3218.55021
G0 F11250 X30.95 Y72.57
G1 F2250 X38.614 Y64.907 E3218.91068
G0 F11250 X38.446 Y65.64
G1 F2250 X31.296 Y72.79 E3219.24699
G0 F11250 X31.618 Y73.034
G1 F2250 X38.279 Y66.373 E3219.56031
G0 F11250 X38.111 Y67.107
G1 F2250 X31.917 Y73.3 E3219.85163
G0 F11250 X32.214 Y73.569
G1 F2250 X37.943 Y67.84 E3220.1211
G0 F11250 X37.776 Y68.573
G1 F2250 X32.487 Y73.862 E3220.36988
G0 F11250 X32.739 Y74.176
G1 F2250 X37.608 Y69.306 E3220.59893
G0 F11250 X37.441 Y70.04
G1 F2250 X32.985 Y74.495 E3220.8085
G0 F11250 X33.201 Y74.844
G1 F2250 X37.273 Y70.773 E3221.00001
G0 F11250 X37.105 Y71.506
G1 F2250 X33.407 Y75.204 E3221.17396
G0 F11250 X33.602 Y75.575
G1 F2250 X36.939 Y72.239 E3221.33089
G0 F11250 X36.771 Y72.972
G1 F2250 X33.759 Y75.984 E3221.47257
G0 F11250 X33.914 Y76.394
G1 F2250 X36.603 Y73.705 E3221.59905
G0 F11250 X36.436 Y74.439
G1 F2250 X34.03 Y76.845 E3221.71222
G0 F11250 X34.126 Y77.314
G1 F2250 X36.268 Y75.172 E3221.81298
G0 F11250 X36.101 Y75.905
G1 F2250 X34.198 Y77.808 E3221.90249
G0 F11250 X34.216 Y78.355
G1 F2250 X35.933 Y76.638 E3221.98325
G0 F11250 X35.765 Y77.372
G1 F2250 X34.21 Y78.927 E3222.05639
G0 F11250 X34.129 Y79.574
G1 F2250 X35.598 Y78.105 E3222.12549
G0 F11250 X35.43 Y78.838
G1 F2250 X33.971 Y80.298 E3222.19414
G0 F11250 X33.675 Y81.159
G1 F2250 X35.263 Y79.571 E3222.26883
G0 F11250 X35.089 Y80.311
G1 F2250 X32.963 Y82.437 E3222.36883
G1 F2700 E3217.36883
G0 F11250 X32.586 Y82.177
G0 X30.785 Y84.03
G0 X33.285 Y85.272
G0 X27.6 Y96.905
G1 F2700 E3222.36883
G0 F11250 X27.186 Y96.699
G1 F2250 X19.354 Y104.532 E3222.73725
G0 F11250 X19.886 Y104.565
G1 F2250 X26.629 Y97.822 E3223.05442
G0 F11250 X27.043 Y98.028
G0 X26.485 Y99.151
G0 X26.071 Y98.945
G1 F2250 X20.343 Y104.674 E3223.32387
G0 F11250 X20.788 Y104.794
G1 F2250 X25.513 Y100.069 E3223.54612
G0 F11250 X25.927 Y100.275
G0 X25.369 Y101.399
G0 X24.955 Y101.193
G1 F2250 X21.234 Y104.914 E3223.72115
G0 F11250 X21.679 Y105.034
G1 F2250 X24.398 Y102.316 E3223.84902
G0 F11250 X24.812 Y102.522
G0 X24.254 Y103.645
G0 X23.84 Y103.439
G1 F2250 X22.125 Y105.155 E3223.92971
G0 F11250 X22.57 Y105.275
G1 F2250 X23.282 Y104.563 E3223.9632
G0 F11250 X23.965 Y104.902
;TIME_ELAPSED:3193.229261
G1 F2700 E3218.9632
M140 S0
M107
G91 ;Relative positioning
G1 E-2 F2700 ;Retract a bit
G1 E-2 Z0.2 F2400 ;Retract and raise Z
G1 X5 Y5 F3000 ;Wipe out
G1 Z10 ;Raise Z more
G90 ;Absolute positioning

G1 X0 Y220.0 ;Present print
M106 S0 ;Turn-off fan
M104 S0 ;Turn-off hotend
M140 S0 ;Turn-off bed

M84 X Y E ;Disable all steppers but Z

M82 ;absolute extrusion mode
M104 S0
;End of Gcode
;SETTING_3 {"global_quality": "[general]\\nversion = 4\\nname = Standard Quality
;SETTING_3  #2\\ndefinition = creality_ender3\\n\\n[metadata]\\ntype = quality_c
;SETTING_3 hanges\\nquality_type = standard\\nsetting_version = 23\\n\\n[values]
;SETTING_3 \\nadhesion_type = none\\n\\n", "extruder_quality": ["[general]\\nver
;SETTING_3 sion = 4\\nname = Standard Quality #2\\ndefinition = creality_ender3\
;SETTING_3 \n\\n[metadata]\\ntype = quality_changes\\nquality_type = standard\\n
;SETTING_3 setting_version = 23\\nposition = 0\\n\\n[values]\\nspeed_print = 75\
;SETTING_3 \nsupport_pattern = concentric\\nwall_line_count = 4\\n\\n"]}
